"section_code","section_name","division_code","division_name","group_code","group_name","category_code","category_name","activity_code","activity_name","description"
"A","الزراعة والحراجة وصيد الأسماك","01","أنشطة زراعة المحاصيل والإنتاج الحيواني والصيد والخدمات المتصلة","011","زراعة المحاصيل غير الدائمة","0111","زراعة الحبوب (باستثناء الأرز)، والمحاصيل البقولية والبذور الزيتية","011101","زراعة الحبوب ، يشمل ( القمح والشعير وحبوب الذرة الصفراء والبيضاء ..الخ )",
"A","الزراعة والحراجة وصيد الأسماك","01","أنشطة زراعة المحاصيل والإنتاج الحيواني والصيد والخدمات المتصلة","011","زراعة المحاصيل غير الدائمة","0111","زراعة الحبوب (باستثناء الأرز)، والمحاصيل البقولية والبذور الزيتية","011102","زراعة المحاصيل البقولية ، يشمل ( الفول والفاصوليا والحمص والبازلاء ... الخ )",
"A","الزراعة والحراجة وصيد الأسماك","01","أنشطة زراعة المحاصيل والإنتاج الحيواني والصيد والخدمات المتصلة","011","زراعة المحاصيل غير الدائمة","0111","زراعة الحبوب (باستثناء الأرز)، والمحاصيل البقولية والبذور الزيتية","011103","زراعة الحبوب (الحبوب)البذور الزيتية ، يشمل ( فول الصويا ، الفول السوداني ، بذور السمسم ... الخ )",
"A","الزراعة والحراجة وصيد الأسماك","01","أنشطة زراعة المحاصيل والإنتاج الحيواني والصيد والخدمات المتصلة","011","زراعة المحاصيل غير الدائمة","0112","زراعة الأرز","011200","زراعة الأرز",
"A","الزراعة والحراجة وصيد الأسماك","01","أنشطة زراعة المحاصيل والإنتاج الحيواني والصيد والخدمات المتصلة","011","زراعة المحاصيل غير الدائمة","0113","زراعة الخضار والبطيخيات والجذور والدرنات","011301","زراعة البطاطس والبطاطا الحلوة",
"A","الزراعة والحراجة وصيد الأسماك","01","أنشطة زراعة المحاصيل والإنتاج الحيواني والصيد والخدمات المتصلة","011","زراعة المحاصيل غير الدائمة","0113","زراعة الخضار والبطيخيات والجذور والدرنات","011302","زراعة البصل",
"A","الزراعة والحراجة وصيد الأسماك","01","أنشطة زراعة المحاصيل والإنتاج الحيواني والصيد والخدمات المتصلة","011","زراعة المحاصيل غير الدائمة","0113","زراعة الخضار والبطيخيات والجذور والدرنات","011303","زراعة الطماطم",
"A","الزراعة والحراجة وصيد الأسماك","01","أنشطة زراعة المحاصيل والإنتاج الحيواني والصيد والخدمات المتصلة","011","زراعة المحاصيل غير الدائمة","0113","زراعة الخضار والبطيخيات والجذور والدرنات","011304","زراعة الجزر",
"A","الزراعة والحراجة وصيد الأسماك","01","أنشطة زراعة المحاصيل والإنتاج الحيواني والصيد والخدمات المتصلة","011","زراعة المحاصيل غير الدائمة","0113","زراعة الخضار والبطيخيات والجذور والدرنات","011305","زراعة الثوم",
"A","الزراعة والحراجة وصيد الأسماك","01","أنشطة زراعة المحاصيل والإنتاج الحيواني والصيد والخدمات المتصلة","011","زراعة المحاصيل غير الدائمة","0113","زراعة الخضار والبطيخيات والجذور والدرنات","011306","زراعة الخضار في البيوت المحمية",
"A","الزراعة والحراجة وصيد الأسماك","01","أنشطة زراعة المحاصيل والإنتاج الحيواني والصيد والخدمات المتصلة","011","زراعة المحاصيل غير الدائمة","0113","زراعة الخضار والبطيخيات والجذور والدرنات","011307","زراعة خضار متنوعة مكشوفة",
"A","الزراعة والحراجة وصيد الأسماك","01","أنشطة زراعة المحاصيل والإنتاج الحيواني والصيد والخدمات المتصلة","011","زراعة المحاصيل غير الدائمة","0113","زراعة الخضار والبطيخيات والجذور والدرنات","011308","الزراعة المائية لإنتاج الخضار",
"A","الزراعة والحراجة وصيد الأسماك","01","أنشطة زراعة المحاصيل والإنتاج الحيواني والصيد والخدمات المتصلة","011","زراعة المحاصيل غير الدائمة","0113","زراعة الخضار والبطيخيات والجذور والدرنات","011311","زراعة الفطر",
"A","الزراعة والحراجة وصيد الأسماك","01","أنشطة زراعة المحاصيل والإنتاج الحيواني والصيد والخدمات المتصلة","011","زراعة المحاصيل غير الدائمة","0114","زراعة قصب السكر","011400","زراعة قصب السكر",
"A","الزراعة والحراجة وصيد الأسماك","01","أنشطة زراعة المحاصيل والإنتاج الحيواني والصيد والخدمات المتصلة","011","زراعة المحاصيل غير الدائمة","0116","زراعة محاصيل الألياف ، يشمل ( القطن ، الجوت والتيل ، الكتان...الخ )","011600","زراعة محاصيل الألياف ، يشمل ( القطن ، الجوت والتيل ، الكتان...الخ )",
"A","الزراعة والحراجة وصيد الأسماك","01","أنشطة زراعة المحاصيل والإنتاج الحيواني والصيد والخدمات المتصلة","011","زراعة المحاصيل غير الدائمة","0119","زراعة المحاصيل الأخرى غير الدائمة","011901","زراعة الأعلاف كالبرسيم وغيره من أعلاف الحيوانات",
"A","الزراعة والحراجة وصيد الأسماك","01","أنشطة زراعة المحاصيل والإنتاج الحيواني والصيد والخدمات المتصلة","011","زراعة المحاصيل غير الدائمة","0119","زراعة المحاصيل الأخرى غير الدائمة","011902","زراعة النباتات العطرية والزهور ( الأزهار وبراعم الازهار )",
"A","الزراعة والحراجة وصيد الأسماك","01","أنشطة زراعة المحاصيل والإنتاج الحيواني والصيد والخدمات المتصلة","011","زراعة المحاصيل غير الدائمة","0119","زراعة المحاصيل الأخرى غير الدائمة","011903","الزراعة المائية لإنتاج الورد",
"A","الزراعة والحراجة وصيد الأسماك","01","أنشطة زراعة المحاصيل والإنتاج الحيواني والصيد والخدمات المتصلة","012","زراعة المحاصيل الدائمة","0121","زراعة الأعناب","012100","زراعة الأعناب",
"A","الزراعة والحراجة وصيد الأسماك","01","أنشطة زراعة المحاصيل والإنتاج الحيواني والصيد والخدمات المتصلة","012","زراعة المحاصيل الدائمة","0122","زراعة الفواكه المدارية وشبه المدارية","012201","زراعة النخيل وإنتاج التمور",
"A","الزراعة والحراجة وصيد الأسماك","01","أنشطة زراعة المحاصيل والإنتاج الحيواني والصيد والخدمات المتصلة","012","زراعة المحاصيل الدائمة","0122","زراعة الفواكه المدارية وشبه المدارية","012202","زراعة التين",
"A","الزراعة والحراجة وصيد الأسماك","01","أنشطة زراعة المحاصيل والإنتاج الحيواني والصيد والخدمات المتصلة","012","زراعة المحاصيل الدائمة","0122","زراعة الفواكه المدارية وشبه المدارية","012203","زراعة المانجو",
"A","الزراعة والحراجة وصيد الأسماك","01","أنشطة زراعة المحاصيل والإنتاج الحيواني والصيد والخدمات المتصلة","012","زراعة المحاصيل الدائمة","0123","زراعة الحمضيات ( الموالح )","012300","زراعة الحمضيات ( الموالح )",
"A","الزراعة والحراجة وصيد الأسماك","01","أنشطة زراعة المحاصيل والإنتاج الحيواني والصيد والخدمات المتصلة","012","زراعة المحاصيل الدائمة","0124","زراعة الثمار التفاحية والثمار ذات النواة ، يشمل ( التفاح ، المشمش ، الكرز ، الخوخ ، الكمثرى ، البرقوق...الخ )","012400","زراعة الثمار التفاحية والثمار ذات النواة ، يشمل ( التفاح ، المشمش ، الكرز ، الخوخ ، الكمثرى ، البرقوق...الخ )",
"A","الزراعة والحراجة وصيد الأسماك","01","أنشطة زراعة المحاصيل والإنتاج الحيواني والصيد والخدمات المتصلة","012","زراعة المحاصيل الدائمة","0126","زراعة الثمار الزيتية","012601","زراعة الزيتون",
"A","الزراعة والحراجة وصيد الأسماك","01","أنشطة زراعة المحاصيل والإنتاج الحيواني والصيد والخدمات المتصلة","012","زراعة المحاصيل الدائمة","0127","زراعة محاصيل المشروبات ، يشمل ( القهوة ، الشاي ، المتة ، الكاكاو ... الخ )","012700","زراعة محاصيل المشروبات ، يشمل ( القهوة ، الشاي ، المتة ، الكاكاو ... الخ )",
"A","الزراعة والحراجة وصيد الأسماك","01","أنشطة زراعة المحاصيل والإنتاج الحيواني والصيد والخدمات المتصلة","012","زراعة المحاصيل الدائمة","0128","زراعة التوابل والمحاصيل العطرية ومحاصيل العقاقير والمحاصيل الصيدلانية","012800","زراعة التوابل والمحاصيل العطرية ومحاصيل العقاقير والمحاصيل الصيدلانية",
"A","الزراعة والحراجة وصيد الأسماك","01","أنشطة زراعة المحاصيل والإنتاج الحيواني والصيد والخدمات المتصلة","013","إكثار النباتات","0130","إكثار النباتات","013001","زراعة نباتات الزينة والشتلات (المشاتل)",
"A","الزراعة والحراجة وصيد الأسماك","01","أنشطة زراعة المحاصيل والإنتاج الحيواني والصيد والخدمات المتصلة","013","إكثار النباتات","0130","إكثار النباتات","013002","زراعة النباتات الحية لأغراض الغرس والتزيين ( نباتات الزينة )",
"A","الزراعة والحراجة وصيد الأسماك","01","أنشطة زراعة المحاصيل والإنتاج الحيواني والصيد والخدمات المتصلة","013","إكثار النباتات","0130","إكثار النباتات","013003","زراعة أنسجة وإكثار النباتات بما فيها النخيل","إنتاج الفسائل والشتلات باستخدام زراعة الأنسجة"
"A","الزراعة والحراجة وصيد الأسماك","01","أنشطة زراعة المحاصيل والإنتاج الحيواني والصيد والخدمات المتصلة","014","الإنتاج الحيواني","0141","تربية الماشية والجاموس","014101","تربية الأبقار","تربية الابقار لإنتاج اللحوم والحليب"
"A","الزراعة والحراجة وصيد الأسماك","01","أنشطة زراعة المحاصيل والإنتاج الحيواني والصيد والخدمات المتصلة","014","الإنتاج الحيواني","0141","تربية الماشية والجاموس","014102","تسمين العجول","تسمين العجول لإنتاج اللحوم"
"A","الزراعة والحراجة وصيد الأسماك","01","أنشطة زراعة المحاصيل والإنتاج الحيواني والصيد والخدمات المتصلة","014","الإنتاج الحيواني","0143","تربية الجمال والحيوانات الجملية","014300","تربية الجمال والحيوانات الجملية",
"A","الزراعة والحراجة وصيد الأسماك","01","أنشطة زراعة المحاصيل والإنتاج الحيواني والصيد والخدمات المتصلة","014","الإنتاج الحيواني","0144","تربية الضأن والماعز","014401","تربية الضأن","تربية الضأن لإنتاج اللحم والألبان"
"A","الزراعة والحراجة وصيد الأسماك","01","أنشطة زراعة المحاصيل والإنتاج الحيواني والصيد والخدمات المتصلة","014","الإنتاج الحيواني","0144","تربية الضأن والماعز","014402","تربية الماعز","تربية الماعز لإنتاج اللحم والألبان"
"A","الزراعة والحراجة وصيد الأسماك","01","أنشطة زراعة المحاصيل والإنتاج الحيواني والصيد والخدمات المتصلة","014","الإنتاج الحيواني","0146","تربية الدواجن","014611","تربية وإنتاج أمهات الدجاج اللاحم وتشغيل مفارخها","تربية صيصان الدجاج لإنتاج الدجاج اللاحم"
"A","الزراعة والحراجة وصيد الأسماك","01","أنشطة زراعة المحاصيل والإنتاج الحيواني والصيد والخدمات المتصلة","014","الإنتاج الحيواني","0146","تربية الدواجن","014612","تربية وإنتاج أمهات الدجاج البياض وتشغيل مفارخها","تربية الدجاج لإنتاج صوص بياض."
"A","الزراعة والحراجة وصيد الأسماك","01","أنشطة زراعة المحاصيل والإنتاج الحيواني والصيد والخدمات المتصلة","014","الإنتاج الحيواني","0146","تربية الدواجن","014613","تربية وإنتاج جدات أمهات الدجاج البياض وتشغيل مفارخها","تربية الدجاج لإنتاج أمهات بيض المائدة."
"A","الزراعة والحراجة وصيد الأسماك","01","أنشطة زراعة المحاصيل والإنتاج الحيواني والصيد والخدمات المتصلة","014","الإنتاج الحيواني","0146","تربية الدواجن","014614","تربية وإنتاج جدات أمهات الدجاج اللاحم وتشغيل مفارخها","تربية الدجاج لإنتاج أمهات دجاج لاحم."
"A","الزراعة والحراجة وصيد الأسماك","01","أنشطة زراعة المحاصيل والإنتاج الحيواني والصيد والخدمات المتصلة","014","الإنتاج الحيواني","0146","تربية الدواجن","014615","إنتاج البيض","تفقيس البيض المخصب لإنتاج صيصان الدجاج اللاحم والبياض"
"A","الزراعة والحراجة وصيد الأسماك","01","أنشطة زراعة المحاصيل والإنتاج الحيواني والصيد والخدمات المتصلة","014","الإنتاج الحيواني","0146","تربية الدواجن","014616","تربية الحمام","تربية الحمام لإنتاج اللحم"
"A","الزراعة والحراجة وصيد الأسماك","01","أنشطة زراعة المحاصيل والإنتاج الحيواني والصيد والخدمات المتصلة","014","الإنتاج الحيواني","0146","تربية الدواجن","014617","إنتاج الدجاج اللاحم","تربية أنواع الدجاج المختصة باللحم بغرض الاستفادة التجارية من إنتاج اللحم والأعضاء وبيعها كمنتج تجاري وبجميع صورها: 1-النظام المغلق. 2-النظام المفتوح. 3- الإنتاج العضوي"
"A","الزراعة والحراجة وصيد الأسماك","01","أنشطة زراعة المحاصيل والإنتاج الحيواني والصيد والخدمات المتصلة","014","الإنتاج الحيواني","0149","تربية الحيوانات الاخرى","014901","تربية النحل وأنتاج العسل ( المناحل )","تربية النحل في خلايا على أراضي مملوكة أو مؤجرة لإنتاج العسل (الموقع ثابت)"
"A","الزراعة والحراجة وصيد الأسماك","01","أنشطة زراعة المحاصيل والإنتاج الحيواني والصيد والخدمات المتصلة","014","الإنتاج الحيواني","0149","تربية الحيوانات الاخرى","014902","تربية النعام","تربية النعام لإنتاج اللحم والبيض"
"A","الزراعة والحراجة وصيد الأسماك","01","أنشطة زراعة المحاصيل والإنتاج الحيواني والصيد والخدمات المتصلة","014","الإنتاج الحيواني","0149","تربية الحيوانات الاخرى","014903","تربية الأرانب","تربية الأرانب لأنتاج اللحم"
"A","الزراعة والحراجة وصيد الأسماك","01","أنشطة زراعة المحاصيل والإنتاج الحيواني والصيد والخدمات المتصلة","014","الإنتاج الحيواني","0149","تربية الحيوانات الاخرى","014904","تربية واستيلاد الحيوانات الأليفة ، يشمل ( القطط ، الكلاب ، الطيور )",
"A","الزراعة والحراجة وصيد الأسماك","01","أنشطة زراعة المحاصيل والإنتاج الحيواني والصيد والخدمات المتصلة","014","الإنتاج الحيواني","0149","تربية الحيوانات الاخرى","014905","تربية السمان (الفري)","تريبة طيور السمان لإنتاج اللحم"
"A","الزراعة والحراجة وصيد الأسماك","01","أنشطة زراعة المحاصيل والإنتاج الحيواني والصيد والخدمات المتصلة","015","الزراعة المختلطة ( إنتاج مختلط بين المحاصيل والحيوانات بدون إنتاج متخصص في المحاصيل والحيوانات )","0150","الزراعة المختلطة ( إنتاج مختلط بين المحاصيل والحيوانات بدون إنتاج متخصص في المحاصيل والحيوانات )","015000","الزراعة المختلطة ( إنتاج مختلط بين المحاصيل والحيوانات بدون إنتاج متخصص في المحاصيل والحيوانات )",
"A","الزراعة والحراجة وصيد الأسماك","01","أنشطة زراعة المحاصيل والإنتاج الحيواني والصيد والخدمات المتصلة","016","أنشطة دعم زراعة وأنشطة المحاصيل بعد الحصاد","0161","أنشطة الدعم لإنتاج المحاصيل","016101","الخدمات الزراعية ، يشمل ( تهيئة الحقول , معالجة المحاصيل, الحصاد والخدمات الزراعية الأخرى )",
"A","الزراعة والحراجة وصيد الأسماك","01","أنشطة زراعة المحاصيل والإنتاج الحيواني والصيد والخدمات المتصلة","016","أنشطة دعم زراعة وأنشطة المحاصيل بعد الحصاد","0161","أنشطة الدعم لإنتاج المحاصيل","016102","تأجير المعدات الزراعية التي يشغلها عامل",
"A","الزراعة والحراجة وصيد الأسماك","01","أنشطة زراعة المحاصيل والإنتاج الحيواني والصيد والخدمات المتصلة","016","أنشطة دعم زراعة وأنشطة المحاصيل بعد الحصاد","0161","أنشطة الدعم لإنتاج المحاصيل","016103","مشروعات الري ( تشغيل نظم الري للمشروعات الزراعية )",
"A","الزراعة والحراجة وصيد الأسماك","01","أنشطة زراعة المحاصيل والإنتاج الحيواني والصيد والخدمات المتصلة","016","أنشطة دعم زراعة وأنشطة المحاصيل بعد الحصاد","0161","أنشطة الدعم لإنتاج المحاصيل","016104","تركيب البيوت الزراعية",
"A","الزراعة والحراجة وصيد الأسماك","01","أنشطة زراعة المحاصيل والإنتاج الحيواني والصيد والخدمات المتصلة","016","أنشطة دعم زراعة وأنشطة المحاصيل بعد الحصاد","0161","أنشطة الدعم لإنتاج المحاصيل","016105","أنشطة شركات توثيق المنتجات الزراعية العضوية","أعمال التفتيش على وحدات الإنتاج والمزارع العضوية للتحقق من تطبيقها معايير واشتراطات زراعة وتصنيع الاغذية العضوية، وعلى أثر ذلك يتم توثيق جميع المنتجات الغذائية التي تتوافق مع المعايير وإصدار شهادة توثيق لها تثبت صفتها العضوية."
"A","الزراعة والحراجة وصيد الأسماك","01","أنشطة زراعة المحاصيل والإنتاج الحيواني والصيد والخدمات المتصلة","016","أنشطة دعم زراعة وأنشطة المحاصيل بعد الحصاد","0161","أنشطة الدعم لإنتاج المحاصيل","016106","الرش الزراعي الجوي","توفير الخدمات الجوية المتخصصة لرش المبيدات الزراعية وما إلى ذلك"
"A","الزراعة والحراجة وصيد الأسماك","01","أنشطة زراعة المحاصيل والإنتاج الحيواني والصيد والخدمات المتصلة","016","أنشطة دعم زراعة وأنشطة المحاصيل بعد الحصاد","0162","أنشطة الدعم للإنتاج الحيواني","016200","أنشطة الدعم للإنتاج الحيواني",
"A","الزراعة والحراجة وصيد الأسماك","01","أنشطة زراعة المحاصيل والإنتاج الحيواني والصيد والخدمات المتصلة","016","أنشطة دعم زراعة وأنشطة المحاصيل بعد الحصاد","0163","أنشطة محاصيل بعد الحصاد","016300","أنشطة محاصيل بعد الحصاد",
"A","الزراعة والحراجة وصيد الأسماك","01","أنشطة زراعة المحاصيل والإنتاج الحيواني والصيد والخدمات المتصلة","016","أنشطة دعم زراعة وأنشطة المحاصيل بعد الحصاد","0164","معالجة البذور للتكاثر","016400","معالجة البذور للتكاثر",
"A","الزراعة والحراجة وصيد الأسماك","01","أنشطة زراعة المحاصيل والإنتاج الحيواني والصيد والخدمات المتصلة","017","الصيد والقنص وأنشطة الخدمات المتصلة","0170","الصيد والقنص وأنشطة الخدمات المتصلة","017000","الصيد والقنص وأنشطة الخدمات المتصلة",
"A","الزراعة والحراجة وصيد الأسماك","02","الحراجة وقطع الأخشاب","022","قطع الأشجار","0220","قطع الأشجار","022001","جمع وإنتاج الحطب",
"A","الزراعة والحراجة وصيد الأسماك","02","الحراجة وقطع الأخشاب","022","قطع الأشجار","0220","قطع الأشجار","022002","إنتاج الفحم في الأحراج (باستخدام الطرق التقليدية)",
"A","الزراعة والحراجة وصيد الأسماك","02","الحراجة وقطع الأخشاب","022","قطع الأشجار","0220","قطع الأشجار","022003","جمع وتقطيع المخلفات الشجرية","تقطيع الاخشاب و المخلفات الشجرية الناتجة عن اعمال تقليم وصيانة الأشجار والشجيرات لتحضير الحطب"
"A","الزراعة والحراجة وصيد الأسماك","02","الحراجة وقطع الأخشاب","023","جمع منتجات الأحراج غير الخشبية","0230","جمع منتجات الأحراج غير الخشبية","023001","جمع اللبان",
"A","الزراعة والحراجة وصيد الأسماك","02","الحراجة وقطع الأخشاب","023","جمع منتجات الأحراج غير الخشبية","0230","جمع منتجات الأحراج غير الخشبية","023002","جمع الفطر والكمأ",
"A","الزراعة والحراجة وصيد الأسماك","02","الحراجة وقطع الأخشاب","024","خدمات الدعم للحراجة","0240","خدمات الدعم للحراجة","024000","خدمات الدعم للحراجة",
"A","الزراعة والحراجة وصيد الأسماك","03","صيد الأسماك وتربية المائيات","031","صيد الأسماك","0311","صيد الأسماك البحرية","031111","صيد الأسماك البحرية",
"A","الزراعة والحراجة وصيد الأسماك","03","صيد الأسماك وتربية المائيات","031","صيد الأسماك","0311","صيد الأسماك البحرية","031112","صيد الأحياء البحرية في المياه الدولية","تقدّم هذه الخدمة للصيّادين الراغبين في الحصول على رخصة صيد أحياء بحرية لا تشمل الأسماك والربيان."
"A","الزراعة والحراجة وصيد الأسماك","03","صيد الأسماك وتربية المائيات","031","صيد الأسماك","0311","صيد الأسماك البحرية","031113","الصيد الراجل للأسماك",
"A","الزراعة والحراجة وصيد الأسماك","03","صيد الأسماك وتربية المائيات","031","صيد الأسماك","0311","صيد الأسماك البحرية","031114","صيد الأحياء البحرية ( للمستثمر )",
"A","الزراعة والحراجة وصيد الأسماك","03","صيد الأسماك وتربية المائيات","031","صيد الأسماك","0311","صيد الأسماك البحرية","031115","الصيد الحرفي للأسماك",
"A","الزراعة والحراجة وصيد الأسماك","03","صيد الأسماك وتربية المائيات","031","صيد الأسماك","0311","صيد الأسماك البحرية","031116","صيد الأحياء البحرية",
"A","الزراعة والحراجة وصيد الأسماك","03","صيد الأسماك وتربية المائيات","031","صيد الأسماك","0312","صيد أسماك المياه العذبة","031200","صيد أسماك المياه العذبة",
"A","الزراعة والحراجة وصيد الأسماك","03","صيد الأسماك وتربية المائيات","032","تربية المائيات","0321","تربية المائيات البحرية","032101","استزراع الأحياء المائية في المياه البحرية",
"A","الزراعة والحراجة وصيد الأسماك","03","صيد الأسماك وتربية المائيات","032","تربية المائيات","0321","تربية المائيات البحرية","032102","تشغيل أحواض تفريخ الأسماك في البحار",
"A","الزراعة والحراجة وصيد الأسماك","03","صيد الأسماك وتربية المائيات","032","تربية المائيات","0321","تربية المائيات البحرية","032103","استزراع الربيان في البحار",
"A","الزراعة والحراجة وصيد الأسماك","03","صيد الأسماك وتربية المائيات","032","تربية المائيات","0322","تربية المائيات في المياه العذبة","032201","استزراع الأحياء المائية في المياه العذبة",
"A","الزراعة والحراجة وصيد الأسماك","03","صيد الأسماك وتربية المائيات","032","تربية المائيات","0322","تربية المائيات في المياه العذبة","032202","تشغيل احواض تفريخ الاسماك في المياه العذبة",
"A","الزراعة والحراجة وصيد الأسماك","03","صيد الأسماك وتربية المائيات","032","تربية المائيات","0322","تربية المائيات في المياه العذبة","032203","استزراع الربيان في المياه العذبة",
"A","الزراعة والحراجة وصيد الأسماك","03","صيد الأسماك وتربية المائيات","032","تربية المائيات","0322","تربية المائيات في المياه العذبة","032204","تربية أسماك الزينة في المياه العذبة",
"B","التعدين واستغلال المحاجر","05","تعدين الفحم والليغنيت","051","تعدين الفحم القاسي ( الأنفراثيت )","0510","تعدين الفحم القاسي ( الأنفراثيت )","051001","تعدين الفحم الصلب",
"B","التعدين واستغلال المحاجر","05","تعدين الفحم والليغنيت","051","تعدين الفحم القاسي ( الأنفراثيت )","0510","تعدين الفحم القاسي ( الأنفراثيت )","051002","تنظيف وسحق وتحجيم وضغط الفحم",
"B","التعدين واستغلال المحاجر","05","تعدين الفحم والليغنيت","052","تعدين الليغنيت","0520","تعدين الليغنيت","052001","غسيل اللغنيت وتجفيفه وسحقه",
"B","التعدين واستغلال المحاجر","06","استخراج النفط الخام والغاز الطبيعي","061","استخراج النفط الخام","0610","استخراج النفط الخام","061000","استخراج النفط الخام",
"B","التعدين واستغلال المحاجر","06","استخراج النفط الخام والغاز الطبيعي","062","استخراج الغاز الطبيعي","0620","استخراج الغاز الطبيعي","062000","استخراج الغاز الطبيعي",
"B","التعدين واستغلال المحاجر","07","تعدين ركازات الفلزات","072","تعدين ركازات الفلزات غير الحديدية","0721","تعدين ركازات اليورانيوم والثوريوم","072100","تعدين ركازات اليورانيوم والثوريوم",
"B","التعدين واستغلال المحاجر","07","تعدين ركازات الفلزات","072","تعدين ركازات الفلزات غير الحديدية","0729","تعدين ركازات الفلزات غير الحديدية الأخرى","072901","تعدين خامات المعادن غير الحديدية ، يشمل ( الألمنيوم والنحاس والرصاص )",
"B","التعدين واستغلال المحاجر","07","تعدين ركازات الفلزات","072","تعدين ركازات الفلزات غير الحديدية","0729","تعدين ركازات الفلزات غير الحديدية الأخرى","072902","تعدين خامات المعادن الثمينة المنتمية الى مجموعة الذهب والفضة والبلاتين",
"B","التعدين واستغلال المحاجر","08","الأنشطة الأخرى للتعدين واستغلال المحاجر","081","استغلال المحاجر لاستخراج الأحجار والرمال والطّفل","0810","استغلال المحاجر لاستخراج الأحجار والرمال والطّفل","081001","تشغيل المحاجر",
"B","التعدين واستغلال المحاجر","08","الأنشطة الأخرى للتعدين واستغلال المحاجر","081","استغلال المحاجر لاستخراج الأحجار والرمال والطّفل","0810","استغلال المحاجر لاستخراج الأحجار والرمال والطّفل","081002","تعدين الجبس والانهيدريت",
"B","التعدين واستغلال المحاجر","08","الأنشطة الأخرى للتعدين واستغلال المحاجر","081","استغلال المحاجر لاستخراج الأحجار والرمال والطّفل","0810","استغلال المحاجر لاستخراج الأحجار والرمال والطّفل","081003","تشغيل مناجم الرمال أو الحصباء ، يشمل ( الكسارات )",
"B","التعدين واستغلال المحاجر","08","الأنشطة الأخرى للتعدين واستغلال المحاجر","089","أنشطة التعدين واستغلال المحاجر غير المصنّفة في موضع آخر","0891","تعدين المعادن الكيميائية و معادن الأسمدة","089101","استخراج الاسمدة الطبيعية ، يشمل ( الفوسفات الطبيعي وأملاح البوتاسيوم الطبيعية )",
"B","التعدين واستغلال المحاجر","08","الأنشطة الأخرى للتعدين واستغلال المحاجر","089","أنشطة التعدين واستغلال المحاجر غير المصنّفة في موضع آخر","0891","تعدين المعادن الكيميائية و معادن الأسمدة","089102","تعدين المعادن المحتوية على النتروجين والبوتاسيوم",
"B","التعدين واستغلال المحاجر","08","الأنشطة الأخرى للتعدين واستغلال المحاجر","089","أنشطة التعدين واستغلال المحاجر غير المصنّفة في موضع آخر","0891","تعدين المعادن الكيميائية و معادن الأسمدة","089103","تعدين الكبريت والخامات المحتوية على الباريوم",
"B","التعدين واستغلال المحاجر","08","الأنشطة الأخرى للتعدين واستغلال المحاجر","089","أنشطة التعدين واستغلال المحاجر غير المصنّفة في موضع آخر","0892","استخراج الخث ( أحد أنواع الفحم يتكون من نباتات متفحمة في باطن الأرض )","089200","استخراج الخث ( أحد أنواع الفحم يتكون من نباتات متفحمة في باطن الأرض )",
"B","التعدين واستغلال المحاجر","08","الأنشطة الأخرى للتعدين واستغلال المحاجر","089","أنشطة التعدين واستغلال المحاجر غير المصنّفة في موضع آخر","0893","استخراج الملح","089300","استخراج الملح",
"B","التعدين واستغلال المحاجر","08","الأنشطة الأخرى للتعدين واستغلال المحاجر","089","أنشطة التعدين واستغلال المحاجر غير المصنّفة في موضع آخر","0899","أنشطة التعدين واستغلال المحاجر الأخرى غير المصنّفة في موضع آخر","089901","التعدين باستغلال المحاجر للحصول على الاسفلت والقار والبيوتمين الصلب الطبيعي",
"B","التعدين واستغلال المحاجر","08","الأنشطة الأخرى للتعدين واستغلال المحاجر","089","أنشطة التعدين واستغلال المحاجر غير المصنّفة في موضع آخر","0899","أنشطة التعدين واستغلال المحاجر الأخرى غير المصنّفة في موضع آخر","089902","التعدين باستغلال المحاجر للحصول على الاحجار الكريمة، الكوارتز ، الميكا.",
"B","التعدين واستغلال المحاجر","09","أنشطة خدمات دعم التعدين","091","أنشطة الدعم لاستخراج النفط والغاز الطبيعي","0910","أنشطة الدعم لاستخراج النفط والغاز الطبيعي","091001","حفر آبار النفط",
"B","التعدين واستغلال المحاجر","09","أنشطة خدمات دعم التعدين","091","أنشطة الدعم لاستخراج النفط والغاز الطبيعي","0910","أنشطة الدعم لاستخراج النفط والغاز الطبيعي","091002","حفر آبار الغاز الطبيعي",
"B","التعدين واستغلال المحاجر","09","أنشطة خدمات دعم التعدين","091","أنشطة الدعم لاستخراج النفط والغاز الطبيعي","0910","أنشطة الدعم لاستخراج النفط والغاز الطبيعي","091003","الخدمات المتصلة باستخراج النفط باستثناء خدمات المسح",
"B","التعدين واستغلال المحاجر","09","أنشطة خدمات دعم التعدين","091","أنشطة الدعم لاستخراج النفط والغاز الطبيعي","0910","أنشطة الدعم لاستخراج النفط والغاز الطبيعي","091004","الخدمات المتصلة باستخراج الغاز الطبيعي باستثناء خدمات المسح",
"B","التعدين واستغلال المحاجر","09","أنشطة خدمات دعم التعدين","099","أنشطة دعم الأعمال الأخرى للتعدين واستغلال المحاجر","0990","أنشطة دعم الأعمال الأخرى للتعدين واستغلال المحاجر","099011","الحفر الاختباري المتعلق بالاستكشافات المعدنية والفلزات الثمينة",
"C","الصناعة التحويلية","10","صُنع المنتجات الغذائية","101","تجهيز وحفظ اللحوم","1010","تجهيز وحفظ اللحوم","101011","تشغيل المجازر ( ذبح وتهيئة لحوم المواشي )",
"C","الصناعة التحويلية","10","صُنع المنتجات الغذائية","101","تجهيز وحفظ اللحوم","1010","تجهيز وحفظ اللحوم","101012","تشغيل المجازر ( ذبح وتهيئة لحوم الدواجن والأرانب والطيور )",
"C","الصناعة التحويلية","10","صُنع المنتجات الغذائية","101","تجهيز وحفظ اللحوم","1010","تجهيز وحفظ اللحوم","101021","انتاج أنواع لحوم الدواجن والأرانب والطيور الطازجة",
"C","الصناعة التحويلية","10","صُنع المنتجات الغذائية","101","تجهيز وحفظ اللحوم","1010","تجهيز وحفظ اللحوم","101022","انتاج أنواع الدواجن والأرانب والطيور المبردة والمجمدة",
"C","الصناعة التحويلية","10","صُنع المنتجات الغذائية","101","تجهيز وحفظ اللحوم","1010","تجهيز وحفظ اللحوم","101030","ذبح وتهيئة حيوانات الصيد ، يشمل ( الحيتان المجهزة لحومها على البر أو على ظهر السفن )",
"C","الصناعة التحويلية","10","صُنع المنتجات الغذائية","101","تجهيز وحفظ اللحوم","1010","تجهيز وحفظ اللحوم","101041","انتاج اللحوم الطازجة",
"C","الصناعة التحويلية","10","صُنع المنتجات الغذائية","101","تجهيز وحفظ اللحوم","1010","تجهيز وحفظ اللحوم","101042","انتاج اللحوم المبردة والمجمدة","لحوم كاملة او مقطعة تحفظ بالتبريد الى درجة حراره 1س والمجمده الى درجة حرارة -18س"
"C","الصناعة التحويلية","10","صُنع المنتجات الغذائية","101","تجهيز وحفظ اللحوم","1010","تجهيز وحفظ اللحوم","101043","حفظ وإعداد اللحوم ومنتجاتها بمختلف الطرق كالتجفيف والتعليب","لحوم خالية من العظام والغضاريف والانسجة الرابطة ومعباة في عبوات مناسبة"
"C","الصناعة التحويلية","10","صُنع المنتجات الغذائية","101","تجهيز وحفظ اللحوم","1010","تجهيز وحفظ اللحوم","101044","تقطيع وتجهيز وتعبئة وتغليف اللحوم والدواجن","المحلات التي تقوم بتقديم خدمة تقطيع وتجهيز وتبعئة وتغليف اللحوم والدواجن بكافة أنواعها (الطازجة المبردة والمجمدة)"
"C","الصناعة التحويلية","10","صُنع المنتجات الغذائية","101","تجهيز وحفظ اللحوم","1010","تجهيز وحفظ اللحوم","101051","انتاج السجق (النقانق ) والهامبورجر من اللحوم","لحم مفروم معالج خال من العظم ناتج من لحوم البقر والضأن ويخلط مع مكونات أخرى مثل البهارات"
"C","الصناعة التحويلية","10","صُنع المنتجات الغذائية","101","تجهيز وحفظ اللحوم","1010","تجهيز وحفظ اللحوم","101052","انتاج الدقيق والسميد من اللحوم","مسحوق ينتج من الحبوب مثل القمح او الذرة او الشعير"
"C","الصناعة التحويلية","10","صُنع المنتجات الغذائية","101","تجهيز وحفظ اللحوم","1010","تجهيز وحفظ اللحوم","101053","انتاج المرتديلا من اللحوم","لحم مفروم معالج خال من العظم ناتج من لحوم البقر والضأن والماعز والجمال ."
"C","الصناعة التحويلية","10","صُنع المنتجات الغذائية","101","تجهيز وحفظ اللحوم","1010","تجهيز وحفظ اللحوم","101054","تهيئة وحفظ الرؤوس والكوارع","تقطيعها الى اجزاء وتحفظ في عبوات مناسبة"
"C","الصناعة التحويلية","10","صُنع المنتجات الغذائية","101","تجهيز وحفظ اللحوم","1010","تجهيز وحفظ اللحوم","101060","صناعة الدهون الحيوانية الصالحة للأكل","الشحوم المستهلكة كماهي او المستخدمة في التصنيع الغذائي ولاتشمل الدواجن والاسماك"
"C","الصناعة التحويلية","10","صُنع المنتجات الغذائية","101","تجهيز وحفظ اللحوم","1010","تجهيز وحفظ اللحوم","101070","إعداد الجلود الخام والصوف المندوف",
"C","الصناعة التحويلية","10","صُنع المنتجات الغذائية","102","تجهيز وحفظ السمك والقشريات والرخويات","1020","تجهيز وحفظ السمك والقشريات والرخويات","102010","حفظ الأسماك والمنتجات السمكية بواسطة التعليب","سمك مصنع بطريقة حرارية تمنع كافة الجراثيم ومعبا في عبوات محكمة القفل"
"C","الصناعة التحويلية","10","صُنع المنتجات الغذائية","102","تجهيز وحفظ السمك والقشريات والرخويات","1020","تجهيز وحفظ السمك والقشريات والرخويات","102020","حفظ الأسماك والمنتجات السمكية بواسطة التجفيف أو التدخين أو التمليح","سمك طازج او مجمد تم تجهيزه وحفظه بواسطة التدخين او التجفيف او التلميح"
"C","الصناعة التحويلية","10","صُنع المنتجات الغذائية","102","تجهيز وحفظ السمك والقشريات والرخويات","1020","تجهيز وحفظ السمك والقشريات والرخويات","102030","حفظ الأسماك والمنتجات السمكية بواسطة التبريد أو التجميد","سمك تم تجهيزه وحفظه بواسطة التبريد على درجة 1س او تجميده على درجة -18س"
"C","الصناعة التحويلية","10","صُنع المنتجات الغذائية","102","تجهيز وحفظ السمك والقشريات والرخويات","1020","تجهيز وحفظ السمك والقشريات والرخويات","102040","انتاج شرائح السمك والبطارخ الطازجة والمجمدة","تقطيع السمك ويسوق طازج او يحفظ بالتجميد"
"C","الصناعة التحويلية","10","صُنع المنتجات الغذائية","102","تجهيز وحفظ السمك والقشريات والرخويات","1020","تجهيز وحفظ السمك والقشريات والرخويات","102050","انتاج الكافيار وبدائله","تعبئة وحفظ الكافيار وهو البيض المعزول من مبايض إناث الأسماك بعملية الغربلة ومملح أو الكافيار الصناعي والمقصود به يصنع من البروتينات والدهون والمنكهات ومصبوغ بالوان مسموح بها ."
"C","الصناعة التحويلية","10","صُنع المنتجات الغذائية","102","تجهيز وحفظ السمك والقشريات والرخويات","1020","تجهيز وحفظ السمك والقشريات والرخويات","102061","صناعة منتجات الأسماك للاستخدام البشري","المقصود بها انتاج منتجات مكونها الرئيسي السمك مثل قطع السمك المقلية والمحفوظة بالتجميد او شرائح السمك الطازج والمبرد"
"C","الصناعة التحويلية","10","صُنع المنتجات الغذائية","102","تجهيز وحفظ السمك والقشريات والرخويات","1020","تجهيز وحفظ السمك والقشريات والرخويات","102062","صناعة منتجات الأسماك كغذاء للحيوان ( أعلاف )","مسحوق سمك يتم الحصول عليه من تجفيف وطحن نوع او اكثر من الاسماك او اجزائها"
"C","الصناعة التحويلية","10","صُنع المنتجات الغذائية","102","تجهيز وحفظ السمك والقشريات والرخويات","1020","تجهيز وحفظ السمك والقشريات والرخويات","102070","تصنيع وتجهيز الأسماك والأحياء المائية على السفن المتخصصة",
"C","الصناعة التحويلية","10","صُنع المنتجات الغذائية","102","تجهيز وحفظ السمك والقشريات والرخويات","1020","تجهيز وحفظ السمك والقشريات والرخويات","102080","تقطيع وتنظيف الأسماك والأحياء المائية","شرائح غير منتظمة الشكل والحجم منزوعة الجلد والعظام انتزعت من اسماك طازجة او مجمدة"
"C","الصناعة التحويلية","10","صُنع المنتجات الغذائية","103","تجهيز وحفظ الفاكهة والخضر","1030","تجهيز وحفظ الفاكهة والخضر","103011","انتاج مساحيق الفواكه كالبرتقال والليمون وغيرها من مساحيق العصائر","تجفيف وطحن الفواكه"
"C","الصناعة التحويلية","10","صُنع المنتجات الغذائية","103","تجهيز وحفظ الفاكهة والخضر","1030","تجهيز وحفظ الفاكهة والخضر","103012","انتاج عصائر الفواكه","عصير معد للاستهلاك المباشر ، مستخرج من صنف أو أكثر من ثمار مكتملة النضج"
"C","الصناعة التحويلية","10","صُنع المنتجات الغذائية","103","تجهيز وحفظ الفاكهة والخضر","1030","تجهيز وحفظ الفاكهة والخضر","103013","انتاج الفواكه المجففة او المعلبة في السوائل السكرية المركزة","تجفيف الفواكه وتعليبها في عبوات مناسبة وحفظها في سوائل سكرية مركزة"
"C","الصناعة التحويلية","10","صُنع المنتجات الغذائية","103","تجهيز وحفظ الفاكهة والخضر","1030","تجهيز وحفظ الفاكهة والخضر","103014","تقطيع وتعبئة وتغليف الفواكه والخضار",
"C","الصناعة التحويلية","10","صُنع المنتجات الغذائية","103","تجهيز وحفظ الفاكهة والخضر","1030","تجهيز وحفظ الفاكهة والخضر","103021","تعبئة وحفظ البقوليات (المطبوخة وغير المطبوخة) بالتعليب","تعبئة وحفظ وتغليف ( العدس و الفول والحمص والبازلاء والفاصوليا )"
"C","الصناعة التحويلية","10","صُنع المنتجات الغذائية","103","تجهيز وحفظ الفاكهة والخضر","1030","تجهيز وحفظ الفاكهة والخضر","103022","انتاج مساحيق الخضروات ، يشمل ( مساحيق البازيلا والفول ...الخ )","تجفيف وطحن الخضار"
"C","الصناعة التحويلية","10","صُنع المنتجات الغذائية","103","تجهيز وحفظ الفاكهة والخضر","1030","تجهيز وحفظ الفاكهة والخضر","103023","صناعة المنتجات الغذائية المصنعة من البطاطس ، يشمل ( رقائق البطاطس)","هي المنتجات المصنعة من البطاطس بعد تنظيفه وتقطيعه"
"C","الصناعة التحويلية","10","صُنع المنتجات الغذائية","103","تجهيز وحفظ الفاكهة والخضر","1030","تجهيز وحفظ الفاكهة والخضر","103024","صناعة الدقيق والسميد المستخلص من البطاطس","انتاج الدقيق والسميد المستخلص من البطاطس"
"C","الصناعة التحويلية","10","صُنع المنتجات الغذائية","103","تجهيز وحفظ الفاكهة والخضر","1030","تجهيز وحفظ الفاكهة والخضر","103025","صناعة الوجبات المجهزة من الخضروات","انتاج الوجبات التي يكون مكونها الاساسي الخضروات"
"C","الصناعة التحويلية","10","صُنع المنتجات الغذائية","103","تجهيز وحفظ الفاكهة والخضر","1030","تجهيز وحفظ الفاكهة والخضر","103031","تبريد وتجميد الفواكه",
"C","الصناعة التحويلية","10","صُنع المنتجات الغذائية","103","تجهيز وحفظ الفاكهة والخضر","1030","تجهيز وحفظ الفاكهة والخضر","103032","تبريد وتجميد والخضراوات",
"C","الصناعة التحويلية","10","صُنع المنتجات الغذائية","103","تجهيز وحفظ الفاكهة والخضر","1030","تجهيز وحفظ الفاكهة والخضر","103041","تجفيف وتعبئة التمور وصناعة منتجاتها","تعبئة وتغليف وحفظ التمور"
"C","الصناعة التحويلية","10","صُنع المنتجات الغذائية","103","تجهيز وحفظ الفاكهة والخضر","1030","تجهيز وحفظ الفاكهة والخضر","103042","تجفيف وتعبئة العنب والتين وصناعة منتجاتها","تعبئة وتغليف وتجفيف وحفظ العنب والتين"
"C","الصناعة التحويلية","10","صُنع المنتجات الغذائية","103","تجهيز وحفظ الفاكهة والخضر","1030","تجهيز وحفظ الفاكهة والخضر","103050","صناعة صلصة الطماطم","انتاج الصلصة من طماطم سليمة وناضجة نظيفة"
"C","الصناعة التحويلية","10","صُنع المنتجات الغذائية","103","تجهيز وحفظ الفاكهة والخضر","1030","تجهيز وحفظ الفاكهة والخضر","103061","تحميص وتعبئة المكسرات",
"C","الصناعة التحويلية","10","صُنع المنتجات الغذائية","103","تجهيز وحفظ الفاكهة والخضر","1030","تجهيز وحفظ الفاكهة والخضر","103062","صناعة زبدة المكسرات","استخلاص الزيت والزبدة من المكسرات مثل زبدة الفول السوداني"
"C","الصناعة التحويلية","10","صُنع المنتجات الغذائية","103","تجهيز وحفظ الفاكهة والخضر","1030","تجهيز وحفظ الفاكهة والخضر","103070","صناعة المربى والهلاميات","منتجات محضرة من نوع واحد أو نوعين أو أكثر من ثمار مناسبة طازجة أومجمدة أو معلبة أو مجففة على صورة أجزاء أو لب أو هريس والمخلوط بمحلي كربوهيدراتي ومعامل بالحرارة للحصول على قوام وتركيز مناسبين ، وقد يضاف عصر فاكهة مركز أو بكتين أو ماء أو واحد أو أكثر"
"C","الصناعة التحويلية","10","صُنع المنتجات الغذائية","103","تجهيز وحفظ الفاكهة والخضر","1030","تجهيز وحفظ الفاكهة والخضر","103080","صناعة المخللات والطرشي (التخليل)","معالجة الخضروات بالملح والخل"
"C","الصناعة التحويلية","10","صُنع المنتجات الغذائية","104","صُنع الزيوت والدهون النباتية والحيوانية","1040","صُنع الزيوت والدهون النباتية والحيوانية","104011","انتاج وتكرير زيت الزيتون","استخلاص زيت الزيتون عن طريق التحميص والتجفيف والعصر"
"C","الصناعة التحويلية","10","صُنع المنتجات الغذائية","104","صُنع الزيوت والدهون النباتية والحيوانية","1040","صُنع الزيوت والدهون النباتية والحيوانية","104012","انتاج وتكرير زيت السمسم","استخلاص زيت السمسم عن طريق التحميص والتجفيف والعصر"
"C","الصناعة التحويلية","10","صُنع المنتجات الغذائية","104","صُنع الزيوت والدهون النباتية والحيوانية","1040","صُنع الزيوت والدهون النباتية والحيوانية","104013","انتاج وتكرير زيت دوار الشمس","استخلاص زيت دوار الشمس عن طريق التحميص والتجفيف والعصر"
"C","الصناعة التحويلية","10","صُنع المنتجات الغذائية","104","صُنع الزيوت والدهون النباتية والحيوانية","1040","صُنع الزيوت والدهون النباتية والحيوانية","104014","انتاج وتكرير المارغرين","استخلاص الزيت عن طريق التحميص والتجفيف والعصر"
"C","الصناعة التحويلية","10","صُنع المنتجات الغذائية","104","صُنع الزيوت والدهون النباتية والحيوانية","1040","صُنع الزيوت والدهون النباتية والحيوانية","104015","انتاج وتكرير زيت النخيل","زيت النخيل : .Elaeis guineensis زيت مستخرج من اللب الحمي لثمرة نخيل الزيت ، مع الاخذ بالاعتبار اللوائح الفنية الخاصة بالمنتج"
"C","الصناعة التحويلية","10","صُنع المنتجات الغذائية","104","صُنع الزيوت والدهون النباتية والحيوانية","1040","صُنع الزيوت والدهون النباتية والحيوانية","104016","انتاج وتكرير زيت فول الصويا","زيت فول الصويا : Glycine max L Merr . زيت مستخرج من بذور فول الصويا ، مع الاخذ بالاعتبار اللوائح الفنية الخاصة بالمنتج"
"C","الصناعة التحويلية","10","صُنع المنتجات الغذائية","104","صُنع الزيوت والدهون النباتية والحيوانية","1040","صُنع الزيوت والدهون النباتية والحيوانية","104020","استخلاص وتكرير الدهون الحيوانية","استخلاص وتكرير الزيوت الحيوانية وتشمل كل من الزبدة ،السمن"
"C","الصناعة التحويلية","10","صُنع المنتجات الغذائية","104","صُنع الزيوت والدهون النباتية والحيوانية","1040","صُنع الزيوت والدهون النباتية والحيوانية","104030","استخلاص وتكرير الزيوت من الأسماك والأحياء البحرية","استخلاص وتكرير الزيت من الاسماك والاحياء البحرية"
"C","الصناعة التحويلية","10","صُنع المنتجات الغذائية","105","صُنعٍ منتجات الألبان","1050","صُنعٍ منتجات الألبان","105010","انتاج الحليب السائل الطازج واللبن الطازج","انتاج الحليب واللبن من الابقار والماعز والضان والابل"
"C","الصناعة التحويلية","10","صُنع المنتجات الغذائية","105","صُنعٍ منتجات الألبان","1050","صُنعٍ منتجات الألبان","105021","انتاج القشدة","منتج حليب غني نسبيًا بالدهن يفصل من الحليب على هيئة مستحلب دهني في الحليب الفرز ، أو مصنعة من القشدة المجففة أو القشدة المعاد تكوينها من مشتقات الحليب المجفف. ويمكن تعديل التركيب النهائي للمنتج باضافة قشدة عالية الدسم أو حليب كامل الدسم ، أو حليب فرز ، وقد تكون القشدة مخفوقة بالهواء أو أي غاز آخر مناسب أو قد تكون مجففة أو مركزة (مسحوق القشدة) بإزالة الماء منها ."
"C","الصناعة التحويلية","10","صُنع المنتجات الغذائية","105","صُنعٍ منتجات الألبان","1050","صُنعٍ منتجات الألبان","105022","انتاج الزبدة أو السمن ، يشمل ( السمن الحيواني المشتق من الحليب بكافة أنواعه )","اانتاج الزبدة او السمن المحضرة من الحليب، القشدة أو المتحصل عليها من حيوانات المزرعة (بقر – جاموس – ضأن – ماعز – إبل) ."
"C","الصناعة التحويلية","10","صُنع المنتجات الغذائية","105","صُنعٍ منتجات الألبان","1050","صُنعٍ منتجات الألبان","105031","انتاج الجبن الأبيض","انتاج الجبن الأبيض بأنواعه المختلفة مثل جبن الفيتا والدمياطي والمعدل بالزيوت النباتية"
"C","الصناعة التحويلية","10","صُنع المنتجات الغذائية","105","صُنعٍ منتجات الألبان","1050","صُنعٍ منتجات الألبان","105032","انتاج الجبن المطبوخ","انتاج الجبن المطبوخ وجميع المنتجات المصنعة منه (الجبن المطبوخ، الجبن المطبوخ القابل للدهن، جبن الغذاء المطبوخ ومستحضرات الجبن المطبوخة الأخرى)"
"C","الصناعة التحويلية","10","صُنع المنتجات الغذائية","105","صُنعٍ منتجات الألبان","1050","صُنعٍ منتجات الألبان","105041","صناعة الحليب المجفف (البودرة)","انتاج بودة الحليب"
"C","الصناعة التحويلية","10","صُنع المنتجات الغذائية","105","صُنعٍ منتجات الألبان","1050","صُنعٍ منتجات الألبان","105042","صناعة الحليب المكثف","هو منتج من منتجات الحليب ويتم الحصول عليه عن طريق الإ ا زلة الجزئية للمياه من الحليب مع إضافة السكر أو بأي عملية أخرى تؤدي إلى منتج له نفس التركيب والخصائص. ويمكن أن يتم تعديل محتوى الدسم و/أو البروتينات في الحليب فقط للاتساق مع متطلبات التركيب الواردة في البند 4 من هذه المواصفة من خلال إضافة و/أو سحب مكونات الحليب بطريقة لا تغير من نسبة بروتين الشرش إلى الكازين في الحليب الذي تم تعديله."
"C","الصناعة التحويلية","10","صُنع المنتجات الغذائية","105","صُنعٍ منتجات الألبان","1050","صُنعٍ منتجات الألبان","105050","صناعة المثلجات (البوظة أوالأيسكريم)","صناعة المثلجات والايسكريم"
"C","الصناعة التحويلية","10","صُنع المنتجات الغذائية","105","صُنعٍ منتجات الألبان","1050","صُنعٍ منتجات الألبان","105061","انتاج مصل اللبن المركز والجاف","من منتجات الحليب السائلة الذي يتم الحصول عليها اثناء تصنيع الجبن أو الكازين او ما يماثلهما من منتجات من خلال فصله من خثرة الحليب و/او المنتجات التي يمكن الحصول عليها من الحليب،"
"C","الصناعة التحويلية","10","صُنع المنتجات الغذائية","105","صُنعٍ منتجات الألبان","1050","صُنعٍ منتجات الألبان","105062","انتاج الجبنين (كازين) وسكر الحليب (لاكتوز)","مصانع الالبان والاجبان"
"C","الصناعة التحويلية","10","صُنع المنتجات الغذائية","105","صُنعٍ منتجات الألبان","1050","صُنعٍ منتجات الألبان","105070","انتاج اللبن الزبادي والروب واللبنة","مصانع البان لانتاج اللبن الزبادي والروب واللبنة"
"C","الصناعة التحويلية","10","صُنع المنتجات الغذائية","106","صُنع منتجات طواحين الحبوب والنشاء ومنتجات النشاء","1061","صُنع منتجات طواحين الحبوب","106111","تعبئة وطحن القمح",
"C","الصناعة التحويلية","10","صُنع المنتجات الغذائية","106","صُنع منتجات طواحين الحبوب والنشاء ومنتجات النشاء","1061","صُنع منتجات طواحين الحبوب","106112","تعبئة وطحن الذرة",
"C","الصناعة التحويلية","10","صُنع المنتجات الغذائية","106","صُنع منتجات طواحين الحبوب والنشاء ومنتجات النشاء","1061","صُنع منتجات طواحين الحبوب","106113","تعبئة وطحن الشعير",
"C","الصناعة التحويلية","10","صُنع المنتجات الغذائية","106","صُنع منتجات طواحين الحبوب والنشاء ومنتجات النشاء","1061","صُنع منتجات طواحين الحبوب","106114","تعبئة وطحن الجريش والسميد والبرغل",
"C","الصناعة التحويلية","10","صُنع المنتجات الغذائية","106","صُنع منتجات طواحين الحبوب والنشاء ومنتجات النشاء","1061","صُنع منتجات طواحين الحبوب","106115","انتاج الشوفان","رقائق الشوفان المنتجة بواسطة ضغط وفرد جريش الشوفان والمعد للاستهلاك الادمي"
"C","الصناعة التحويلية","10","صُنع المنتجات الغذائية","106","صُنع منتجات طواحين الحبوب والنشاء ومنتجات النشاء","1061","صُنع منتجات طواحين الحبوب","106116","مطاحن الحبوب","المحلات تقوم بطحن الحبوب المختلفة مثل (القمح - الذرة - الشعير - الجريش - والسميد - البرغل ... الخ) وتسمى المطاحن"
"C","الصناعة التحويلية","10","صُنع المنتجات الغذائية","106","صُنع منتجات طواحين الحبوب والنشاء ومنتجات النشاء","1061","صُنع منتجات طواحين الحبوب","106120","تعبئة وطحن الأرز وتبييضه",
"C","الصناعة التحويلية","10","صُنع المنتجات الغذائية","106","صُنع منتجات طواحين الحبوب والنشاء ومنتجات النشاء","1061","صُنع منتجات طواحين الحبوب","106130","انتاج دقيق من الأرز","هو دقيق يصنع من الأرز المطحون الناعم"
"C","الصناعة التحويلية","10","صُنع المنتجات الغذائية","106","صُنع منتجات طواحين الحبوب والنشاء ومنتجات النشاء","1061","صُنع منتجات طواحين الحبوب","106140","طحن الخضراوات البقولية المجففة والجوزيات المعدة للأكل وتعبئتها","مصانع طحن الخضروات البقولية المجففة والجوزيات ومن ثم تعبئتها في عبوات مناسبة جاهزة للاكل"
"C","الصناعة التحويلية","10","صُنع المنتجات الغذائية","106","صُنع منتجات طواحين الحبوب والنشاء ومنتجات النشاء","1061","صُنع منتجات طواحين الحبوب","106150","صناعة دقيق وعجين للمخابز","خاصة بالعجين والدقيق للمخابز"
"C","الصناعة التحويلية","10","صُنع المنتجات الغذائية","106","صُنع منتجات طواحين الحبوب والنشاء ومنتجات النشاء","1061","صُنع منتجات طواحين الحبوب","106160","صناعة أطعمة الإفطار من الحبوب على شكل رقائق ، يشمل ( كورن فليكس ، شيبس .. الخ )","هي رقائق تصنع من منتجات غذائية مثل الذرة والشوفان"
"C","الصناعة التحويلية","10","صُنع المنتجات الغذائية","106","صُنع منتجات طواحين الحبوب والنشاء ومنتجات النشاء","1061","صُنع منتجات طواحين الحبوب","106161","تصنيع منتفخات الذرة","هي منتجات مصنوعة من حبوب الذرة"
"C","الصناعة التحويلية","10","صُنع المنتجات الغذائية","106","صُنع منتجات طواحين الحبوب والنشاء ومنتجات النشاء","1062","صُنع النشاء ومنتجات النشاء","106211","صناعة النشا من الذرة","هي عملية استخراج النشا من حبوب الذرة"
"C","الصناعة التحويلية","10","صُنع المنتجات الغذائية","106","صُنع منتجات طواحين الحبوب والنشاء ومنتجات النشاء","1062","صُنع النشاء ومنتجات النشاء","106212","صناعة النشا من البطاطا","هي عملية استخراج النشا من البطاطا"
"C","الصناعة التحويلية","10","صُنع المنتجات الغذائية","106","صُنع منتجات طواحين الحبوب والنشاء ومنتجات النشاء","1062","صُنع النشاء ومنتجات النشاء","106220","طحن الذرة المنداة","طحن الذرة ومن ثم تعبئتها في عبوات خاصة"
"C","الصناعة التحويلية","10","صُنع المنتجات الغذائية","106","صُنع منتجات طواحين الحبوب والنشاء ومنتجات النشاء","1062","صُنع النشاء ومنتجات النشاء","106230","صناعة الجلوكوز وشراب الجلوكوز وسكر الشعير(الملتوز) وانتاج الجيلوتين","الجلوكوز وشراب الجلكوز والمالتوز والجيلوتين تستخدم للصناعات الغذائية"
"C","الصناعة التحويلية","10","صُنع المنتجات الغذائية","106","صُنع منتجات طواحين الحبوب والنشاء ومنتجات النشاء","1062","صُنع النشاء ومنتجات النشاء","106240","انتاج وتكرير زيت الذرة","هي عملية استخلاص الزيت من حبوب الذرة ومعالجته بالحرارة والمواد الكيميائية للتخلص من الشوائب"
"C","الصناعة التحويلية","10","صُنع المنتجات الغذائية","107","صُنع منتجات الأغذية الأخرى","1071","صُنع منتجات المخابز","107110","صناعة الخبز البلدي (المحلي)",
"C","الصناعة التحويلية","10","صُنع المنتجات الغذائية","107","صُنع منتجات الأغذية الأخرى","1071","صُنع منتجات المخابز","107120","صناعة الخبز ومنتجاته بواسطة المخابز الآلية","الخبز ومنتجاته مثل التوست او الصامولي وغيرها الذي ينتج بواسطة خطوط انتاج الية بالكامل"
"C","الصناعة التحويلية","10","صُنع المنتجات الغذائية","107","صُنع منتجات الأغذية الأخرى","1071","صُنع منتجات المخابز","107130","صناعة الفطائر بأنواعها","انتاج الفطائبر بأنواع وحشوات مختلفة"
"C","الصناعة التحويلية","10","صُنع المنتجات الغذائية","107","صُنع منتجات الأغذية الأخرى","1071","صُنع منتجات المخابز","107140","صناعة الجاتوه والبيتيفور والكعك بأنواعه","انتاج الجاتوه والبيتيفور والكعك بأنواعه"
"C","الصناعة التحويلية","10","صُنع المنتجات الغذائية","107","صُنع منتجات الأغذية الأخرى","1071","صُنع منتجات المخابز","107150","صناعة البسكويت بأنواعه","منتج غذائي معد أساسًا من دقيق الحبوب والمواد الدهنية والماء مع أو بدون إضافة المكونات الاختيارية المبينة بهذه المواصفة القياسية ."
"C","الصناعة التحويلية","10","صُنع المنتجات الغذائية","107","صُنع منتجات الأغذية الأخرى","1071","صُنع منتجات المخابز","107160","صناعة خبز الأكلات الشعبية ورقائق المعجنات النيئة وتشمل المتاي",
"C","الصناعة التحويلية","10","صُنع المنتجات الغذائية","107","صُنع منتجات الأغذية الأخرى","1071","صُنع منتجات المخابز","107170","صناعة منتجات المخابز المجمدة","تختص بالعجائن المجمدة"
"C","الصناعة التحويلية","10","صُنع المنتجات الغذائية","107","صُنع منتجات الأغذية الأخرى","1071","صُنع منتجات المخابز","107181","صناعة الحلويات الشعبية والشرقية بمختلف أنواعها",
"C","الصناعة التحويلية","10","صُنع المنتجات الغذائية","107","صُنع منتجات الأغذية الأخرى","1071","صُنع منتجات المخابز","107182","إعداد وتجهيز الحلويات","المحلات تقوم بإعداد وتجهيز الحلويات بأنواعها المختلفة ولا يسمح بالتسويق للغير"
"C","الصناعة التحويلية","10","صُنع المنتجات الغذائية","107","صُنع منتجات الأغذية الأخرى","1072","صنع السكر","107211","استخراج السكر الخام من قصب السكر أوالبنجر","استخراج السكروز (السكر الخام )من قصب السكر او البنجر"
"C","الصناعة التحويلية","10","صُنع المنتجات الغذائية","107","صُنع منتجات الأغذية الأخرى","1072","صنع السكر","107212","انتاج شراب سكر القصب والبنجر","هي عملية استخلاص شراب من قصب السكر أو فاكهة البنجر"
"C","الصناعة التحويلية","10","صُنع المنتجات الغذائية","107","صُنع منتجات الأغذية الأخرى","1072","صنع السكر","107213","انتاج العسل الأسود (المولاس أو الدبس)","ناتج ثانوي من عمليات البلورة النهائية لتصنيع سكر للقصب المكرر او تكرير السكر الخام"
"C","الصناعة التحويلية","10","صُنع المنتجات الغذائية","107","صُنع منتجات الأغذية الأخرى","1072","صنع السكر","107214","انتاج سكر القيقب",
"C","الصناعة التحويلية","10","صُنع المنتجات الغذائية","107","صُنع منتجات الأغذية الأخرى","1072","صنع السكر","107215","انتاج السكر المحول",
"C","الصناعة التحويلية","10","صُنع المنتجات الغذائية","107","صُنع منتجات الأغذية الأخرى","1072","صنع السكر","107216","انتاج سكر النخيل",
"C","الصناعة التحويلية","10","صُنع المنتجات الغذائية","107","صُنع منتجات الأغذية الأخرى","1072","صنع السكر","107220","تعبئة السكر ، يشمل ( سكر القوالب )","تعبئة السكر الذي تم اتسخراجه من قصب السكر او البنجر بعد تنظيفه وبلورته"
"C","الصناعة التحويلية","10","صُنع المنتجات الغذائية","107","صُنع منتجات الأغذية الأخرى","1073","صُنع الكاكاو والشوكولاتة والحلويات السكرية","107300","صُنع الكاكاو والشوكولاتة والحلويات السكرية",
"C","الصناعة التحويلية","10","صُنع المنتجات الغذائية","107","صُنع منتجات الأغذية الأخرى","1073","صُنع الكاكاو والشوكولاتة والحلويات السكرية","107311","صناعة الكاكاو في شكل معجون أو مسحوق أو كتل","هي عملية معالجة الكاكاو لتكوين أشكال مختلفة"
"C","الصناعة التحويلية","10","صُنع المنتجات الغذائية","107","صُنع منتجات الأغذية الأخرى","1073","صُنع الكاكاو والشوكولاتة والحلويات السكرية","107312","صناعة زبدة الكاكاو أو دهن أو زيت الكاكاو","هي عملية تحميص وتجفيف حبوب الكاكاو وضغطها لاستخراج الزبدة"
"C","الصناعة التحويلية","10","صُنع المنتجات الغذائية","107","صُنع منتجات الأغذية الأخرى","1073","صُنع الكاكاو والشوكولاتة والحلويات السكرية","107320","انتاج الشكولاته بالحليب والشوكلاته البيضاء والغامقة وغيرها من أنواع الشوكلاته","انتاج منتجات يكون مكونها الأساسي الشكولاته ويضاف اليها الحليب وغيره"
"C","الصناعة التحويلية","10","صُنع المنتجات الغذائية","107","صُنع منتجات الأغذية الأخرى","1073","صُنع الكاكاو والشوكولاتة والحلويات السكرية","107330","صناعة الحلويات السكرية ، يشمل ( الملبس و الكراميل والتوفي والنوغا "" راحة الحلقوم"" )","صناعة الحلويات السكرية ، يشمل ( الملبس و الكراميل والتوفي والنوغا "" راحة الحلقوم"" )"
"C","الصناعة التحويلية","10","صُنع المنتجات الغذائية","107","صُنع منتجات الأغذية الأخرى","1073","صُنع الكاكاو والشوكولاتة والحلويات السكرية","107340","صناعة اللبان ( العلك)","خاصة بلبان المضغ (العلك) باصنافه المختلفة ولايشمل الطبيعي الخام"
"C","الصناعة التحويلية","10","صُنع المنتجات الغذائية","107","صُنع منتجات الأغذية الأخرى","1073","صُنع الكاكاو والشوكولاتة والحلويات السكرية","107350","صناعة الحلاوة الطحينية","مجهزة بالمعاملة الحراري من الطحينة البيضاء والسكريات الطبيعية مع مادة (مستحلب عرق الحلاوه)"
"C","الصناعة التحويلية","10","صُنع المنتجات الغذائية","107","صُنع منتجات الأغذية الأخرى","1073","صُنع الكاكاو والشوكولاتة والحلويات السكرية","107360","حفظ الفواكه والجوزيات وغيرها من النباتات في السكر","تحفظ الفواكه والجوزيات وغيرها من النباتات في محلول سكري كمادة حافظة"
"C","الصناعة التحويلية","10","صُنع المنتجات الغذائية","107","صُنع منتجات الأغذية الأخرى","1074","صُنع المعكرونة وشرائط المعكرونة والكسكسي والمنتجات النشوية المماثلة","107411","صناعة المكرونة بكافة أنواعها","من منتجات غذائية محضرة من تخفيف الاشكال المختلفة من العجين المصنع او دقيق القمح الديورم"
"C","الصناعة التحويلية","10","صُنع المنتجات الغذائية","107","صُنع منتجات الأغذية الأخرى","1074","صُنع المعكرونة وشرائط المعكرونة والكسكسي والمنتجات النشوية المماثلة","107412","صناعة الشعيرية بكافة أنواعها","شعيرية سريعة التحضير (النولدز) المكرونة ، الاسباجتي"
"C","الصناعة التحويلية","10","صُنع المنتجات الغذائية","107","صُنع منتجات الأغذية الأخرى","1074","صُنع المعكرونة وشرائط المعكرونة والكسكسي والمنتجات النشوية المماثلة","107420","صناعة الكسكسى (المغربية)","انتاج وجبات من الكسكس وهو منتج محضر من سميد متوسط الخشونة أو مخلوط سميد خشن وناعم"
"C","الصناعة التحويلية","10","صُنع المنتجات الغذائية","107","صُنع منتجات الأغذية الأخرى","1074","صُنع المعكرونة وشرائط المعكرونة والكسكسي والمنتجات النشوية المماثلة","107430","صناعة العجائن المحشوة المعبأة في علب أو المجمد","عبارة عن عجينة وبها حشوات ومن ثم تعبئتها في علب او تجميدها"
"C","الصناعة التحويلية","10","صُنع المنتجات الغذائية","107","صُنع منتجات الأغذية الأخرى","1074","صُنع المعكرونة وشرائط المعكرونة والكسكسي والمنتجات النشوية المماثلة","107441","صناعة العجائن المحشوة المطبوخة","عبارة عن عجينة ومحشوة وتطبخ لتكون جاهزة للاستعمال"
"C","الصناعة التحويلية","10","صُنع المنتجات الغذائية","107","صُنع منتجات الأغذية الأخرى","1074","صُنع المعكرونة وشرائط المعكرونة والكسكسي والمنتجات النشوية المماثلة","107442","صناعة العجائن المحشوة غير المطبوخة","عبارة عن عجينة وبها حشوة دون طبخها"
"C","الصناعة التحويلية","10","صُنع المنتجات الغذائية","107","صُنع منتجات الأغذية الأخرى","1075","صُنع وجبات وأطباق جاهزة","107501","صُنع أطباق اللحوم",
"C","الصناعة التحويلية","10","صُنع المنتجات الغذائية","107","صُنع منتجات الأغذية الأخرى","1075","صُنع وجبات وأطباق جاهزة","107502","صُنع أطباق الدواجن",
"C","الصناعة التحويلية","10","صُنع المنتجات الغذائية","107","صُنع منتجات الأغذية الأخرى","1075","صُنع وجبات وأطباق جاهزة","107503","صُنع أطباق السمك، بما في ذلك السمك المقلي","مصانع خاصة باطباق السمك وتشتمل على السمك المقلي"
"C","الصناعة التحويلية","10","صُنع المنتجات الغذائية","107","صُنع منتجات الأغذية الأخرى","1075","صُنع وجبات وأطباق جاهزة","107504","صُنع شرائح البطاطس","خاصة بالبطاطس المقلية بنوعيها الجاهزة للاكل (الشيبس) والمجمدة"
"C","الصناعة التحويلية","10","صُنع المنتجات الغذائية","107","صُنع منتجات الأغذية الأخرى","1075","صُنع وجبات وأطباق جاهزة","107505","صُنع أطباق الخضر الجاهزة","خاصة باطباق الخضار الجاهزة"
"C","الصناعة التحويلية","10","صُنع المنتجات الغذائية","107","صُنع منتجات الأغذية الأخرى","1075","صُنع وجبات وأطباق جاهزة","107506","صُنع أنواع الحساء المعلَّبة والوجبات المعدَّة تحت التفريغ ( بدون لمسها )","انتاج الحساء من الحبوب او الخضروات ويعبأ في عبوات مفرغة من الهواء"
"C","الصناعة التحويلية","10","صُنع المنتجات الغذائية","107","صُنع منتجات الأغذية الأخرى","1075","صُنع وجبات وأطباق جاهزة","107508","صُنع البيتزا المجمَّدة أو المحفوظة بشكل آخر","بيتزا مجمدة وتحفظ بالتجميد الى قبل الاستخدام"
"C","الصناعة التحويلية","10","صُنع المنتجات الغذائية","107","صُنع منتجات الأغذية الأخرى","1079","صُنع منتجات الأغذية الأخرى غير المصنّفة في موضع آخر","107911","تحميص البن أو طحنه أو تعبئته",
"C","الصناعة التحويلية","10","صُنع المنتجات الغذائية","107","صُنع منتجات الأغذية الأخرى","1079","صُنع منتجات الأغذية الأخرى غير المصنّفة في موضع آخر","107912","صناعة بدائل البن","متحصل عليه من حبوب البن الاخضر المعامل بالحراره لغرض التحميص لاكسابها اللون والنكهة المميزة"
"C","الصناعة التحويلية","10","صُنع المنتجات الغذائية","107","صُنع منتجات الأغذية الأخرى","1079","صُنع منتجات الأغذية الأخرى غير المصنّفة في موضع آخر","107913","تعبئة العسل الطبيعي","تعبئة العسل الطبيعي في عبوات مخصصة بعد تنقيته"
"C","الصناعة التحويلية","10","صُنع المنتجات الغذائية","107","صُنع منتجات الأغذية الأخرى","1079","صُنع منتجات الأغذية الأخرى غير المصنّفة في موضع آخر","107920","صناعة أغذية الأطفال الرضع","اغذية مصنعة من الحبوب والبقول وتستخدم كغذاء تكميلي للرضع والاطفال"
"C","الصناعة التحويلية","10","صُنع المنتجات الغذائية","107","صُنع منتجات الأغذية الأخرى","1079","صُنع منتجات الأغذية الأخرى غير المصنّفة في موضع آخر","107930","تكرير وطحن ملح الطعام","ملح الطعام ممكن الحصول عليه من البحر او الصخور الارضية الملحيه والمياه الطبيعية شديدة الملوحة"
"C","الصناعة التحويلية","10","صُنع المنتجات الغذائية","107","صُنع منتجات الأغذية الأخرى","1079","صُنع منتجات الأغذية الأخرى غير المصنّفة في موضع آخر","107941","صناعة الحساء بكافة أشكاله","انتاج الحساء من الحبوب او الخضروات"
"C","الصناعة التحويلية","10","صُنع المنتجات الغذائية","107","صُنع منتجات الأغذية الأخرى","1079","صُنع منتجات الأغذية الأخرى غير المصنّفة في موضع آخر","107942","صناعة التوابل ومرق التوابل","محضر من خليط المساحيق الخاصة لنوعين اواكثر من التوابل والبهارات كمواد منكهه للاطعمه"
"C","الصناعة التحويلية","10","صُنع المنتجات الغذائية","107","صُنع منتجات الأغذية الأخرى","1079","صُنع منتجات الأغذية الأخرى غير المصنّفة في موضع آخر","107943","صناعة الخل","خل صناعي او طبيعي (العنب،الفواكه،التوت،التفاح(السيدر) خل الحبوب ،خل الشعير ،العسل،التمر"
"C","الصناعة التحويلية","10","صُنع المنتجات الغذائية","107","صُنع منتجات الأغذية الأخرى","1079","صُنع منتجات الأغذية الأخرى غير المصنّفة في موضع آخر","107944","صناعة الخميرة","خميرة الخبيز والخميرة المجففة غير النشطة"
"C","الصناعة التحويلية","10","صُنع المنتجات الغذائية","107","صُنع منتجات الأغذية الأخرى","1079","صُنع منتجات الأغذية الأخرى غير المصنّفة في موضع آخر","107945","صناعة المايونيز","مايونيز : صلصة بالتوابل يتم الحصول عليها باستحلاب زيت أو زيوت نباتية معدة للطعام في وسط مائي يتكون من الخل ويتم الحصول على مستحلب الزيت في الماء بواسطة مح ( صفار) بيض الدجاج، ويمكن أن يحتوي المايونيز على مواد مضافة طبقًا . 5/ للبند 4"
"C","الصناعة التحويلية","10","صُنع المنتجات الغذائية","107","صُنع منتجات الأغذية الأخرى","1079","صُنع منتجات الأغذية الأخرى غير المصنّفة في موضع آخر","107946","صناعة الكاتشب والصلصة الحارة","مصانع منتجات الطماطم"
"C","الصناعة التحويلية","10","صُنع المنتجات الغذائية","107","صُنع منتجات الأغذية الأخرى","1079","صُنع منتجات الأغذية الأخرى غير المصنّفة في موضع آخر","107947","تشعيع الأغذية","يقصد بها تعرض الغذاء إلى احد مصادر الطاقة الإشعاعية أما من نظائر مشعة أو من أجهزة تنتج كميات محكمة من أشعة الإلكترون أو الاشعة السينية والتي تعمل على امتصاص الغذاء لجِرعة محددة وفعالة بهدف حفظ الغذاء وتقليل الفاقد واطالة فترة صلاحية الغذاء"
"C","الصناعة التحويلية","10","صُنع المنتجات الغذائية","107","صُنع منتجات الأغذية الأخرى","1079","صُنع منتجات الأغذية الأخرى غير المصنّفة في موضع آخر","107950","تعبئة الشاي وبدائل الشاي ، يشمل ( النعناع والزهورات والبابونج والأعشاب البرية )","تعبئة وتغليف الشاي"
"C","الصناعة التحويلية","10","صُنع المنتجات الغذائية","107","صُنع منتجات الأغذية الأخرى","1079","صُنع منتجات الأغذية الأخرى غير المصنّفة في موضع آخر","107960","انتاج شراب السكر المسحوق (الكراميل) والشيرة","انتاج منتجات من السكر إما على شكل مسحوق أو سائل وتتضمن شراب السكر المسحوق (الكراميل) والشيرة"
"C","الصناعة التحويلية","10","صُنع المنتجات الغذائية","107","صُنع منتجات الأغذية الأخرى","1079","صُنع منتجات الأغذية الأخرى غير المصنّفة في موضع آخر","107971","صناعة خلاصات ومكسبات الطعام للمواد الغذائية والمشروبات الطبيعية","صناعة تختص بالنكهات والمواد الحافظة والالوان الطبيعية المضافة للاغذية والمشروبات الطبيعية"
"C","الصناعة التحويلية","10","صُنع المنتجات الغذائية","107","صُنع منتجات الأغذية الأخرى","1079","صُنع منتجات الأغذية الأخرى غير المصنّفة في موضع آخر","107972","صناعة خلاصات ومكسبات الطعام للمواد الغذائية والمشروبات الصناعية","تختص بالنكهات والمواد الحافظة والالوان الاصطناعية الخاصة بالاغذية والمشروبات الصناعية"
"C","الصناعة التحويلية","10","صُنع المنتجات الغذائية","107","صُنع منتجات الأغذية الأخرى","1079","صُنع منتجات الأغذية الأخرى غير المصنّفة في موضع آخر","107973","صناعة المكملات الغذائية وأغذية الحمية","اغذية مخصصة لاغراض بناء الجسم ولاتستخدم لاغراض العلاج"
"C","الصناعة التحويلية","10","صُنع المنتجات الغذائية","107","صُنع منتجات الأغذية الأخرى","1079","صُنع منتجات الأغذية الأخرى غير المصنّفة في موضع آخر","107974","صناعة منتجات البيض وزلال البيض","بيض الدجاج المخص للاكل ،السائل ،المجمد ،المجفف ،المجفد"
"C","الصناعة التحويلية","10","صُنع المنتجات الغذائية","107","صُنع منتجات الأغذية الأخرى","1079","صُنع منتجات الأغذية الأخرى غير المصنّفة في موضع آخر","107975","صناعة الطحينية السائلة ","طحن بذور السمسم الناضجة والمقشورة والمحمصة"
"C","الصناعة التحويلية","10","صُنع المنتجات الغذائية","107","صُنع منتجات الأغذية الأخرى","1079","صُنع منتجات الأغذية الأخرى غير المصنّفة في موضع آخر","107976","إعداد وتجهيز منتجات البيض","محلات تقوم بإعداد وتجهيز وعرض وبيع البيض المسال حيث يتم فرز (صفار البيض عن بياضه) حسب الطلب للصناعات المختلفة التي تستخدم صفار أو بياض البيض المسال"
"C","الصناعة التحويلية","10","صُنع المنتجات الغذائية","108","صُنع الأعلاف الحيوانية المحضّرة","1080","صُنع الأعلاف الحيوانية المحضّرة","108011","صناعة الأعلاف المركزة للحيوانات","تصنيع علف يستخدم مع غيره لتحسين التوازن الغذائي الإجمالي ، ويتم تخفيفه او خلطه لانتاج مكمل علفي او علف كامل وقد يكون غيرامن لو تم اطعام الحيوان منه بلا مراقبة او بمفرده كمكمل غذائي"
"C","الصناعة التحويلية","10","صُنع المنتجات الغذائية","108","صُنع الأعلاف الحيوانية المحضّرة","1080","صُنع الأعلاف الحيوانية المحضّرة","108012","صناعة أعلاف الماشية","تصنيع اعلاف من منتجات نباتية تعطى للماشية وتشمل الخيل - الجمل- الماعز - البقر ... الخ"
"C","الصناعة التحويلية","10","صُنع المنتجات الغذائية","108","صُنع الأعلاف الحيوانية المحضّرة","1080","صُنع الأعلاف الحيوانية المحضّرة","108013","صناعة المنتجات النباتية الثانوية كغذاء للحيوان","هي عملية تصنيعية ثانوية ناتجة عن تصنيع المنتجات النباتية و ينتج عنها منتجات ثانوية يمكن استخدامها في تغذية الحيوان."
"C","الصناعة التحويلية","10","صُنع المنتجات الغذائية","108","صُنع الأعلاف الحيوانية المحضّرة","1080","صُنع الأعلاف الحيوانية المحضّرة","108014","إعداد وطحن وكبس أعلاف الحيوانات","هي عملية تصنيعية لمنتج علفي واحد و تعبئته بدون الخلط بمنتج علفي آخر"
"C","الصناعة التحويلية","10","صُنع المنتجات الغذائية","108","صُنع الأعلاف الحيوانية المحضّرة","1080","صُنع الأعلاف الحيوانية المحضّرة","108015","إنتاج أحجار الملح الخاصة بأغذية الحيوانات","هي عملية تصنيعية لتكوين املاح معدنية تضاف الى العلف لتحسين كفايتها."
"C","الصناعة التحويلية","10","صُنع المنتجات الغذائية","108","صُنع الأعلاف الحيوانية المحضّرة","1080","صُنع الأعلاف الحيوانية المحضّرة","108016","صُنع الإضافات العلفية غير الدوائية",
"C","الصناعة التحويلية","10","صُنع المنتجات الغذائية","108","صُنع الأعلاف الحيوانية المحضّرة","1080","صُنع الأعلاف الحيوانية المحضّرة","108021","صناعة أعلاف الدواجن","تصنيع اعلاف يتم تقديمها للدواجن"
"C","الصناعة التحويلية","10","صُنع المنتجات الغذائية","108","صُنع الأعلاف الحيوانية المحضّرة","1080","صُنع الأعلاف الحيوانية المحضّرة","108022","صناعة أعلاف الطيور","تصنيع اعلاف يتم تقديمها للطيور"
"C","الصناعة التحويلية","10","صُنع المنتجات الغذائية","108","صُنع الأعلاف الحيوانية المحضّرة","1080","صُنع الأعلاف الحيوانية المحضّرة","108023","صناعة المنتجات الثانوية لمسالخ الدواجن كغذاء للحيوان","هي أنشطة تابعة لمسالخ الدواجن سواء بشكل متصل أو منفصل حيث يتم معالجة منتجات الثانوية مثل الريش و الدهن و الأجزاء الأخرى من الدواجن لاستخدامها في تغذية الحيوانات"
"C","الصناعة التحويلية","10","صُنع المنتجات الغذائية","108","صُنع الأعلاف الحيوانية المحضّرة","1080","صُنع الأعلاف الحيوانية المحضّرة","108030","صناعة أعلاف الحيوانات الأليفة","تصنيع اعلاف يتم تقديمها للحيوانات الاليفة"
"C","الصناعة التحويلية","10","صُنع المنتجات الغذائية","108","صُنع الأعلاف الحيوانية المحضّرة","1080","صُنع الأعلاف الحيوانية المحضّرة","108040","صناعة بدائل الحليب لرضاعة صغار الحيوانات","تصنيع بدائل للحليب يتم تقديمها لصغار الحيوانات"
"C","الصناعة التحويلية","11","صُنع المشروبات","110","صنع المشروبات","1103","صناعة شراب الشعير ، يشمل ( البيرة بدون كحول )","110300","صناعة شراب الشعير ، يشمل ( البيرة بدون كحول )","مشروب معد للاستهلاك الادمي المباشر ناتج من مستخلص منقوع حبوب الشعير المنبت"
"C","الصناعة التحويلية","11","صُنع المشروبات","110","صنع المشروبات","1104","صُنع المشروبات غير الكحولية ، انتاج المياه المعدنية والمياه الأخرى المعبأة في زجاجات","110411","صناعة المشروبات الغازية المرطبة","المشروبات الغازية محاليل او ممستخلصات او معلقات في وسط مائي اومذيب مناسب او مخاليط املاح"
"C","الصناعة التحويلية","11","صُنع المشروبات","110","صنع المشروبات","1104","صُنع المشروبات غير الكحولية ، انتاج المياه المعدنية والمياه الأخرى المعبأة في زجاجات","110412","صناعة المشروبات المنكهه بخلاصات أو أرواح الفاكهة","مشروبات منكهة بروائح الفاكهة"
"C","الصناعة التحويلية","11","صُنع المشروبات","110","صنع المشروبات","1104","صُنع المشروبات غير الكحولية ، انتاج المياه المعدنية والمياه الأخرى المعبأة في زجاجات","110413","صناعة مشروبات الطاقة","مشروبات غازية او غير غازية تحضر من الماء ،كربوهيدرات ، كافيين ،فيتامينات ،املاح معدنية"
"C","الصناعة التحويلية","11","صُنع المشروبات","110","صنع المشروبات","1104","صُنع المشروبات غير الكحولية ، انتاج المياه المعدنية والمياه الأخرى المعبأة في زجاجات","110421","انتاج وتعبئة المياه المعدنية بالموقع",
"C","الصناعة التحويلية","11","صُنع المشروبات","110","صنع المشروبات","1104","صُنع المشروبات غير الكحولية ، انتاج المياه المعدنية والمياه الأخرى المعبأة في زجاجات","110422","انتاج وتعبئة المياه النقية المفلترة","انتاج مياه وتعبئتها بعد فلترتها وتكون جاهزة للاستخدام"
"C","الصناعة التحويلية","11","صُنع المشروبات","110","صنع المشروبات","1104","صُنع المشروبات غير الكحولية ، انتاج المياه المعدنية والمياه الأخرى المعبأة في زجاجات","110423","انتاج وتعبئة المياه المعبأة المدعمة بالفيتامينات","هي عملية تنقية المياه وتعبئتها في عبوات مختلفة الحجم مضاف لها فيتامينات مثل فيتامين د"
"C","الصناعة التحويلية","12","صُنع منتجات التبغ","120","صنع منتجات التبغ","1200","صنع منتجات التبغ","120031","صناعة النيكوتين","صناعة مادة النيكوتين المصنع بأكياس مخصصة للاستخدام البشري ولا يشمل صناعة أنواع التبغ الأخرى"
"C","الصناعة التحويلية","13","صُنع المنسوجات","131","غزل المنسوجات ونسجها وإتمام تجهيزها","1311","تحضير وغزل ألياف المنسوجات","131111","غزل وتحضير القطن",
"C","الصناعة التحويلية","13","صُنع المنسوجات","131","غزل المنسوجات ونسجها وإتمام تجهيزها","1311","تحضير وغزل ألياف المنسوجات","131112","غزل وتحضير الصوف",
"C","الصناعة التحويلية","13","صُنع المنسوجات","131","غزل المنسوجات ونسجها وإتمام تجهيزها","1311","تحضير وغزل ألياف المنسوجات","131113","غزل وتحضير الحرير",
"C","الصناعة التحويلية","13","صُنع المنسوجات","131","غزل المنسوجات ونسجها وإتمام تجهيزها","1311","تحضير وغزل ألياف المنسوجات","131120","غزل وتحضير الألياف النباتية كالقنب والتيل",
"C","الصناعة التحويلية","13","صُنع المنسوجات","131","غزل المنسوجات ونسجها وإتمام تجهيزها","1311","تحضير وغزل ألياف المنسوجات","131130","غزل وتحضير الخيوط الصناعية كالنايلون والديلون",
"C","الصناعة التحويلية","13","صُنع المنسوجات","131","غزل المنسوجات ونسجها وإتمام تجهيزها","1311","تحضير وغزل ألياف المنسوجات","131141","تهيئة الخيوط بواسطة الكي",
"C","الصناعة التحويلية","13","صُنع المنسوجات","131","غزل المنسوجات ونسجها وإتمام تجهيزها","1311","تحضير وغزل ألياف المنسوجات","131142","تهيئة الخيوط بواسطة الصباغة",
"C","الصناعة التحويلية","13","صُنع المنسوجات","131","غزل المنسوجات ونسجها وإتمام تجهيزها","1311","تحضير وغزل ألياف المنسوجات","131150","صناعة الخيوط لأغراض الخياطة والحياكة",
"C","الصناعة التحويلية","13","صُنع المنسوجات","131","غزل المنسوجات ونسجها وإتمام تجهيزها","1312","نسج المنسوجات","131201","صنع أقمشة من القطن",
"C","الصناعة التحويلية","13","صُنع المنسوجات","131","غزل المنسوجات ونسجها وإتمام تجهيزها","1312","نسج المنسوجات","131202","صنع أقمشة من الصوف",
"C","الصناعة التحويلية","13","صُنع المنسوجات","131","غزل المنسوجات ونسجها وإتمام تجهيزها","1312","نسج المنسوجات","131203","صنع أقمشة من الحرير",
"C","الصناعة التحويلية","13","صُنع المنسوجات","131","غزل المنسوجات ونسجها وإتمام تجهيزها","1312","نسج المنسوجات","131204","نسج المنسوجات من الخيوط الصناعية كالنايلون",
"C","الصناعة التحويلية","13","صُنع المنسوجات","131","غزل المنسوجات ونسجها وإتمام تجهيزها","1312","نسج المنسوجات","131205","نسج المنسوجات من الخيوط الطبيعية ، يشمل ( الكتان والجوت )",
"C","الصناعة التحويلية","13","صُنع المنسوجات","131","غزل المنسوجات ونسجها وإتمام تجهيزها","1313","إتمام تجهيز المنسوجات","131301","تهيئة المنسوجات بواسطة الكي",
"C","الصناعة التحويلية","13","صُنع المنسوجات","131","غزل المنسوجات ونسجها وإتمام تجهيزها","1313","إتمام تجهيز المنسوجات","131302","تهيئة المنسوجات بواسطة الصباغة أو الطباعة",
"C","الصناعة التحويلية","13","صُنع المنسوجات","139","صُنع المنسوجات الأخرى","1391","صُنع الأقمشة المغزولة بصنارة (التريكو) وبإبرة معقوفة (الكروشيه)","139110","صُنع وتجهيز الأقمشة المغزولة بصنارة (التريكو) وبإبرة معقوفة ( الكروشيه)",
"C","الصناعة التحويلية","13","صُنع المنسوجات","139","صُنع المنسوجات الأخرى","1391","صُنع الأقمشة المغزولة بصنارة (التريكو) وبإبرة معقوفة (الكروشيه)","139120","صناعة الفراء الصناعي",
"C","الصناعة التحويلية","13","صُنع المنسوجات","139","صُنع المنسوجات الأخرى","1392","صُنع المنسوجات الجاهزة باستثناء الملبوسات","139211","قص وتفصيل الملاءات ، أكياس الوســائد ، المفارش والألحفة ، الوسائد",
"C","الصناعة التحويلية","13","صُنع المنسوجات","139","صُنع المنسوجات الأخرى","1392","صُنع المنسوجات الجاهزة باستثناء الملبوسات","139212","تفصيل وخياطة مستلزمات الرحلات",
"C","الصناعة التحويلية","13","صُنع المنسوجات","139","صُنع المنسوجات الأخرى","1392","صُنع المنسوجات الجاهزة باستثناء الملبوسات","139220","صناعة البطانيات وسجاد السفر",
"C","الصناعة التحويلية","13","صُنع المنسوجات","139","صُنع المنسوجات الأخرى","1392","صُنع المنسوجات الجاهزة باستثناء الملبوسات","139230","صناعة مناديل وفوط ومناشف الأطباق",
"C","الصناعة التحويلية","13","صُنع المنسوجات","139","صُنع المنسوجات الأخرى","1392","صُنع المنسوجات الجاهزة باستثناء الملبوسات","139241","قص وتفصيل الخيام والأشرعة",
"C","الصناعة التحويلية","13","صُنع المنسوجات","139","صُنع المنسوجات الأخرى","1392","صُنع المنسوجات الجاهزة باستثناء الملبوسات","139242","قص وتفصيل المطّارات وأغطية السيارات والأثاث",
"C","الصناعة التحويلية","13","صُنع المنسوجات","139","صُنع المنسوجات الأخرى","1392","صُنع المنسوجات الجاهزة باستثناء الملبوسات","139243","قص وتفصيل أغطية الآلات والبضائع",
"C","الصناعة التحويلية","13","صُنع المنسوجات","139","صُنع المنسوجات الأخرى","1392","صُنع المنسوجات الجاهزة باستثناء الملبوسات","139250","قص وتفصيل الستائر",
"C","الصناعة التحويلية","13","صُنع المنسوجات","139","صُنع المنسوجات الأخرى","1392","صُنع المنسوجات الجاهزة باستثناء الملبوسات","139260","التطريز اليدوي والجاكار",
"C","الصناعة التحويلية","13","صُنع المنسوجات","139","صُنع المنسوجات الأخرى","1392","صُنع المنسوجات الجاهزة باستثناء الملبوسات","139270","صناعة الأكياس والأعلام والرايات والشماسي و التندات ..الخ المصنوعة من القماش",
"C","الصناعة التحويلية","13","صُنع المنسوجات","139","صُنع المنسوجات الأخرى","1393","صُنع البُسط والسجاد","139310","صناعة البسط",
"C","الصناعة التحويلية","13","صُنع المنسوجات","139","صُنع المنسوجات الأخرى","1393","صُنع البُسط والسجاد","139320","صناعة السجاد ، يشمل ( سجاد الصلاة والسفر )",
"C","الصناعة التحويلية","13","صُنع المنسوجات","139","صُنع المنسوجات الأخرى","1393","صُنع البُسط والسجاد","139330","صناعة الموكيت",
"C","الصناعة التحويلية","13","صُنع المنسوجات","139","صُنع المنسوجات الأخرى","1393","صُنع البُسط والسجاد","139340","صناعة الحصير من النسيج أو القطن أو الألياف الصناعية",
"C","الصناعة التحويلية","13","صُنع المنسوجات","139","صُنع المنسوجات الأخرى","1394","صُنع حبال السُفن والحبال من المجدولات القنبية والشباك","139410","صناعة الحبال الغليظة المستخدمة في السفن",
"C","الصناعة التحويلية","13","صُنع المنسوجات","139","صُنع المنسوجات الأخرى","1394","صُنع حبال السُفن والحبال من المجدولات القنبية والشباك","139420","صناعة الحبال العادية المصنوعة من الألياف النسيجية",
"C","الصناعة التحويلية","13","صُنع المنسوجات","139","صُنع المنسوجات الأخرى","1394","صُنع حبال السُفن والحبال من المجدولات القنبية والشباك","139430","صناعة الشباك وشباك الصيد وحواجز الاصطدام في السفن",
"C","الصناعة التحويلية","13","صُنع المنسوجات","139","صُنع المنسوجات الأخرى","1399","صُنع منسوجات أخرى غير مصنفة في موضع آخر","139910","صناعة شرائط من أقمشة منسوجة",
"C","الصناعة التحويلية","13","صُنع المنسوجات","139","صُنع المنسوجات الأخرى","1399","صُنع منسوجات أخرى غير مصنفة في موضع آخر","139921","صناعة أقمشة العباءات والمشالح من الشعر",
"C","الصناعة التحويلية","13","صُنع المنسوجات","139","صُنع المنسوجات الأخرى","1399","صُنع منسوجات أخرى غير مصنفة في موضع آخر","139922","صناعة أقمشة العباءات والمشالح من الصوف",
"C","الصناعة التحويلية","13","صُنع المنسوجات","139","صُنع المنسوجات الأخرى","1399","صُنع منسوجات أخرى غير مصنفة في موضع آخر","139923","صناعة أقمشة العباءات والمشالح من الوبر",
"C","الصناعة التحويلية","13","صُنع المنسوجات","139","صُنع المنسوجات الأخرى","1399","صُنع منسوجات أخرى غير مصنفة في موضع آخر","139930","صناعة أنواع التل والدانتلا وغيرها من الأقمشة الشبكية",
"C","الصناعة التحويلية","13","صُنع المنسوجات","139","صُنع المنسوجات الأخرى","1399","صُنع منسوجات أخرى غير مصنفة في موضع آخر","139940","صناعة أنواع اللباد (مشرب أو مغطى )",
"C","الصناعة التحويلية","13","صُنع المنسوجات","139","صُنع المنسوجات الأخرى","1399","صُنع منسوجات أخرى غير مصنفة في موضع آخر","139950","صناعة الحشو من المواد النسيجية ، يشمل ( الحفاظات الصحية ، وسدات قطنية لوقف النزيف )",
"C","الصناعة التحويلية","13","صُنع المنسوجات","139","صُنع المنسوجات الأخرى","1399","صُنع منسوجات أخرى غير مصنفة في موضع آخر","139960","صناعة خيوط معدنية أو نسيجية ، وصناعة أقمشة مشربه أو مغطاة أو مطلية بمطاط أو لدائن وما شابهها",
"C","الصناعة التحويلية","13","صُنع المنسوجات","139","صُنع المنسوجات الأخرى","1399","صُنع منسوجات أخرى غير مصنفة في موضع آخر","139970","صناعة فتائل وخراطيم و أنابيب نسيجية مبطنه أو مقواه أو مزودة بمواد أخرى",
"C","الصناعة التحويلية","13","صُنع المنسوجات","139","صُنع المنسوجات الأخرى","1399","صُنع منسوجات أخرى غير مصنفة في موضع آخر","139980","صناعة العلامات التجارية ، حاشية الزخرفة والأصناف المماثلة من المواد النسيجية",
"C","الصناعة التحويلية","14","صُنع الملبوسات","141","صُنع الملبوسات باستثناء الملبوسات الفرائية","1410","صُنع الملبوسات باستثناء الملبوسات الفرائية","141011","صناعة الملابس الرجالية الجاهزة ، يشمل ( الثياب الجاهزة والبدل والمعاطف والبنطلونات )",
"C","الصناعة التحويلية","14","صُنع الملبوسات","141","صُنع الملبوسات باستثناء الملبوسات الفرائية","1410","صُنع الملبوسات باستثناء الملبوسات الفرائية","141012","صناعة الملابس الداخلية للرجال",
"C","الصناعة التحويلية","14","صُنع الملبوسات","141","صُنع الملبوسات باستثناء الملبوسات الفرائية","1410","صُنع الملبوسات باستثناء الملبوسات الفرائية","141013","صناعة الغتر والطواقي",
"C","الصناعة التحويلية","14","صُنع الملبوسات","141","صُنع الملبوسات باستثناء الملبوسات الفرائية","1410","صُنع الملبوسات باستثناء الملبوسات الفرائية","141014","صناعة العقل",
"C","الصناعة التحويلية","14","صُنع الملبوسات","141","صُنع الملبوسات باستثناء الملبوسات الفرائية","1410","صُنع الملبوسات باستثناء الملبوسات الفرائية","141015","صناعة المشالح الرجالية",
"C","الصناعة التحويلية","14","صُنع الملبوسات","141","صُنع الملبوسات باستثناء الملبوسات الفرائية","1410","صُنع الملبوسات باستثناء الملبوسات الفرائية","141016","صناعة الكمة العمانية",
"C","الصناعة التحويلية","14","صُنع الملبوسات","141","صُنع الملبوسات باستثناء الملبوسات الفرائية","1410","صُنع الملبوسات باستثناء الملبوسات الفرائية","141021","صناعة الملابس النسائية الجاهزة ، يشمل ( الفساتين والمعاطف والبلوزات )",
"C","الصناعة التحويلية","14","صُنع الملبوسات","141","صُنع الملبوسات باستثناء الملبوسات الفرائية","1410","صُنع الملبوسات باستثناء الملبوسات الفرائية","141022","صناعة الملابس الداخلية للنساء",
"C","الصناعة التحويلية","14","صُنع الملبوسات","141","صُنع الملبوسات باستثناء الملبوسات الفرائية","1410","صُنع الملبوسات باستثناء الملبوسات الفرائية","141023","صناعة العباءات النسائية",
"C","الصناعة التحويلية","14","صُنع الملبوسات","141","صُنع الملبوسات باستثناء الملبوسات الفرائية","1410","صُنع الملبوسات باستثناء الملبوسات الفرائية","141024","صناعة توابع الملابس ، يشمل ( القبعات والقفازات والأحزمة والشالات والطرح وشبكات الشعر وربطات العنق ...الخ )",
"C","الصناعة التحويلية","14","صُنع الملبوسات","141","صُنع الملبوسات باستثناء الملبوسات الفرائية","1410","صُنع الملبوسات باستثناء الملبوسات الفرائية","141031","صناعة الملابس الخارجية الجاهزة للأطفال",
"C","الصناعة التحويلية","14","صُنع الملبوسات","141","صُنع الملبوسات باستثناء الملبوسات الفرائية","1410","صُنع الملبوسات باستثناء الملبوسات الفرائية","141032","صناعة الملابس الداخلية الجاهزة للأطفال",
"C","الصناعة التحويلية","14","صُنع الملبوسات","141","صُنع الملبوسات باستثناء الملبوسات الفرائية","1410","صُنع الملبوسات باستثناء الملبوسات الفرائية","141040","تفصيل وخياطة وحياكة الملابس الرجالية العربية (محلات تفصيل وخياطة الملابس الرجالية)",
"C","الصناعة التحويلية","14","صُنع الملبوسات","141","صُنع الملبوسات باستثناء الملبوسات الفرائية","1410","صُنع الملبوسات باستثناء الملبوسات الفرائية","141050","تفصيل وخياطة وحياكة الملابس الرجالية غير العربية",
"C","الصناعة التحويلية","14","صُنع الملبوسات","141","صُنع الملبوسات باستثناء الملبوسات الفرائية","1410","صُنع الملبوسات باستثناء الملبوسات الفرائية","141060","تفصيل وخياطة الملابس النسائية (محلات تفصيل الملابس النسائية مثل المشاغل النسائية)",
"C","الصناعة التحويلية","14","صُنع الملبوسات","141","صُنع الملبوسات باستثناء الملبوسات الفرائية","1410","صُنع الملبوسات باستثناء الملبوسات الفرائية","141070","تفصيل وخياطة الملابس الرياضية",
"C","الصناعة التحويلية","14","صُنع الملبوسات","141","صُنع الملبوسات باستثناء الملبوسات الفرائية","1410","صُنع الملبوسات باستثناء الملبوسات الفرائية","141081","صناعة الملابس العسكرية","تشمل صناعة جميع أنواع الملابس والبريهات العسكرية للمصانع الواقعة داخل المناطق الصناعية"
"C","الصناعة التحويلية","14","صُنع الملبوسات","141","صُنع الملبوسات باستثناء الملبوسات الفرائية","1410","صُنع الملبوسات باستثناء الملبوسات الفرائية","141082","تفصيل وخياطة ملابس السلامة الصناعية",
"C","الصناعة التحويلية","14","صُنع الملبوسات","141","صُنع الملبوسات باستثناء الملبوسات الفرائية","1410","صُنع الملبوسات باستثناء الملبوسات الفرائية","141083","تفصيل وخياطة بدلات العمل الموحدة",
"C","الصناعة التحويلية","14","صُنع الملبوسات","142","صُنع أصناف الفراء","1420","صُنع أصناف الفراء","142010","صناعة مختلف الأصناف من جلود الفراء أو الجلود الأخرى غير منزوعة الشعر ، يشمل ( الملبوسات ولوازمها )",
"C","الصناعة التحويلية","14","صُنع الملبوسات","142","صُنع أصناف الفراء","1420","صُنع أصناف الفراء","142020","صناعة الملبوسات من الفراء الطبيعي",
"C","الصناعة التحويلية","14","صُنع الملبوسات","143","صُنع الملبوسات من التريكو والكروشيه","1430","صُنع الملبوسات من التريكو والكروشيه","143010","صناعة أقمشة من التريكو والكروشيه بجميع أنواعها",
"C","الصناعة التحويلية","14","صُنع الملبوسات","143","صُنع الملبوسات من التريكو والكروشيه","1430","صُنع الملبوسات من التريكو والكروشيه","143020","تريكو الملابس الداخلية ( قمصان داخلية ، ملابس داخليه ) المسنرة من الخيوط",
"C","الصناعة التحويلية","14","صُنع الملبوسات","143","صُنع الملبوسات من التريكو والكروشيه","1430","صُنع الملبوسات من التريكو والكروشيه","143030","تريكو الملابس الخارجية ( بلوفرات ، بلوزات ، سترات ) المسنرة من الخيوط",
"C","الصناعة التحويلية","14","صُنع الملبوسات","143","صُنع الملبوسات من التريكو والكروشيه","1430","صُنع الملبوسات من التريكو والكروشيه","143040","صناعة الجوارب بجميع أنواعها",
"C","الصناعة التحويلية","14","صُنع الملبوسات","143","صُنع الملبوسات من التريكو والكروشيه","1430","صُنع الملبوسات من التريكو والكروشيه","143041","صناعة الجوارب المخصصة لمرضى السكر","صناعة الجوارب المخصصة لمرضى السكر بما فيها المنتجات والملحقات المرتبطة بها"
"C","الصناعة التحويلية","15","صُنع المنتجات الجلدية والمنتجات ذات الصلة","151","دبغ وتهيئة الجلود ، صُنع حقائب الأمتعة وحقائب اليد و السروج والأعنة ، تهيئة وصبغ الفراء","1511","دبغ وتهيئة الجلود ، تهيئة وصبغ الفراء","151110","دباغة الجلود (بالمواد الكيميائية أو النباتية أو المعدنية ) وتهيئتها",
"C","الصناعة التحويلية","15","صُنع المنتجات الجلدية والمنتجات ذات الصلة","151","دبغ وتهيئة الجلود ، صُنع حقائب الأمتعة وحقائب اليد و السروج والأعنة ، تهيئة وصبغ الفراء","1511","دبغ وتهيئة الجلود ، تهيئة وصبغ الفراء","151120","صناعة الجلود (اللماعة أو الممعدنة )",
"C","الصناعة التحويلية","15","صُنع المنتجات الجلدية والمنتجات ذات الصلة","151","دبغ وتهيئة الجلود ، صُنع حقائب الأمتعة وحقائب اليد و السروج والأعنة ، تهيئة وصبغ الفراء","1511","دبغ وتهيئة الجلود ، تهيئة وصبغ الفراء","151131","صناعة الجلود على شكل الأشرطة أو الألواح",
"C","الصناعة التحويلية","15","صُنع المنتجات الجلدية والمنتجات ذات الصلة","151","دبغ وتهيئة الجلود ، صُنع حقائب الأمتعة وحقائب اليد و السروج والأعنة ، تهيئة وصبغ الفراء","1511","دبغ وتهيئة الجلود ، تهيئة وصبغ الفراء","151132","صناعة الجلود على شكل بسط",
"C","الصناعة التحويلية","15","صُنع المنتجات الجلدية والمنتجات ذات الصلة","151","دبغ وتهيئة الجلود ، صُنع حقائب الأمتعة وحقائب اليد و السروج والأعنة ، تهيئة وصبغ الفراء","1512","صُنع حقائب الأمتعة وحقائب اليد وما شابهها، والسروج والأعنة","151211","صناعة حقائب الأمتعة والحقائب المدرسية من الجلود الطبيعية",
"C","الصناعة التحويلية","15","صُنع المنتجات الجلدية والمنتجات ذات الصلة","151","دبغ وتهيئة الجلود ، صُنع حقائب الأمتعة وحقائب اليد و السروج والأعنة ، تهيئة وصبغ الفراء","1512","صُنع حقائب الأمتعة وحقائب اليد وما شابهها، والسروج والأعنة","151212","صناعة حقائب الأمتعة والحقائب المدرسية من الجلود الصناعية",
"C","الصناعة التحويلية","15","صُنع المنتجات الجلدية والمنتجات ذات الصلة","151","دبغ وتهيئة الجلود ، صُنع حقائب الأمتعة وحقائب اليد و السروج والأعنة ، تهيئة وصبغ الفراء","1512","صُنع حقائب الأمتعة وحقائب اليد وما شابهها، والسروج والأعنة","151221","صناعة حقائب اليد للسيدات من الجلود الطبيعية",
"C","الصناعة التحويلية","15","صُنع المنتجات الجلدية والمنتجات ذات الصلة","151","دبغ وتهيئة الجلود ، صُنع حقائب الأمتعة وحقائب اليد و السروج والأعنة ، تهيئة وصبغ الفراء","1512","صُنع حقائب الأمتعة وحقائب اليد وما شابهها، والسروج والأعنة","151222","صناعة حقائب اليد للسيدات من الجلود الصناعية",
"C","الصناعة التحويلية","15","صُنع المنتجات الجلدية والمنتجات ذات الصلة","151","دبغ وتهيئة الجلود ، صُنع حقائب الأمتعة وحقائب اليد و السروج والأعنة ، تهيئة وصبغ الفراء","1512","صُنع حقائب الأمتعة وحقائب اليد وما شابهها، والسروج والأعنة","151230","صناعة حافظات النقود والأكياس المصنوعة من الجلد الطبيعي أو من بدائله",
"C","الصناعة التحويلية","15","صُنع المنتجات الجلدية والمنتجات ذات الصلة","151","دبغ وتهيئة الجلود ، صُنع حقائب الأمتعة وحقائب اليد و السروج والأعنة ، تهيئة وصبغ الفراء","1512","صُنع حقائب الأمتعة وحقائب اليد وما شابهها، والسروج والأعنة","151240","صناعة السروج والأعنة الجلدية ومستلزماتها",
"C","الصناعة التحويلية","15","صُنع المنتجات الجلدية والمنتجات ذات الصلة","151","دبغ وتهيئة الجلود ، صُنع حقائب الأمتعة وحقائب اليد و السروج والأعنة ، تهيئة وصبغ الفراء","1512","صُنع حقائب الأمتعة وحقائب اليد وما شابهها، والسروج والأعنة","151250","صناعة السيور ، الأحزمة الجلدية ، سيور الساعات المصنوعة من الجلد الطبيعي أو من بدائله",
"C","الصناعة التحويلية","15","صُنع المنتجات الجلدية والمنتجات ذات الصلة","152","صُنع الأحذية","1520","صُنع الأحذية","152011","صناعة أنواع الأحذية الرجالية من الجلد",
"C","الصناعة التحويلية","15","صُنع المنتجات الجلدية والمنتجات ذات الصلة","152","صُنع الأحذية","1520","صُنع الأحذية","152012","صناعة أنواع الأحذية النسائية من الجلد",
"C","الصناعة التحويلية","15","صُنع المنتجات الجلدية والمنتجات ذات الصلة","152","صُنع الأحذية","1520","صُنع الأحذية","152013","صناعة أنواع أحذية الأطفال من الجلد",
"C","الصناعة التحويلية","15","صُنع المنتجات الجلدية والمنتجات ذات الصلة","152","صُنع الأحذية","1520","صُنع الأحذية","152021","صناعة أنواع الأحذية الرجالية من المطاط أو اللدائن أو الخشب",
"C","الصناعة التحويلية","15","صُنع المنتجات الجلدية والمنتجات ذات الصلة","152","صُنع الأحذية","1520","صُنع الأحذية","152022","صناعة أنواع الأحذية النسائية من المطاط أو اللدائن أو الخشب",
"C","الصناعة التحويلية","15","صُنع المنتجات الجلدية والمنتجات ذات الصلة","152","صُنع الأحذية","1520","صُنع الأحذية","152023","صناعة أنواع أحذية الأطفال من المطاط أو اللدائن أو الخشب",
"C","الصناعة التحويلية","15","صُنع المنتجات الجلدية والمنتجات ذات الصلة","152","صُنع الأحذية","1520","صُنع الأحذية","152030","صناعة الأحذية الرياضية والطبية والمهنية","صناعة الأحذية الرياضية والطبية والمهنية بما فيها المنتجات والملحقات المرتبطة بها"
"C","الصناعة التحويلية","15","صُنع المنتجات الجلدية والمنتجات ذات الصلة","152","صُنع الأحذية","1520","صُنع الأحذية","152040","صناعة وتفصيل أجزاء الأحذية",
"C","الصناعة التحويلية","15","صُنع المنتجات الجلدية والمنتجات ذات الصلة","152","صُنع الأحذية","1520","صُنع الأحذية","152051","صناعة الأحذية العسكرية","تشمل جميع أنواع الأحذية العسكرية"
"C","الصناعة التحويلية","16","صُنع الخشب ومنتجات الخشب والفلين ، باستثناء الأثاث ، صُنع أصناف من القش ومواد الضفر","161","نشر الخشب وسحجه","1610","نشر الخشب وسحجه","161011","نشر وتقطيع الخشب الخام",
"C","الصناعة التحويلية","16","صُنع الخشب ومنتجات الخشب والفلين ، باستثناء الأثاث ، صُنع أصناف من القش ومواد الضفر","161","نشر الخشب وسحجه","1610","نشر الخشب وسحجه","161012","صناعة العوارض الخشبية للسكك الحديدية",
"C","الصناعة التحويلية","16","صُنع الخشب ومنتجات الخشب والفلين ، باستثناء الأثاث ، صُنع أصناف من القش ومواد الضفر","161","نشر الخشب وسحجه","1610","نشر الخشب وسحجه","161013","تشريح وتقطيع الأخشاب",
"C","الصناعة التحويلية","16","صُنع الخشب ومنتجات الخشب والفلين ، باستثناء الأثاث ، صُنع أصناف من القش ومواد الضفر","161","نشر الخشب وسحجه","1610","نشر الخشب وسحجه","161014","صناعة صوف ودقيق الخشب في شكل جسيمات كنشاط أولي",
"C","الصناعة التحويلية","16","صُنع الخشب ومنتجات الخشب والفلين ، باستثناء الأثاث ، صُنع أصناف من القش ومواد الضفر","161","نشر الخشب وسحجه","1610","نشر الخشب وسحجه","161015","صناعة الحطب والفحم الصناعي",
"C","الصناعة التحويلية","16","صُنع الخشب ومنتجات الخشب والفلين ، باستثناء الأثاث ، صُنع أصناف من القش ومواد الضفر","161","نشر الخشب وسحجه","1610","نشر الخشب وسحجه","161020","تشريب الخشب أو معالجته كيمائيا بمواد حافظه",
"C","الصناعة التحويلية","16","صُنع الخشب ومنتجات الخشب والفلين ، باستثناء الأثاث ، صُنع أصناف من القش ومواد الضفر","161","نشر الخشب وسحجه","1610","نشر الخشب وسحجه","161030","انتاج أنواع نشارة الخشب",
"C","الصناعة التحويلية","16","صُنع الخشب ومنتجات الخشب والفلين ، باستثناء الأثاث ، صُنع أصناف من القش ومواد الضفر","161","نشر الخشب وسحجه","1610","نشر الخشب وسحجه","161040","صناعة الأرضيات الخشبية غير المجمعة",
"C","الصناعة التحويلية","16","صُنع الخشب ومنتجات الخشب والفلين ، باستثناء الأثاث ، صُنع أصناف من القش ومواد الضفر","162","صُنع منتجات من الخشب والفلين والقش ومواد الضفر","1621","صُنع رقائق من قشرة الخشب والألواح المصنوعة من الخشب","162110","صناعة صفائح من قشرة الخشب الرقيقة ( الأبلكاش )",
"C","الصناعة التحويلية","16","صُنع الخشب ومنتجات الخشب والفلين ، باستثناء الأثاث ، صُنع أصناف من القش ومواد الضفر","162","صُنع منتجات من الخشب والفلين والقش ومواد الضفر","1621","صُنع رقائق من قشرة الخشب والألواح المصنوعة من الخشب","162120","صناعة الخشب المقوى ( المضغوط )",
"C","الصناعة التحويلية","16","صُنع الخشب ومنتجات الخشب والفلين ، باستثناء الأثاث ، صُنع أصناف من القش ومواد الضفر","162","صُنع منتجات من الخشب والفلين والقش ومواد الضفر","1621","صُنع رقائق من قشرة الخشب والألواح المصنوعة من الخشب","162131","صناعة ألواح الخشب الحبيبي والألواح الليفية باستخدام مكابس الضغط",
"C","الصناعة التحويلية","16","صُنع الخشب ومنتجات الخشب والفلين ، باستثناء الأثاث ، صُنع أصناف من القش ومواد الضفر","162","صُنع منتجات من الخشب والفلين والقش ومواد الضفر","1621","صُنع رقائق من قشرة الخشب والألواح المصنوعة من الخشب","162132","صناعة الألواح الرقيقة",
"C","الصناعة التحويلية","16","صُنع الخشب ومنتجات الخشب والفلين ، باستثناء الأثاث ، صُنع أصناف من القش ومواد الضفر","162","صُنع منتجات من الخشب والفلين والقش ومواد الضفر","1622","صُنع منتجات ومشغولات النجارة اللازمة لعمال البناء","162211","صناعة العوارض ودعائم الأسقف الخشبية",
"C","الصناعة التحويلية","16","صُنع الخشب ومنتجات الخشب والفلين ، باستثناء الأثاث ، صُنع أصناف من القش ومواد الضفر","162","صُنع منتجات من الخشب والفلين والقش ومواد الضفر","1622","صُنع منتجات ومشغولات النجارة اللازمة لعمال البناء","162212","صناعة السقالات الخشبية",
"C","الصناعة التحويلية","16","صُنع الخشب ومنتجات الخشب والفلين ، باستثناء الأثاث ، صُنع أصناف من القش ومواد الضفر","162","صُنع منتجات من الخشب والفلين والقش ومواد الضفر","1622","صُنع منتجات ومشغولات النجارة اللازمة لعمال البناء","162220","صناعة الأبواب والنوافذ الخشبية",
"C","الصناعة التحويلية","16","صُنع الخشب ومنتجات الخشب والفلين ، باستثناء الأثاث ، صُنع أصناف من القش ومواد الضفر","162","صُنع منتجات من الخشب والفلين والقش ومواد الضفر","1622","صُنع منتجات ومشغولات النجارة اللازمة لعمال البناء","162231","صناعة السلالم والدرابزينات",
"C","الصناعة التحويلية","16","صُنع الخشب ومنتجات الخشب والفلين ، باستثناء الأثاث ، صُنع أصناف من القش ومواد الضفر","162","صُنع منتجات من الخشب والفلين والقش ومواد الضفر","1622","صُنع منتجات ومشغولات النجارة اللازمة لعمال البناء","162232","صناعة الشرفات الخشبية",
"C","الصناعة التحويلية","16","صُنع الخشب ومنتجات الخشب والفلين ، باستثناء الأثاث ، صُنع أصناف من القش ومواد الضفر","162","صُنع منتجات من الخشب والفلين والقش ومواد الضفر","1622","صُنع منتجات ومشغولات النجارة اللازمة لعمال البناء","162233","صناعة شرائح أرضيات الباركيه",
"C","الصناعة التحويلية","16","صُنع الخشب ومنتجات الخشب والفلين ، باستثناء الأثاث ، صُنع أصناف من القش ومواد الضفر","162","صُنع منتجات من الخشب والفلين والقش ومواد الضفر","1622","صُنع منتجات ومشغولات النجارة اللازمة لعمال البناء","162240","أعمال الديكور الخشبي",
"C","الصناعة التحويلية","16","صُنع الخشب ومنتجات الخشب والفلين ، باستثناء الأثاث ، صُنع أصناف من القش ومواد الضفر","162","صُنع منتجات من الخشب والفلين والقش ومواد الضفر","1622","صُنع منتجات ومشغولات النجارة اللازمة لعمال البناء","162250","أعمال ورش النجارة بشكل عام",
"C","الصناعة التحويلية","16","صُنع الخشب ومنتجات الخشب والفلين ، باستثناء الأثاث ، صُنع أصناف من القش ومواد الضفر","162","صُنع منتجات من الخشب والفلين والقش ومواد الضفر","1622","صُنع منتجات ومشغولات النجارة اللازمة لعمال البناء","162260","صناعة الحلي الخشبية المحدبة والقوالب والألواح الخشبية لكساء الأسقف والجدران الداخلية",
"C","الصناعة التحويلية","16","صُنع الخشب ومنتجات الخشب والفلين ، باستثناء الأثاث ، صُنع أصناف من القش ومواد الضفر","162","صُنع منتجات من الخشب والفلين والقش ومواد الضفر","1622","صُنع منتجات ومشغولات النجارة اللازمة لعمال البناء","162270","صناعة المباني الخشبية سابقة التجهيز",
"C","الصناعة التحويلية","16","صُنع الخشب ومنتجات الخشب والفلين ، باستثناء الأثاث ، صُنع أصناف من القش ومواد الضفر","162","صُنع منتجات من الخشب والفلين والقش ومواد الضفر","1622","صُنع منتجات ومشغولات النجارة اللازمة لعمال البناء","162280","صناعة الجدران والفواصل الخشبية المثبتة",
"C","الصناعة التحويلية","16","صُنع الخشب ومنتجات الخشب والفلين ، باستثناء الأثاث ، صُنع أصناف من القش ومواد الضفر","162","صُنع منتجات من الخشب والفلين والقش ومواد الضفر","1623","صُنع الأوعية الخشبية","162310","صناعة الحاويات الخشبية ، يشمل (علب التعبئة والصناديق وأوعية الشحن المصنوعة من الخشب )",
"C","الصناعة التحويلية","16","صُنع الخشب ومنتجات الخشب والفلين ، باستثناء الأثاث ، صُنع أصناف من القش ومواد الضفر","162","صُنع منتجات من الخشب والفلين والقش ومواد الضفر","1623","صُنع الأوعية الخشبية","162320","صناعة البراميل والأحواض الخشبية",
"C","الصناعة التحويلية","16","صُنع الخشب ومنتجات الخشب والفلين ، باستثناء الأثاث ، صُنع أصناف من القش ومواد الضفر","162","صُنع منتجات من الخشب والفلين والقش ومواد الضفر","1623","صُنع الأوعية الخشبية","162331","صناعة بكرات كابلات من الخشب",
"C","الصناعة التحويلية","16","صُنع الخشب ومنتجات الخشب والفلين ، باستثناء الأثاث ، صُنع أصناف من القش ومواد الضفر","162","صُنع منتجات من الخشب والفلين والقش ومواد الضفر","1623","صُنع الأوعية الخشبية","162332","صناعة المنصات الخشبية",
"C","الصناعة التحويلية","16","صُنع الخشب ومنتجات الخشب والفلين ، باستثناء الأثاث ، صُنع أصناف من القش ومواد الضفر","162","صُنع منتجات من الخشب والفلين والقش ومواد الضفر","1629","صُنع منتجات خشبية أخرى ، صُنع أصناف الفلّين والقش ومواد الضفر","162911","صناعة مقابض وهياكل العدد المصنوعة من الخشب",
"C","الصناعة التحويلية","16","صُنع الخشب ومنتجات الخشب والفلين ، باستثناء الأثاث ، صُنع أصناف من القش ومواد الضفر","162","صُنع منتجات من الخشب والفلين والقش ومواد الضفر","1629","صُنع منتجات خشبية أخرى ، صُنع أصناف الفلّين والقش ومواد الضفر","162912","صناعة أيدي وهياكل المكانس والفرجين ( الفرش ) المصنوعة من الخشب",
"C","الصناعة التحويلية","16","صُنع الخشب ومنتجات الخشب والفلين ، باستثناء الأثاث ، صُنع أصناف من القش ومواد الضفر","162","صُنع منتجات من الخشب والفلين والقش ومواد الضفر","1629","صُنع منتجات خشبية أخرى ، صُنع أصناف الفلّين والقش ومواد الضفر","162920","صناعة أجزاء وقوالب الأحذية",
"C","الصناعة التحويلية","16","صُنع الخشب ومنتجات الخشب والفلين ، باستثناء الأثاث ، صُنع أصناف من القش ومواد الضفر","162","صُنع منتجات من الخشب والفلين والقش ومواد الضفر","1629","صُنع منتجات خشبية أخرى ، صُنع أصناف الفلّين والقش ومواد الضفر","162931","صناعة الأوعية المنزلية من الخشب",
"C","الصناعة التحويلية","16","صُنع الخشب ومنتجات الخشب والفلين ، باستثناء الأثاث ، صُنع أصناف من القش ومواد الضفر","162","صُنع منتجات من الخشب والفلين والقش ومواد الضفر","1629","صُنع منتجات خشبية أخرى ، صُنع أصناف الفلّين والقش ومواد الضفر","162932","صناعة أدوات المطبخ من الخشب",
"C","الصناعة التحويلية","16","صُنع الخشب ومنتجات الخشب والفلين ، باستثناء الأثاث ، صُنع أصناف من القش ومواد الضفر","162","صُنع منتجات من الخشب والفلين والقش ومواد الضفر","1629","صُنع منتجات خشبية أخرى ، صُنع أصناف الفلّين والقش ومواد الضفر","162933","صناعة صناديق الأدوات المنزلية من الخشب",
"C","الصناعة التحويلية","16","صُنع الخشب ومنتجات الخشب والفلين ، باستثناء الأثاث ، صُنع أصناف من القش ومواد الضفر","162","صُنع منتجات من الخشب والفلين والقش ومواد الضفر","1629","صُنع منتجات خشبية أخرى ، صُنع أصناف الفلّين والقش ومواد الضفر","162941","صناعة تماثيل وتحف صغيرة من الخشب",
"C","الصناعة التحويلية","16","صُنع الخشب ومنتجات الخشب والفلين ، باستثناء الأثاث ، صُنع أصناف من القش ومواد الضفر","162","صُنع منتجات من الخشب والفلين والقش ومواد الضفر","1629","صُنع منتجات خشبية أخرى ، صُنع أصناف الفلّين والقش ومواد الضفر","162942","صناعة أطر البراويز من الخشب",
"C","الصناعة التحويلية","16","صُنع الخشب ومنتجات الخشب والفلين ، باستثناء الأثاث ، صُنع أصناف من القش ومواد الضفر","162","صُنع منتجات من الخشب والفلين والقش ومواد الضفر","1629","صُنع منتجات خشبية أخرى ، صُنع أصناف الفلّين والقش ومواد الضفر","162943","صناعة صناديق المجوهرات وعلب التحف من الخشب",
"C","الصناعة التحويلية","16","صُنع الخشب ومنتجات الخشب والفلين ، باستثناء الأثاث ، صُنع أصناف من القش ومواد الضفر","162","صُنع منتجات من الخشب والفلين والقش ومواد الضفر","1629","صُنع منتجات خشبية أخرى ، صُنع أصناف الفلّين والقش ومواد الضفر","162951","صناعة علاقات وشماعات الملابس",
"C","الصناعة التحويلية","16","صُنع الخشب ومنتجات الخشب والفلين ، باستثناء الأثاث ، صُنع أصناف من القش ومواد الضفر","162","صُنع منتجات من الخشب والفلين والقش ومواد الضفر","1629","صُنع منتجات خشبية أخرى ، صُنع أصناف الفلّين والقش ومواد الضفر","162952","صناعة ستائر التعتيم من الخشب",
"C","الصناعة التحويلية","16","صُنع الخشب ومنتجات الخشب والفلين ، باستثناء الأثاث ، صُنع أصناف من القش ومواد الضفر","162","صُنع منتجات من الخشب والفلين والقش ومواد الضفر","1629","صُنع منتجات خشبية أخرى ، صُنع أصناف الفلّين والقش ومواد الضفر","162960","صناعة الضفائر وصناعة الأوعية وأشغال الخوص والسلع الصغيرة من مواد الضفر أو الجريد أو الخيزران أو الغاب",
"C","الصناعة التحويلية","16","صُنع الخشب ومنتجات الخشب والفلين ، باستثناء الأثاث ، صُنع أصناف من القش ومواد الضفر","162","صُنع منتجات من الخشب والفلين والقش ومواد الضفر","1629","صُنع منتجات خشبية أخرى ، صُنع أصناف الفلّين والقش ومواد الضفر","162970","تجهيز وتصنيع الفلين الطبيعي ، ومنتجات الفلين ، يشمل (صفائح وألواح وبلاط مصنوع من الفلين والفلين المكتل ، ... الخ)",
"C","الصناعة التحويلية","17","صُنع الورق ومنتجات الورق","170","صنع الورق ومنتجات الــــورق","1701","صُنع اللُباب والورق والورق المقوى","170111","صناعة لباب الورق من الخشب",
"C","الصناعة التحويلية","17","صُنع الورق ومنتجات الورق","170","صنع الورق ومنتجات الــــورق","1701","صُنع اللُباب والورق والورق المقوى","170112","صناعة عجائن الورق من الألياف",
"C","الصناعة التحويلية","17","صُنع الورق ومنتجات الورق","170","صنع الورق ومنتجات الــــورق","1701","صُنع اللُباب والورق والورق المقوى","170113","صناعة عجائن الورق من النفايات مع إزالة الحبر",
"C","الصناعة التحويلية","17","صُنع الورق ومنتجات الورق","170","صنع الورق ومنتجات الــــورق","1701","صُنع اللُباب والورق والورق المقوى","170119","صناعة اللُباب والورق والورق المقوى",
"C","الصناعة التحويلية","17","صُنع الورق ومنتجات الورق","170","صنع الورق ومنتجات الــــورق","1701","صُنع اللُباب والورق والورق المقوى","170120","صناعة ورق الصحف",
"C","الصناعة التحويلية","17","صُنع الورق ومنتجات الورق","170","صنع الورق ومنتجات الــــورق","1701","صُنع اللُباب والورق والورق المقوى","170131","صناعة ورق الكتابة",
"C","الصناعة التحويلية","17","صُنع الورق ومنتجات الورق","170","صنع الورق ومنتجات الــــورق","1701","صُنع اللُباب والورق والورق المقوى","170132","صناعة ورق الرسم والطباعة",
"C","الصناعة التحويلية","17","صُنع الورق ومنتجات الورق","170","صنع الورق ومنتجات الــــورق","1701","صُنع اللُباب والورق والورق المقوى","170133","صناعة الورق الشفاف والمصقول",
"C","الصناعة التحويلية","17","صُنع الورق ومنتجات الورق","170","صنع الورق ومنتجات الــــورق","1701","صُنع اللُباب والورق والورق المقوى","170140","صناعة الورق المقوى المضغوط المستخدم في البناء والتشييد والأعمال الأخرى",
"C","الصناعة التحويلية","17","صُنع الورق ومنتجات الورق","170","صنع الورق ومنتجات الــــورق","1701","صُنع اللُباب والورق والورق المقوى","170151","صناعة خام ورق المحارم",
"C","الصناعة التحويلية","17","صُنع الورق ومنتجات الورق","170","صنع الورق ومنتجات الــــورق","1701","صُنع اللُباب والورق والورق المقوى","170152","صناعة خام ورق اللف والتغليف",
"C","الصناعة التحويلية","17","صُنع الورق ومنتجات الورق","170","صنع الورق ومنتجات الــــورق","1701","صُنع اللُباب والورق والورق المقوى","170160","عمليات التجهيز الأخرى للورق والورق المقوى كالتكسية والصقل والتجعيد",
"C","الصناعة التحويلية","17","صُنع الورق ومنتجات الورق","170","صنع الورق ومنتجات الــــورق","1702","صُنع الورق المموّج والورق المقوى والأوعية المصنوعة من الورق والورق المقوى","170210","صناعة الورق والورق المقوى المموج (الكرتون)",
"C","الصناعة التحويلية","17","صُنع الورق ومنتجات الورق","170","صنع الورق ومنتجات الــــورق","1702","صُنع الورق المموّج والورق المقوى والأوعية المصنوعة من الورق والورق المقوى","170220","صناعة أوعية من الورق أو من الورق المقوي المموج للأغذية والمشروبات والأغراض الأخرى",
"C","الصناعة التحويلية","17","صُنع الورق ومنتجات الورق","170","صنع الورق ومنتجات الــــورق","1702","صُنع الورق المموّج والورق المقوى والأوعية المصنوعة من الورق والورق المقوى","170230","صناعة علب كرتون ، صناديق ، شنط مطوية أو مفردة من الورق أو من الورق المقوى المموج",
"C","الصناعة التحويلية","17","صُنع الورق ومنتجات الورق","170","صنع الورق ومنتجات الــــورق","1702","صُنع الورق المموّج والورق المقوى والأوعية المصنوعة من الورق والورق المقوى","170240","صناعة أكياس ورقيه",
"C","الصناعة التحويلية","17","صُنع الورق ومنتجات الورق","170","صنع الورق ومنتجات الــــورق","1702","صُنع الورق المموّج والورق المقوى والأوعية المصنوعة من الورق والورق المقوى","170251","صناعة علب حفظ الملفات الورقية",
"C","الصناعة التحويلية","17","صُنع الورق ومنتجات الورق","170","صنع الورق ومنتجات الــــورق","1702","صُنع الورق المموّج والورق المقوى والأوعية المصنوعة من الورق والورق المقوى","170252","صناعة أغلفة الأسطوانات الورقية",
"C","الصناعة التحويلية","17","صُنع الورق ومنتجات الورق","170","صنع الورق ومنتجات الــــورق","1709","صُنع أصناف أخرى من الورق والورق المقوى","170910","صناعة ورق الكربون وورق النسخ والنقل بأحجام مختلفة",
"C","الصناعة التحويلية","17","صُنع الورق ومنتجات الورق","170","صنع الورق ومنتجات الــــورق","1709","صُنع أصناف أخرى من الورق والورق المقوى","170920","صناعة أظرف الخطابات وبطاقات المراسلة والمعايدة والبطاقات البريدية غير المصورة",
"C","الصناعة التحويلية","17","صُنع الورق ومنتجات الورق","170","صنع الورق ومنتجات الــــورق","1709","صُنع أصناف أخرى من الورق والورق المقوى","170930","صناعة الدفاتر والكراسات المدرسية ، والأصناف المكتبية والمدرسية الورقية",
"C","الصناعة التحويلية","17","صُنع الورق ومنتجات الورق","170","صنع الورق ومنتجات الــــورق","1709","صُنع أصناف أخرى من الورق والورق المقوى","170941","صناعة الورق الصحي والمناديل ومناديل التنظيف والمناشف",
"C","الصناعة التحويلية","17","صُنع الورق ومنتجات الورق","170","صنع الورق ومنتجات الــــورق","1709","صُنع أصناف أخرى من الورق والورق المقوى","170942","صناعة الفوط الصحية",
"C","الصناعة التحويلية","17","صُنع الورق ومنتجات الورق","170","صنع الورق ومنتجات الــــورق","1709","صُنع أصناف أخرى من الورق والورق المقوى","170943","صناعة حفائظ الأطفال",
"C","الصناعة التحويلية","17","صُنع الورق ومنتجات الورق","170","صنع الورق ومنتجات الــــورق","1709","صُنع أصناف أخرى من الورق والورق المقوى","170944","صناعة مناديل المائدة",
"C","الصناعة التحويلية","17","صُنع الورق ومنتجات الورق","170","صنع الورق ومنتجات الــــورق","1709","صُنع أصناف أخرى من الورق والورق المقوى","170950","صناعة منتجات ورقية للأغراض المنزلية ، يشمل ( الأطباق والأكواب )",
"C","الصناعة التحويلية","17","صُنع الورق ومنتجات الورق","170","صنع الورق ومنتجات الــــورق","1709","صُنع أصناف أخرى من الورق والورق المقوى","170960","صناعة قوالب وشرائح ورقائق الترشيح من عجينه الورق",
"C","الصناعة التحويلية","17","صُنع الورق ومنتجات الورق","170","صنع الورق ومنتجات الــــورق","1709","صُنع أصناف أخرى من الورق والورق المقوى","170971","صناعة ورق الزينة",
"C","الصناعة التحويلية","17","صُنع الورق ومنتجات الورق","170","صنع الورق ومنتجات الــــورق","1709","صُنع أصناف أخرى من الورق والورق المقوى","170972","صناعة أطباق البيض وما شابهها",
"C","الصناعة التحويلية","17","صُنع الورق ومنتجات الورق","170","صنع الورق ومنتجات الــــورق","1709","صُنع أصناف أخرى من الورق والورق المقوى","170973","صناعة ورق الجدران",
"C","الصناعة التحويلية","17","صُنع الورق ومنتجات الورق","170","صنع الورق ومنتجات الــــورق","1709","صُنع أصناف أخرى من الورق والورق المقوى","170974","صناعة ورق التفصيل",
"C","الصناعة التحويلية","17","صُنع الورق ومنتجات الورق","170","صنع الورق ومنتجات الــــورق","1709","صُنع أصناف أخرى من الورق والورق المقوى","170980","صناعة ورق الطباعة والكتابة والحاسوب الجاهز للإستعمال",
"C","الصناعة التحويلية","18","الطباعة واستنساخ وسائط الأعلام المسجّلة","181","الطباعة وأنشطة الخدمات المتصلة بالطباعة","1811","الطباعة","181100","الطباعة",
"C","الصناعة التحويلية","18","الطباعة واستنساخ وسائط الأعلام المسجّلة","181","الطباعة وأنشطة الخدمات المتصلة بالطباعة","1811","الطباعة","181180","الحفر والحفر الضوئي على الألواح المعدنية أو البلاستيكية (الزنك غراف)",
"C","الصناعة التحويلية","18","الطباعة واستنساخ وسائط الأعلام المسجّلة","181","الطباعة وأنشطة الخدمات المتصلة بالطباعة","1812","أنشطة الخدمات المتصلة بالطباعة","181210","تجليد الكتب",
"C","الصناعة التحويلية","18","الطباعة واستنساخ وسائط الأعلام المسجّلة","182","استنساخ وسائط الإعلام المسجّلة","1820","استنساخ وسائط الإعلام المسجّلة","182020","استنساخ التسجيلات وأشرطة التسجيل البصرية (الفيديو)",
"C","الصناعة التحويلية","18","الطباعة واستنساخ وسائط الأعلام المسجّلة","182","استنساخ وسائط الإعلام المسجّلة","1820","استنساخ وسائط الإعلام المسجّلة","182050","استنساخ برامج الحاسب الآلي الجاهزة (سوفت وير )",
"C","الصناعة التحويلية","18","الطباعة واستنساخ وسائط الأعلام المسجّلة","182","استنساخ وسائط الإعلام المسجّلة","1820","استنساخ وسائط الإعلام المسجّلة","182060","استنساخ الأفلام السينمائية",
"C","الصناعة التحويلية","19","صنع فحم الكوك والمنتجات النفطية المكررة","191","صنع منتجات أفران الكوك","1910","صنع منتجات أفران الكوك","191010","انتاج فحم الكوك أو الفحم المكربن",
"C","الصناعة التحويلية","19","صنع فحم الكوك والمنتجات النفطية المكررة","191","صنع منتجات أفران الكوك","1910","صنع منتجات أفران الكوك","191020","تجميع فحم الكوك على شكل كتل",
"C","الصناعة التحويلية","19","صنع فحم الكوك والمنتجات النفطية المكررة","191","صنع منتجات أفران الكوك","1910","صنع منتجات أفران الكوك","191030","منتجات فحم الكوك المتخلفة ، يشمل ( القطران والقار ... الخ )",
"C","الصناعة التحويلية","19","صنع فحم الكوك والمنتجات النفطية المكررة","192","صنع المنتجات النفطية المكررة","1920","صنع المنتجات النفطية المكررة","192010","انتاج أنواع الوقود السائلة ( منتجات مصافي البترول )",
"C","الصناعة التحويلية","19","صنع فحم الكوك والمنتجات النفطية المكررة","192","صنع المنتجات النفطية المكررة","1920","صنع المنتجات النفطية المكررة","192020","انتاج أنواع الوقود الغازية ، يشمل ( الإيثان ، البيوتان ، البروبان .. الخ )",
"C","الصناعة التحويلية","19","صنع فحم الكوك والمنتجات النفطية المكررة","192","صنع المنتجات النفطية المكررة","1920","صنع المنتجات النفطية المكررة","192030","انتاج زيوت الإنارة",
"C","الصناعة التحويلية","19","صنع فحم الكوك والمنتجات النفطية المكررة","192","صنع المنتجات النفطية المكررة","1920","صنع المنتجات النفطية المكررة","192040","انتاج زيوت التشحيم للمعدات والمحركات",
"C","الصناعة التحويلية","19","صنع فحم الكوك والمنتجات النفطية المكررة","192","صنع المنتجات النفطية المكررة","1920","صنع المنتجات النفطية المكررة","192051","انتاج شمع البرافين",
"C","الصناعة التحويلية","19","صنع فحم الكوك والمنتجات النفطية المكررة","192","صنع المنتجات النفطية المكررة","1920","صنع المنتجات النفطية المكررة","192052","انتاج الإسفلت",
"C","الصناعة التحويلية","20","صُنع المواد الكيميائية والمنتجات الكيميائية","201","صُنع المواد الكيميائية الأساسية ، صُنع الأسمدة والمركّبات الآزوتية واللدائن والمطاط التركيبي في أشكال أوّلية","2011","صُنع المواد الكيميائية الأساسية","201110","صناعة الكيماويات العضوية الأساسية ، يشمل الاستلين عدا الأسمدة والمركبات الأزوتيه ( النتروجينية )",
"C","الصناعة التحويلية","20","صُنع المواد الكيميائية والمنتجات الكيميائية","201","صُنع المواد الكيميائية الأساسية ، صُنع الأسمدة والمركّبات الآزوتية واللدائن والمطاط التركيبي في أشكال أوّلية","2011","صُنع المواد الكيميائية الأساسية","201121","انتاج الغازات الأولية ، يشمل ( الاوكسجين والهيدروجين .. الخ )",
"C","الصناعة التحويلية","20","صُنع المواد الكيميائية والمنتجات الكيميائية","201","صُنع المواد الكيميائية الأساسية ، صُنع الأسمدة والمركّبات الآزوتية واللدائن والمطاط التركيبي في أشكال أوّلية","2011","صُنع المواد الكيميائية الأساسية","201122","انتاج الهواء السائل والمضغوط",
"C","الصناعة التحويلية","20","صُنع المواد الكيميائية والمنتجات الكيميائية","201","صُنع المواد الكيميائية الأساسية ، صُنع الأسمدة والمركّبات الآزوتية واللدائن والمطاط التركيبي في أشكال أوّلية","2011","صُنع المواد الكيميائية الأساسية","201123","انتاج غازات التبريد",
"C","الصناعة التحويلية","20","صُنع المواد الكيميائية والمنتجات الكيميائية","201","صُنع المواد الكيميائية الأساسية ، صُنع الأسمدة والمركّبات الآزوتية واللدائن والمطاط التركيبي في أشكال أوّلية","2011","صُنع المواد الكيميائية الأساسية","201124","انتاج الغازات الصناعية المخلوطة",
"C","الصناعة التحويلية","20","صُنع المواد الكيميائية والمنتجات الكيميائية","201","صُنع المواد الكيميائية الأساسية ، صُنع الأسمدة والمركّبات الآزوتية واللدائن والمطاط التركيبي في أشكال أوّلية","2011","صُنع المواد الكيميائية الأساسية","201125","صُنع الغازات الطبية",
"C","الصناعة التحويلية","20","صُنع المواد الكيميائية والمنتجات الكيميائية","201","صُنع المواد الكيميائية الأساسية ، صُنع الأسمدة والمركّبات الآزوتية واللدائن والمطاط التركيبي في أشكال أوّلية","2011","صُنع المواد الكيميائية الأساسية","201126","إنتاج الهيدروجين الأخضر ومشتقاته المنتج من مصادر طاقة متجددة","إنتاج الهيدروجين الأخضر والذي ينتج عن طريق عملية التحليل الكهربائي باستخدام مصادر متجددة ويشمل ذلك مشتقات الهيدروجين الأخضر كالوقود المصنع والأمونيا الخضراء والميثانول الأخضر"
"C","الصناعة التحويلية","20","صُنع المواد الكيميائية والمنتجات الكيميائية","201","صُنع المواد الكيميائية الأساسية ، صُنع الأسمدة والمركّبات الآزوتية واللدائن والمطاط التركيبي في أشكال أوّلية","2011","صُنع المواد الكيميائية الأساسية","201130","صناعة الأحماض غير العضوية",
"C","الصناعة التحويلية","20","صُنع المواد الكيميائية والمنتجات الكيميائية","201","صُنع المواد الكيميائية الأساسية ، صُنع الأسمدة والمركّبات الآزوتية واللدائن والمطاط التركيبي في أشكال أوّلية","2011","صُنع المواد الكيميائية الأساسية","201140","صناعة القلويات بما فيها الصودا الكاوية",
"C","الصناعة التحويلية","20","صُنع المواد الكيميائية والمنتجات الكيميائية","201","صُنع المواد الكيميائية الأساسية ، صُنع الأسمدة والمركّبات الآزوتية واللدائن والمطاط التركيبي في أشكال أوّلية","2011","صُنع المواد الكيميائية الأساسية","201150","صناعة مواد الصباغة والتلوين والدباغة الصناعية والطبيعية",
"C","الصناعة التحويلية","20","صُنع المواد الكيميائية والمنتجات الكيميائية","201","صُنع المواد الكيميائية الأساسية ، صُنع الأسمدة والمركّبات الآزوتية واللدائن والمطاط التركيبي في أشكال أوّلية","2011","صُنع المواد الكيميائية الأساسية","201160","صناعة العناصر الكيميائية",
"C","الصناعة التحويلية","20","صُنع المواد الكيميائية والمنتجات الكيميائية","201","صُنع المواد الكيميائية الأساسية ، صُنع الأسمدة والمركّبات الآزوتية واللدائن والمطاط التركيبي في أشكال أوّلية","2011","صُنع المواد الكيميائية الأساسية","201170","صناعة المياه المقطرة",
"C","الصناعة التحويلية","20","صُنع المواد الكيميائية والمنتجات الكيميائية","201","صُنع المواد الكيميائية الأساسية ، صُنع الأسمدة والمركّبات الآزوتية واللدائن والمطاط التركيبي في أشكال أوّلية","2011","صُنع المواد الكيميائية الأساسية","201180","تسييل الغاز الطبيعي",
"C","الصناعة التحويلية","20","صُنع المواد الكيميائية والمنتجات الكيميائية","201","صُنع المواد الكيميائية الأساسية ، صُنع الأسمدة والمركّبات الآزوتية واللدائن والمطاط التركيبي في أشكال أوّلية","2012","صنع الأسمدة والمركبات الأزوتية","201210","صنع الأسمدة والمركبات الأزوتية",
"C","الصناعة التحويلية","20","صُنع المواد الكيميائية والمنتجات الكيميائية","201","صُنع المواد الكيميائية الأساسية ، صُنع الأسمدة والمركّبات الآزوتية واللدائن والمطاط التركيبي في أشكال أوّلية","2012","صنع الأسمدة والمركبات الأزوتية","201220","صناعة الأسمدة الفوسفاتية",
"C","الصناعة التحويلية","20","صُنع المواد الكيميائية والمنتجات الكيميائية","201","صُنع المواد الكيميائية الأساسية ، صُنع الأسمدة والمركّبات الآزوتية واللدائن والمطاط التركيبي في أشكال أوّلية","2012","صنع الأسمدة والمركبات الأزوتية","201230","صناعة الأسمدة البوتاسيه",
"C","الصناعة التحويلية","20","صُنع المواد الكيميائية والمنتجات الكيميائية","201","صُنع المواد الكيميائية الأساسية ، صُنع الأسمدة والمركّبات الآزوتية واللدائن والمطاط التركيبي في أشكال أوّلية","2012","صنع الأسمدة والمركبات الأزوتية","201240","صناعة اليوريا والأملاح الفوسفاتية والبوتاسية الطبيعية",
"C","الصناعة التحويلية","20","صُنع المواد الكيميائية والمنتجات الكيميائية","201","صُنع المواد الكيميائية الأساسية ، صُنع الأسمدة والمركّبات الآزوتية واللدائن والمطاط التركيبي في أشكال أوّلية","2012","صنع الأسمدة والمركبات الأزوتية","201251","انتاج حمض النيتريك",
"C","الصناعة التحويلية","20","صُنع المواد الكيميائية والمنتجات الكيميائية","201","صُنع المواد الكيميائية الأساسية ، صُنع الأسمدة والمركّبات الآزوتية واللدائن والمطاط التركيبي في أشكال أوّلية","2012","صنع الأسمدة والمركبات الأزوتية","201252","انتاج الأمونيا (النشادر)",
"C","الصناعة التحويلية","20","صُنع المواد الكيميائية والمنتجات الكيميائية","201","صُنع المواد الكيميائية الأساسية ، صُنع الأسمدة والمركّبات الآزوتية واللدائن والمطاط التركيبي في أشكال أوّلية","2012","صنع الأسمدة والمركبات الأزوتية","201253","انتاج نترات البوتاسيوم",
"C","الصناعة التحويلية","20","صُنع المواد الكيميائية والمنتجات الكيميائية","201","صُنع المواد الكيميائية الأساسية ، صُنع الأسمدة والمركّبات الآزوتية واللدائن والمطاط التركيبي في أشكال أوّلية","2013","صنع اللدائن والمطاط التركيبي في اشكالها الأولية","201310","صناعة البلاستيك (اللدائن ) في أشكالها الأولية",
"C","الصناعة التحويلية","20","صُنع المواد الكيميائية والمنتجات الكيميائية","201","صُنع المواد الكيميائية الأساسية ، صُنع الأسمدة والمركّبات الآزوتية واللدائن والمطاط التركيبي في أشكال أوّلية","2013","صنع اللدائن والمطاط التركيبي في اشكالها الأولية","201320","صناعة المطاط التركيبي المشتق من الزيوت بأشكالها الأولية",
"C","الصناعة التحويلية","20","صُنع المواد الكيميائية والمنتجات الكيميائية","201","صُنع المواد الكيميائية الأساسية ، صُنع الأسمدة والمركّبات الآزوتية واللدائن والمطاط التركيبي في أشكال أوّلية","2013","صنع اللدائن والمطاط التركيبي في اشكالها الأولية","201330","صناعة مخاليط المطاط التركيبي والمطاط الطبيعي",
"C","الصناعة التحويلية","20","صُنع المواد الكيميائية والمنتجات الكيميائية","201","صُنع المواد الكيميائية الأساسية ، صُنع الأسمدة والمركّبات الآزوتية واللدائن والمطاط التركيبي في أشكال أوّلية","2013","صنع اللدائن والمطاط التركيبي في اشكالها الأولية","201340","صناعة الأصماغ المشابهة للمطاط بأشكالها الأولية",
"C","الصناعة التحويلية","20","صُنع المواد الكيميائية والمنتجات الكيميائية","201","صُنع المواد الكيميائية الأساسية ، صُنع الأسمدة والمركّبات الآزوتية واللدائن والمطاط التركيبي في أشكال أوّلية","2013","صنع اللدائن والمطاط التركيبي في اشكالها الأولية","201350","صناعة البروبلين",
"C","الصناعة التحويلية","20","صُنع المواد الكيميائية والمنتجات الكيميائية","201","صُنع المواد الكيميائية الأساسية ، صُنع الأسمدة والمركّبات الآزوتية واللدائن والمطاط التركيبي في أشكال أوّلية","2013","صنع اللدائن والمطاط التركيبي في اشكالها الأولية","201360","صناعة البولي أثيلين",
"C","الصناعة التحويلية","20","صُنع المواد الكيميائية والمنتجات الكيميائية","202","صنع منتجات كيميائية أخرى","2021","صنع مبيدات الآفات والمنتجات الكيميائية الزراعية الأخرى","202110","صناعة المبيدات الزراعية ومبيدات الفطريات والأعشاب الضارة",
"C","الصناعة التحويلية","20","صُنع المواد الكيميائية والمنتجات الكيميائية","202","صنع منتجات كيميائية أخرى","2021","صنع مبيدات الآفات والمنتجات الكيميائية الزراعية الأخرى","202120","صناعة مبيدات الحشرات والقوارض المنزلية",
"C","الصناعة التحويلية","20","صُنع المواد الكيميائية والمنتجات الكيميائية","202","صنع منتجات كيميائية أخرى","2021","صنع مبيدات الآفات والمنتجات الكيميائية الزراعية الأخرى","202130","صناعة مضادات الإنبات ومنظمات نمو النباتات",
"C","الصناعة التحويلية","20","صُنع المواد الكيميائية والمنتجات الكيميائية","202","صنع منتجات كيميائية أخرى","2021","صنع مبيدات الآفات والمنتجات الكيميائية الزراعية الأخرى","202140","صناعة المطهرات للاستخدام الزراعي",
"C","الصناعة التحويلية","20","صُنع المواد الكيميائية والمنتجات الكيميائية","202","صنع منتجات كيميائية أخرى","2021","صنع مبيدات الآفات والمنتجات الكيميائية الزراعية الأخرى","202151","صناعة مبيدات آفات الصحة العامة",
"C","الصناعة التحويلية","20","صُنع المواد الكيميائية والمنتجات الكيميائية","202","صنع منتجات كيميائية أخرى","2021","صنع مبيدات الآفات والمنتجات الكيميائية الزراعية الأخرى","202152","صناعة المطهرات والمعقمات الخاصة بالأجهزة والمنتجات الطبية",
"C","الصناعة التحويلية","20","صُنع المواد الكيميائية والمنتجات الكيميائية","202","صنع منتجات كيميائية أخرى","2021","صنع مبيدات الآفات والمنتجات الكيميائية الزراعية الأخرى","202153","صناعة المطهرات والمعقمات للاستخدام الغير طبي",
"C","الصناعة التحويلية","20","صُنع المواد الكيميائية والمنتجات الكيميائية","202","صنع منتجات كيميائية أخرى","2022","صنع الدهانات والورنيشات والطلاءات المماثلة وأحبار الطباعة والمعاجين المستكية","202210","صناعة الدهانات",
"C","الصناعة التحويلية","20","صُنع المواد الكيميائية والمنتجات الكيميائية","202","صنع منتجات كيميائية أخرى","2022","صنع الدهانات والورنيشات والطلاءات المماثلة وأحبار الطباعة والمعاجين المستكية","202220","صناعة الورنيشات ( مواد الصقل )",
"C","الصناعة التحويلية","20","صُنع المواد الكيميائية والمنتجات الكيميائية","202","صنع منتجات كيميائية أخرى","2022","صنع الدهانات والورنيشات والطلاءات المماثلة وأحبار الطباعة والمعاجين المستكية","202230","صناعة الخضاب المحضرة ومعتمات الألوان",
"C","الصناعة التحويلية","20","صُنع المواد الكيميائية والمنتجات الكيميائية","202","صنع منتجات كيميائية أخرى","2022","صنع الدهانات والورنيشات والطلاءات المماثلة وأحبار الطباعة والمعاجين المستكية","202240","صناعة معاجين طلاء المينا أو الخزف",
"C","الصناعة التحويلية","20","صُنع المواد الكيميائية والمنتجات الكيميائية","202","صنع منتجات كيميائية أخرى","2022","صنع الدهانات والورنيشات والطلاءات المماثلة وأحبار الطباعة والمعاجين المستكية","202250","صناعة مواد التلوين المستخدمة في صنع الدهانات ، ومواد التلوين المستخدمة من الفنانين وغيرهم",
"C","الصناعة التحويلية","20","صُنع المواد الكيميائية والمنتجات الكيميائية","202","صنع منتجات كيميائية أخرى","2022","صنع الدهانات والورنيشات والطلاءات المماثلة وأحبار الطباعة والمعاجين المستكية","202260","صناعة المواد اللاصقة أو المستحضرات غير الحرارية المماثلة المستخدمة في الحشو أو تسوية السطوح",
"C","الصناعة التحويلية","20","صُنع المواد الكيميائية والمنتجات الكيميائية","202","صنع منتجات كيميائية أخرى","2022","صنع الدهانات والورنيشات والطلاءات المماثلة وأحبار الطباعة والمعاجين المستكية","202270","صناعة المذيبات والمخففات المركبة العضوية ، يشمل ( صناعة محضرات إزالة الدهانات أو الورنيش )",
"C","الصناعة التحويلية","20","صُنع المواد الكيميائية والمنتجات الكيميائية","202","صنع منتجات كيميائية أخرى","2022","صنع الدهانات والورنيشات والطلاءات المماثلة وأحبار الطباعة والمعاجين المستكية","202280","صناعة أحبار الطباعة",
"C","الصناعة التحويلية","20","صُنع المواد الكيميائية والمنتجات الكيميائية","202","صنع منتجات كيميائية أخرى","2022","صنع الدهانات والورنيشات والطلاءات المماثلة وأحبار الطباعة والمعاجين المستكية","202291","صناعة الطلاء المتخصص للاستخدام العسكري","تشمل جميع أنواع الطلاء والدهان ذات المواصفات والخصائص العسكرية"
"C","الصناعة التحويلية","20","صُنع المواد الكيميائية والمنتجات الكيميائية","202","صنع منتجات كيميائية أخرى","2023","صنع الصابون والمنظفات ومستحضرات التنظيف والتلميع والعطور ومستحضرات التجميل","202311","صناعة الصابون بجميع أشكاله ، يشمل ( المعجون ، السائل ، الجاف )","هي المصانع التي تفوم بصناعة الصابون بجميع أشكاله ، يشمل ( المعجون ، السائل ، الجاف ) ( وجميع المصانع لها ثلاث أنشطة رئيسية 1/ تصنيع منتجات 2/ تعبئة وتغليف أولى 3/ تعبئة وتغليف ثانوي )"
"C","الصناعة التحويلية","20","صُنع المواد الكيميائية والمنتجات الكيميائية","202","صنع منتجات كيميائية أخرى","2023","صنع الصابون والمنظفات ومستحضرات التنظيف والتلميع والعطور ومستحضرات التجميل","202312","صناعة الورق واللباد المغطى بالصابون",
"C","الصناعة التحويلية","20","صُنع المواد الكيميائية والمنتجات الكيميائية","202","صنع منتجات كيميائية أخرى","2023","صنع الصابون والمنظفات ومستحضرات التنظيف والتلميع والعطور ومستحضرات التجميل","202313","صناعة الشامبوهات","هي المصانع التي تفوم بصناعة الشامبو ( وجميع المصانع لها ثلاث أنشطة رئيسية 1/ تصنيع منتجات 2/ تعبئة وتغليف أولى 3/ تعبئة وتغليف ثانوي )"
"C","الصناعة التحويلية","20","صُنع المواد الكيميائية والمنتجات الكيميائية","202","صنع منتجات كيميائية أخرى","2023","صنع الصابون والمنظفات ومستحضرات التنظيف والتلميع والعطور ومستحضرات التجميل","202321","صناعة المنظفات الصناعية",
"C","الصناعة التحويلية","20","صُنع المواد الكيميائية والمنتجات الكيميائية","202","صنع منتجات كيميائية أخرى","2023","صنع الصابون والمنظفات ومستحضرات التنظيف والتلميع والعطور ومستحضرات التجميل","202322","صناعة ملمعات ومعاجين الجلود",
"C","الصناعة التحويلية","20","صُنع المواد الكيميائية والمنتجات الكيميائية","202","صنع منتجات كيميائية أخرى","2023","صنع الصابون والمنظفات ومستحضرات التنظيف والتلميع والعطور ومستحضرات التجميل","202323","صناعة ملمعات الأرضيات والزجاج والأثاث",
"C","الصناعة التحويلية","20","صُنع المواد الكيميائية والمنتجات الكيميائية","202","صنع منتجات كيميائية أخرى","2023","صنع الصابون والمنظفات ومستحضرات التنظيف والتلميع والعطور ومستحضرات التجميل","202324","صناعة مساحيق الجلي",
"C","الصناعة التحويلية","20","صُنع المواد الكيميائية والمنتجات الكيميائية","202","صنع منتجات كيميائية أخرى","2023","صنع الصابون والمنظفات ومستحضرات التنظيف والتلميع والعطور ومستحضرات التجميل","202325","صناعة مواد ومستحضرات الغسيل والتنظيف",
"C","الصناعة التحويلية","20","صُنع المواد الكيميائية والمنتجات الكيميائية","202","صنع منتجات كيميائية أخرى","2023","صنع الصابون والمنظفات ومستحضرات التنظيف والتلميع والعطور ومستحضرات التجميل","202330","صناعة مستحضرات تعطير الغرف وإزالة الروائح","هي المصانع التي تقوم بصناعة وتصدير مستحضرات تعطير الغرف ( وجميع المصانع لها ثلاث أنشطة رئيسية 1/ تصنيع منتجات 2/ تعبئة وتغليف أولى 3/ تعبئة وتغليف ثانوي )"
"C","الصناعة التحويلية","20","صُنع المواد الكيميائية والمنتجات الكيميائية","202","صنع منتجات كيميائية أخرى","2023","صنع الصابون والمنظفات ومستحضرات التنظيف والتلميع والعطور ومستحضرات التجميل","202341","صناعة العطورات الرجالية والنسائية","هي المصانع التي تفوم بصناعة وتصدير العطورات الرجالية والنسائية ( وجميع المصانع لها ثلاث أنشطة رئيسية 1/ تصنيع منتجات 2/ تعبئة وتغليف أولى 3/ تعبئة وتغليف ثانوي )"
"C","الصناعة التحويلية","20","صُنع المواد الكيميائية والمنتجات الكيميائية","202","صنع منتجات كيميائية أخرى","2023","صنع الصابون والمنظفات ومستحضرات التنظيف والتلميع والعطور ومستحضرات التجميل","202342","صناعة الكولونيا وماء التواليت","هي المصانع التي تقوم بصناعة وتصدير مستحضرات الكولونيا وماء التواليت ( وجميع المصانع لها ثلاث أنشطة رئيسية 1/ تصنيع منتجات 2/ تعبئة وتغليف أولى 3/ تعبئة وتغليف ثانوي )"
"C","الصناعة التحويلية","20","صُنع المواد الكيميائية والمنتجات الكيميائية","202","صنع منتجات كيميائية أخرى","2023","صنع الصابون والمنظفات ومستحضرات التنظيف والتلميع والعطور ومستحضرات التجميل","202343","صناعة العود ودهن العود","هي المصانع التي تقوم بصناعة وتصدير العود ودهن العود ( وجميع المصانع لها ثلاث أنشطة رئيسية 1/ تصنيع منتجات 2/ تعبئة وتغليف أولى 3/ تعبئة وتغليف ثانوي )"
"C","الصناعة التحويلية","20","صُنع المواد الكيميائية والمنتجات الكيميائية","202","صنع منتجات كيميائية أخرى","2023","صنع الصابون والمنظفات ومستحضرات التنظيف والتلميع والعطور ومستحضرات التجميل","202344","صنع البخور","هي المصانع التي تقوم بصناعة وتصدير البخور ( وجميع المصانع لها ثلاث أنشطة رئيسية 1/ تصنيع منتجات 2/ تعبئة وتغليف أولى 3/ تعبئة وتغليف ثانوي )"
"C","الصناعة التحويلية","20","صُنع المواد الكيميائية والمنتجات الكيميائية","202","صنع منتجات كيميائية أخرى","2023","صنع الصابون والمنظفات ومستحضرات التنظيف والتلميع والعطور ومستحضرات التجميل","202345","خلط وتعبئة العطور والزيوت والنباتات","هي منشأة تقوم بتعبئة وخلط العطور والزيوت العطرية والزيوت الشعر"
"C","الصناعة التحويلية","20","صُنع المواد الكيميائية والمنتجات الكيميائية","202","صنع منتجات كيميائية أخرى","2023","صنع الصابون والمنظفات ومستحضرات التنظيف والتلميع والعطور ومستحضرات التجميل","202351","صناعة مستحضرات الحلاقة",
"C","الصناعة التحويلية","20","صُنع المواد الكيميائية والمنتجات الكيميائية","202","صنع منتجات كيميائية أخرى","2023","صنع الصابون والمنظفات ومستحضرات التنظيف والتلميع والعطور ومستحضرات التجميل","202352","صناعة مزيلات وفرد الشعر بكافة أشكالها",
"C","الصناعة التحويلية","20","صُنع المواد الكيميائية والمنتجات الكيميائية","202","صنع منتجات كيميائية أخرى","2023","صنع الصابون والمنظفات ومستحضرات التنظيف والتلميع والعطور ومستحضرات التجميل","202353","صناعة الجلسرين الخام",
"C","الصناعة التحويلية","20","صُنع المواد الكيميائية والمنتجات الكيميائية","202","صنع منتجات كيميائية أخرى","2023","صنع الصابون والمنظفات ومستحضرات التنظيف والتلميع والعطور ومستحضرات التجميل","202361","صناعة مستحضرات التجميل","هي المصانع التي تقوم بصناعة وتصدير مستحضرات التجميل ( وجميع المصانع لها ثلاث أنشطة رئيسية 1/ تصنيع منتجات 2/ تعبئة وتغليف أولى 3/ تعبئة وتغليف ثانوي )"
"C","الصناعة التحويلية","20","صُنع المواد الكيميائية والمنتجات الكيميائية","202","صنع منتجات كيميائية أخرى","2023","صنع الصابون والمنظفات ومستحضرات التنظيف والتلميع والعطور ومستحضرات التجميل","202362","صناعة مستحضرات العناية باليدين والأرجل","هي المصانع التي تقوم بصناعة وتصدير مستحضرات العناية بالايدين والارجل ( وجميع المصانع لها ثلاث أنشطة رئيسية 1/ تصنيع منتجات 2/ تعبئة وتغليف أولى 3/ تعبئة وتغليف ثانوي )"
"C","الصناعة التحويلية","20","صُنع المواد الكيميائية والمنتجات الكيميائية","202","صنع منتجات كيميائية أخرى","2023","صنع الصابون والمنظفات ومستحضرات التنظيف والتلميع والعطور ومستحضرات التجميل","202371","صناعة مستحضرات تنظيف الفم والأسنان","صناعة مستحضرات تنظيف الفم والأسنان بما فيها المنتجات والملحقات المرتبطة بها"
"C","الصناعة التحويلية","20","صُنع المواد الكيميائية والمنتجات الكيميائية","202","صنع منتجات كيميائية أخرى","2023","صنع الصابون والمنظفات ومستحضرات التنظيف والتلميع والعطور ومستحضرات التجميل","202372","صناعة معاجين أو مساحيق تثبيت الأسنان الصناعية","صناعة معاجين أو مساحيق تثبيت الأسنان الصناعية بما فيها المنتجات والملحقات المرتبطة بها"
"C","الصناعة التحويلية","20","صُنع المواد الكيميائية والمنتجات الكيميائية","202","صنع منتجات كيميائية أخرى","2023","صنع الصابون والمنظفات ومستحضرات التنظيف والتلميع والعطور ومستحضرات التجميل","202381","صناعة الشموع الصناعية",
"C","الصناعة التحويلية","20","صُنع المواد الكيميائية والمنتجات الكيميائية","202","صنع منتجات كيميائية أخرى","2023","صنع الصابون والمنظفات ومستحضرات التنظيف والتلميع والعطور ومستحضرات التجميل","202382","صناعة الشموع المحضرة المكونة من مخاليط الشموع",
"C","الصناعة التحويلية","20","صُنع المواد الكيميائية والمنتجات الكيميائية","202","صنع منتجات كيميائية أخرى","2029","صنع المنتجات الكيميائية الأخرى غير المصنفة في موضع آخر","202911","صناعة المتفجرات والمنتجات النارية (مشعلات اللهب)",
"C","الصناعة التحويلية","20","صُنع المواد الكيميائية والمنتجات الكيميائية","202","صنع منتجات كيميائية أخرى","2029","صنع المنتجات الكيميائية الأخرى غير المصنفة في موضع آخر","202912","صناعة الثقاب",
"C","الصناعة التحويلية","20","صُنع المواد الكيميائية والمنتجات الكيميائية","202","صنع منتجات كيميائية أخرى","2029","صنع المنتجات الكيميائية الأخرى غير المصنفة في موضع آخر","202913","صناعة صمامات التفجير والألعاب النارية",
"C","الصناعة التحويلية","20","صُنع المواد الكيميائية والمنتجات الكيميائية","202","صنع منتجات كيميائية أخرى","2029","صنع المنتجات الكيميائية الأخرى غير المصنفة في موضع آخر","202914","صناعة المتفجرات العسكرية","تشمل جميع أنواع المتفجرات للاستخدام العسكري"
"C","الصناعة التحويلية","20","صُنع المواد الكيميائية والمنتجات الكيميائية","202","صنع منتجات كيميائية أخرى","2029","صنع المنتجات الكيميائية الأخرى غير المصنفة في موضع آخر","202921","صناعة الجيلاتين ومشتقاته","انتاج الغذاء من منتج صلب يتم الحصول عليه بتحويل الكولاجين الموجود في جلود الحيوانات وأنسجتها الضامة وعظامها ومصنع بطريقة مناسبة"
"C","الصناعة التحويلية","20","صُنع المواد الكيميائية والمنتجات الكيميائية","202","صنع منتجات كيميائية أخرى","2029","صنع المنتجات الكيميائية الأخرى غير المصنفة في موضع آخر","202922","صناعة الأصماغ المشتقة من أصل حيواني والأصماغ المحضرة التي أساسها المطاط أو اللدائن",
"C","الصناعة التحويلية","20","صُنع المواد الكيميائية والمنتجات الكيميائية","202","صنع منتجات كيميائية أخرى","2029","صنع المنتجات الكيميائية الأخرى غير المصنفة في موضع آخر","202923","صناعة الراتنجات ( وهي إفراز المواد الهيدروكربونية من النبات، التي تكون قيمتها كبيرة في السوق لمكوناتها الكيميائية واستخداماتها ) يشمل ( الورنيش والصمغ )",
"C","الصناعة التحويلية","20","صُنع المواد الكيميائية والمنتجات الكيميائية","202","صنع منتجات كيميائية أخرى","2029","صنع المنتجات الكيميائية الأخرى غير المصنفة في موضع آخر","202931","صناعة الزيوت الأساسية","الزيوت النباتية ،زيت النخيل ،بذرة القطن،دوار الشمس الخ"
"C","الصناعة التحويلية","20","صُنع المواد الكيميائية والمنتجات الكيميائية","202","صنع منتجات كيميائية أخرى","2029","صنع المنتجات الكيميائية الأخرى غير المصنفة في موضع آخر","202932","تعديل الزيوت والدهون كيمائيا","تعدل الزيوت والدهون بطرق كيميائية"
"C","الصناعة التحويلية","20","صُنع المواد الكيميائية والمنتجات الكيميائية","202","صنع منتجات كيميائية أخرى","2029","صنع المنتجات الكيميائية الأخرى غير المصنفة في موضع آخر","202933","صناعة أنواع البروتينات","منتجات بروتينية تستخرج من البذور الغنية بالبروتينات مثل بروتين الصويا يستخرج من بذور فول الصويا"
"C","الصناعة التحويلية","20","صُنع المواد الكيميائية والمنتجات الكيميائية","202","صنع منتجات كيميائية أخرى","2029","صنع المنتجات الكيميائية الأخرى غير المصنفة في موضع آخر","202941","صناعة المساحيق والعجائن المستخدمة في اللحام بكافة أشكاله",
"C","الصناعة التحويلية","20","صُنع المواد الكيميائية والمنتجات الكيميائية","202","صنع منتجات كيميائية أخرى","2029","صنع المنتجات الكيميائية الأخرى غير المصنفة في موضع آخر","202942","صناعة المواد المستخدمة في التنظيف الحمضي لأسطح المعادن",
"C","الصناعة التحويلية","20","صُنع المواد الكيميائية والمنتجات الكيميائية","202","صنع منتجات كيميائية أخرى","2029","صنع المنتجات الكيميائية الأخرى غير المصنفة في موضع آخر","202951","صناعة المستحضرات المانعة للارتطام ومستحضرات سوائل التبريد ومنع التجمد ، والسوائل المستخدمة في الألياف الهيدروليكية لنقل الحركة",
"C","الصناعة التحويلية","20","صُنع المواد الكيميائية والمنتجات الكيميائية","202","صنع منتجات كيميائية أخرى","2029","صنع المنتجات الكيميائية الأخرى غير المصنفة في موضع آخر","202952","صناعة الكواشف المخبرية الطبية","صناعة الأجهزة التي صنعت لتستخدم وحدها أو مع أجهزة أخرى في عملية تشخيص أو مطابقة أو متابعة الحالات المرضية من خلال اختبارات تجرى خارج الجسم الحي باستعمال عينات منه، وهذا يشمل الكواشف المخبرية وأوعية العينات والبرامج التشغيلية وأي مواد ذات علاقة."
"C","الصناعة التحويلية","20","صُنع المواد الكيميائية والمنتجات الكيميائية","202","صنع منتجات كيميائية أخرى","2029","صنع المنتجات الكيميائية الأخرى غير المصنفة في موضع آخر","202960","صناعة المنتجات الفوتو كيميائية يشمل ( الشرائح الفوتوغرافية والأفلام والورق الحساس ... الخ )",
"C","الصناعة التحويلية","20","صُنع المواد الكيميائية والمنتجات الكيميائية","202","صنع منتجات كيميائية أخرى","2029","صنع المنتجات الكيميائية الأخرى غير المصنفة في موضع آخر","202970","صناعة أحبار الكتابة والرسم",
"C","الصناعة التحويلية","20","صُنع المواد الكيميائية والمنتجات الكيميائية","202","صنع منتجات كيميائية أخرى","2029","صنع المنتجات الكيميائية الأخرى غير المصنفة في موضع آخر","202980","صناعة المستخلصات العطرية ومنتجاتها يشمل ( الماء المقطر والمخاليط العطرية )",
"C","الصناعة التحويلية","20","صُنع المواد الكيميائية والمنتجات الكيميائية","203","صنع الألياف الأصطناعية","2030","صنع الألياف الأصطناعية","203011","صناعة الخيوط الشعرية التركيبية",
"C","الصناعة التحويلية","20","صُنع المواد الكيميائية والمنتجات الكيميائية","203","صنع الألياف الأصطناعية","2030","صنع الألياف الأصطناعية","203012","صناعة الخيوط الصناعية ، يشمل ( النايلون والبوليستر ... الخ )",
"C","الصناعة التحويلية","20","صُنع المواد الكيميائية والمنتجات الكيميائية","203","صنع الألياف الأصطناعية","2030","صنع الألياف الأصطناعية","203021","صناعة الخيوط الأحادية",
"C","الصناعة التحويلية","20","صُنع المواد الكيميائية والمنتجات الكيميائية","203","صنع الألياف الأصطناعية","2030","صنع الألياف الأصطناعية","203022","صناعة العقد التركيبية الصناعية يشمل ( القش الصناعي )",
"C","الصناعة التحويلية","21","صنع المنتجات الصيدلانية الأساسية والمستحضرات الصيدلانية","210","صنع المواد الصيدلانية والمنتجات الدوائية الكيميائية والنباتية","2100","صنع المواد الصيدلانية والمنتجات الدوائية الكيميائية والنباتية","210010","صناعة المستحضرات الصيدلانية للاستخدام البشري","هي المصانع التي تقوم بصناعة ونصدير المستحضرات الصيدلانية ( الادوية البشرية ) ( وجميع المصانع لها ثلاث أنشطة رئيسية 1/ تصنيع منتجات 2/ تعبئة وتغليف أولى 3/ تعبئة وتغليف ثانوي )"
"C","الصناعة التحويلية","21","صنع المنتجات الصيدلانية الأساسية والمستحضرات الصيدلانية","210","صنع المواد الصيدلانية والمنتجات الدوائية الكيميائية والنباتية","2100","صنع المواد الصيدلانية والمنتجات الدوائية الكيميائية والنباتية","210020","صناعة المستحضرات الصيدلانية للاستخدام البيطري","هي المصانع التي تقوم بصناعة ونصدير المستحضرات الصيدلانية ( الادوية البيطرية ) ( وجميع المصانع لها ثلاث أنشطة رئيسية 1/ تصنيع منتجات 2/ تعبئة وتغليف أولى 3/ تعبئة وتغليف ثانوي )"
"C","الصناعة التحويلية","21","صنع المنتجات الصيدلانية الأساسية والمستحضرات الصيدلانية","210","صنع المواد الصيدلانية والمنتجات الدوائية الكيميائية والنباتية","2100","صنع المواد الصيدلانية والمنتجات الدوائية الكيميائية والنباتية","210030","صناعة منتجات نباتية مطحونة أو مصنعة أو محضرة","هي المصانع التي تقوم بصناعة ونصدير المستحضرات العشبية ( وجميع المصانع لها ثلاث أنشطة رئيسية 1/ تصنيع منتجات 2/ تعبئة وتغليف أولى 3/ تعبئة وتغليف ثانوي )"
"C","الصناعة التحويلية","21","صنع المنتجات الصيدلانية الأساسية والمستحضرات الصيدلانية","210","صنع المواد الصيدلانية والمنتجات الدوائية الكيميائية والنباتية","2100","صنع المواد الصيدلانية والمنتجات الدوائية الكيميائية والنباتية","210041","صناعة الضمادات الجراحية ضمادات الكسور","صناعة الضمادات الجراحية ضمادات الكسور بما فيها المنتجات والملحقات المرتبطة بها"
"C","الصناعة التحويلية","21","صنع المنتجات الصيدلانية الأساسية والمستحضرات الصيدلانية","210","صنع المواد الصيدلانية والمنتجات الدوائية الكيميائية والنباتية","2100","صنع المواد الصيدلانية والمنتجات الدوائية الكيميائية والنباتية","210042","صناعة الحشو الطبي","صناعة الحشو الطبي بما فيها المنتجات والملحقات المرتبطة بها"
"C","الصناعة التحويلية","21","صنع المنتجات الصيدلانية الأساسية والمستحضرات الصيدلانية","210","صنع المواد الصيدلانية والمنتجات الدوائية الكيميائية والنباتية","2100","صنع المواد الصيدلانية والمنتجات الدوائية الكيميائية والنباتية","210043","صناعة خيوط الجراحة","صناعة خيوط الجراحة بما فيها المنتجات والملحقات المرتبطة بها"
"C","الصناعة التحويلية","21","صنع المنتجات الصيدلانية الأساسية والمستحضرات الصيدلانية","210","صنع المواد الصيدلانية والمنتجات الدوائية الكيميائية والنباتية","2100","صنع المواد الصيدلانية والمنتجات الدوائية الكيميائية والنباتية","210044","صناعة القطن الطبي","صناعة القطن الطبي بما فيها المنتجات والملحقات المرتبطة بها"
"C","الصناعة التحويلية","21","صنع المنتجات الصيدلانية الأساسية والمستحضرات الصيدلانية","210","صنع المواد الصيدلانية والمنتجات الدوائية الكيميائية والنباتية","2100","صنع المواد الصيدلانية والمنتجات الدوائية الكيميائية والنباتية","210051","صناعة المواد الدوائية المستخدمة في صنع الأدوية","هي المصاانع التي تقوم بصناعو المواد الأساسية لصناعة الادوية ( وجميع المصانع لها ثلاث أنشطة رئيسية 1/ تصنيع منتجات 2/ تعبئة وتغليف أولى 3/ تعبئة وتغليف ثانوي )"
"C","الصناعة التحويلية","21","صنع المنتجات الصيدلانية الأساسية والمستحضرات الصيدلانية","210","صنع المواد الصيدلانية والمنتجات الدوائية الكيميائية والنباتية","2100","صنع المواد الصيدلانية والمنتجات الدوائية الكيميائية والنباتية","210052","صناعة المواد الدوائية المستخدمة في صنع الفيتامينات","هي المصاانع التي تقوم بصناعو المواد الأساسية لصناعة الفيتامينات ( المستحضرات الصحية ) ( وجميع المصانع لها ثلاث أنشطة رئيسية 1/ تصنيع منتجات 2/ تعبئة وتغليف أولى 3/ تعبئة وتغليف ثانوي )"
"C","الصناعة التحويلية","21","صنع المنتجات الصيدلانية الأساسية والمستحضرات الصيدلانية","210","صنع المواد الصيدلانية والمنتجات الدوائية الكيميائية والنباتية","2100","صنع المواد الصيدلانية والمنتجات الدوائية الكيميائية والنباتية","210053","صناعة المواد الدوائية المستخدمة في صنع المنتجات الهرمونية الأخرى","هي المصانع التي تقوم بصناعة المودا الأساسية لصناعة الهرمونات ( وجميع المصانع لها ثلاث أنشطة رئيسية 1/ تصنيع منتجات 2/ تعبئة وتغليف أولى 3/ تعبئة وتغليف ثانوي )"
"C","الصناعة التحويلية","21","صنع المنتجات الصيدلانية الأساسية والمستحضرات الصيدلانية","210","صنع المواد الصيدلانية والمنتجات الدوائية الكيميائية والنباتية","2100","صنع المواد الصيدلانية والمنتجات الدوائية الكيميائية والنباتية","210054","صناعة السكر الكيماوي النقي",
"C","الصناعة التحويلية","21","صنع المنتجات الصيدلانية الأساسية والمستحضرات الصيدلانية","210","صنع المواد الصيدلانية والمنتجات الدوائية الكيميائية والنباتية","2100","صنع المواد الصيدلانية والمنتجات الدوائية الكيميائية والنباتية","210071","صناعة اجهزة  وأشرطة قياس نسبة السكر في الدم","تصنيع الأجهزة الطبية التي تقوم بقياس نسبة و مستوى السكر في الدم الكترونيا. تصنيع الأشرطة المستهلكة التي تستخدم في أجهزة قياس نسبة و مستوى السكر في الدم الكترونيا."
"C","الصناعة التحويلية","22","صنع منتجات المطاط واللدائن","221","صنع منتجات المطاط","2211","صنع الإطارات والأنابيب المطاطية وتجديد الأسطح الخارجية للإطارات المطاطية وإعادة بنائها","221111","صناعة الإطارات الهوائية بأنواعها",
"C","الصناعة التحويلية","22","صنع منتجات المطاط واللدائن","221","صنع منتجات المطاط","2211","صنع الإطارات والأنابيب المطاطية وتجديد الأسطح الخارجية للإطارات المطاطية وإعادة بنائها","221112","صناعة الإطارات الصلبة المصمتة ( غير المجوفة )",
"C","الصناعة التحويلية","22","صنع منتجات المطاط واللدائن","221","صنع منتجات المطاط","2211","صنع الإطارات والأنابيب المطاطية وتجديد الأسطح الخارجية للإطارات المطاطية وإعادة بنائها","221113","صناعة الإطارات المجوفة أو شبه الصلبة",
"C","الصناعة التحويلية","22","صنع منتجات المطاط واللدائن","221","صنع منتجات المطاط","2211","صنع الإطارات والأنابيب المطاطية وتجديد الأسطح الخارجية للإطارات المطاطية وإعادة بنائها","221120","صناعة الأنابيب المطاطية الداخلية للإطارات ( تيوب )",
"C","الصناعة التحويلية","22","صنع منتجات المطاط واللدائن","221","صنع منتجات المطاط","2211","صنع الإطارات والأنابيب المطاطية وتجديد الأسطح الخارجية للإطارات المطاطية وإعادة بنائها","221130","صناعة أجزاء الإطارات القابلة للتبديل وصناعة شرائح على شكل ظهر الجمل لتجديد الأسطح الخارجية للإطارات ، يشمل ( أشرطة الإطارات أو فتائل الإطارات )",
"C","الصناعة التحويلية","22","صنع منتجات المطاط واللدائن","221","صنع منتجات المطاط","2211","صنع الإطارات والأنابيب المطاطية وتجديد الأسطح الخارجية للإطارات المطاطية وإعادة بنائها","221140","إعادة صناعة الإطارات",
"C","الصناعة التحويلية","22","صنع منتجات المطاط واللدائن","221","صنع منتجات المطاط","2211","صنع الإطارات والأنابيب المطاطية وتجديد الأسطح الخارجية للإطارات المطاطية وإعادة بنائها","221150","استبدال الأسطح الخارجية للإطارات الهوائية المستعملة",
"C","الصناعة التحويلية","22","صنع منتجات المطاط واللدائن","221","صنع منتجات المطاط","2219","صنع المنتجات المطاطية الأخرى","221910","صناعة ألواح وقضبان وصفائح",
"C","الصناعة التحويلية","22","صنع منتجات المطاط واللدائن","221","صنع منتجات المطاط","2219","صنع المنتجات المطاطية الأخرى","221920","صناعة الأنابيب والمواسير والخراطيم وسيور نقل الحركة ونقل المواد",
"C","الصناعة التحويلية","22","صنع منتجات المطاط واللدائن","221","صنع منتجات المطاط","2219","صنع المنتجات المطاطية الأخرى","221930","صناعة سيور نقل المواد ونقل الحركة والسيور الأخرى المطاطية",
"C","الصناعة التحويلية","22","صنع منتجات المطاط واللدائن","221","صنع منتجات المطاط","2219","صنع المنتجات المطاطية الأخرى","221940","صناعة الأصناف الصحية أو الصيدلانية من المطاط",
"C","الصناعة التحويلية","22","صنع منتجات المطاط واللدائن","222","صنع المنتجات اللدائنية","2220","صنع المنتجات اللدائنية","222010","صناعة منتجات نصف مصنعة من اللدائن ، يشمل ( ألواح ، شرائح ، صفائح ، أشرطة ، مواسير وخراطيم ولوازمها ... الخ )",
"C","الصناعة التحويلية","22","صنع منتجات المطاط واللدائن","222","صنع المنتجات اللدائنية","2220","صنع المنتجات اللدائنية","222020","صناعة مواسير وخراطيم وأنابيب بلاستيكية ووصلاتها ولوازمها",
"C","الصناعة التحويلية","22","صنع منتجات المطاط واللدائن","222","صنع المنتجات اللدائنية","2220","صنع المنتجات اللدائنية","222031","صناعة لوازم البناء ، يشمل ( النوافذ والأبواب )",
"C","الصناعة التحويلية","22","صنع منتجات المطاط واللدائن","222","صنع المنتجات اللدائنية","2220","صنع المنتجات اللدائنية","222032","صناعة ألواح الستائر من اللدائن",
"C","الصناعة التحويلية","22","صنع منتجات المطاط واللدائن","222","صنع المنتجات اللدائنية","2220","صنع المنتجات اللدائنية","222033","صناعة لوازم العزل ومنع التسرب",
"C","الصناعة التحويلية","22","صنع منتجات المطاط واللدائن","222","صنع المنتجات اللدائنية","2220","صنع المنتجات اللدائنية","222034","صناعة لوازم الإنارة",
"C","الصناعة التحويلية","22","صنع منتجات المطاط واللدائن","222","صنع المنتجات اللدائنية","2220","صنع المنتجات اللدائنية","222035","صناعة أغطية الأرضيات",
"C","الصناعة التحويلية","22","صنع منتجات المطاط واللدائن","222","صنع المنتجات اللدائنية","2220","صنع المنتجات اللدائنية","222036","صناعة أغطية الأسقف والجدران على شكل لفات أو بلاط ...الخ",
"C","الصناعة التحويلية","22","صنع منتجات المطاط واللدائن","222","صنع المنتجات اللدائنية","2220","صنع المنتجات اللدائنية","222037","صناعة لوازم صحية من اللدائن ، يشمل ( أحواض الغسيل والإستحمام والمراحيض ...الخ )",
"C","الصناعة التحويلية","22","صنع منتجات المطاط واللدائن","222","صنع المنتجات اللدائنية","2220","صنع المنتجات اللدائنية","222041","صناعة العلب والصناديق من اللدائن",
"C","الصناعة التحويلية","22","صنع منتجات المطاط واللدائن","222","صنع المنتجات اللدائنية","2220","صنع المنتجات اللدائنية","222042","صناعة الحاويات من اللدائن",
"C","الصناعة التحويلية","22","صنع منتجات المطاط واللدائن","222","صنع المنتجات اللدائنية","2220","صنع المنتجات اللدائنية","222043","صناعة القوارير بمختلف أشكالها من اللدائن",
"C","الصناعة التحويلية","22","صنع منتجات المطاط واللدائن","222","صنع المنتجات اللدائنية","2220","صنع المنتجات اللدائنية","222044","صناعة الأكياس من اللدائن",
"C","الصناعة التحويلية","22","صنع منتجات المطاط واللدائن","222","صنع المنتجات اللدائنية","2220","صنع المنتجات اللدائنية","222051","صناعة الأدوات المنزلية وأدوات المطبخ والزينة ذات الاستخدام الواحد",
"C","الصناعة التحويلية","22","صنع منتجات المطاط واللدائن","222","صنع المنتجات اللدائنية","2220","صنع المنتجات اللدائنية","222052","صناعة الأدوات المنزلية وأدوات المطبخ والزينة من الميلامين",
"C","الصناعة التحويلية","22","صنع منتجات المطاط واللدائن","222","صنع المنتجات اللدائنية","2220","صنع المنتجات اللدائنية","222060","صناعة منتجات من اللدائن بطريقة الروتومولد",
"C","الصناعة التحويلية","22","صنع منتجات المطاط واللدائن","222","صنع المنتجات اللدائنية","2220","صنع المنتجات اللدائنية","222070","صناعة أغطية الأرضيات (مشمع الأرضيات)",
"C","الصناعة التحويلية","22","صنع منتجات المطاط واللدائن","222","صنع المنتجات اللدائنية","2220","صنع المنتجات اللدائنية","222080","صناعة المنتجات الأسفنجية",
"C","الصناعة التحويلية","23","صنع منتجات المعادن اللافلزية الأخرى","231","صنع الزجاج والمنتجات الزجاجية","2310","صنع الزجاج والمنتجات الزجاجية","231010","صناعة منتجات أولية من الزجاج",
"C","الصناعة التحويلية","23","صنع منتجات المعادن اللافلزية الأخرى","231","صنع الزجاج والمنتجات الزجاجية","2310","صنع الزجاج والمنتجات الزجاجية","231021","صناعة الأصناف الزجاجية العازلة المستخدمة في الإنشاءات",
"C","الصناعة التحويلية","23","صنع منتجات المعادن اللافلزية الأخرى","231","صنع الزجاج والمنتجات الزجاجية","2310","صنع الزجاج والمنتجات الزجاجية","231022","صناعة زجاج المصابيح الكهربائية",
"C","الصناعة التحويلية","23","صنع منتجات المعادن اللافلزية الأخرى","231","صنع الزجاج والمنتجات الزجاجية","2310","صنع الزجاج والمنتجات الزجاجية","231023","صناعة زجاج كريستال النجف",
"C","الصناعة التحويلية","23","صنع منتجات المعادن اللافلزية الأخرى","231","صنع الزجاج والمنتجات الزجاجية","2310","صنع الزجاج والمنتجات الزجاجية","231024","صناعة المشغولات الزجاجية",
"C","الصناعة التحويلية","23","صنع منتجات المعادن اللافلزية الأخرى","231","صنع الزجاج والمنتجات الزجاجية","2310","صنع الزجاج والمنتجات الزجاجية","231031","صناعة أدوات المطبخ والمائدة",
"C","الصناعة التحويلية","23","صنع منتجات المعادن اللافلزية الأخرى","231","صنع الزجاج والمنتجات الزجاجية","2310","صنع الزجاج والمنتجات الزجاجية","231032","صناعة العبوات والأوعية الزجاجية",
"C","الصناعة التحويلية","23","صنع منتجات المعادن اللافلزية الأخرى","231","صنع الزجاج والمنتجات الزجاجية","2310","صنع الزجاج والمنتجات الزجاجية","231041","صناعة الأدوات الزجاجية للمختبرات والاستعمالات الصيدلانية",
"C","الصناعة التحويلية","23","صنع منتجات المعادن اللافلزية الأخرى","231","صنع الزجاج والمنتجات الزجاجية","2310","صنع الزجاج والمنتجات الزجاجية","231042","صناعة الأدوات الزجاجية للاستعمالات المكتبية",
"C","الصناعة التحويلية","23","صنع منتجات المعادن اللافلزية الأخرى","231","صنع الزجاج والمنتجات الزجاجية","2310","صنع الزجاج والمنتجات الزجاجية","231043","صناعة الأدوات الزجاجية للاستعمالات الصحية",
"C","الصناعة التحويلية","23","صنع منتجات المعادن اللافلزية الأخرى","231","صنع الزجاج والمنتجات الزجاجية","2310","صنع الزجاج والمنتجات الزجاجية","231051","صناعة زجاج الأمان بما فيها زجاج السيارات",
"C","الصناعة التحويلية","23","صنع منتجات المعادن اللافلزية الأخرى","231","صنع الزجاج والمنتجات الزجاجية","2310","صنع الزجاج والمنتجات الزجاجية","231052","تقطيع وشطف الزجاج العادي",
"C","الصناعة التحويلية","23","صنع منتجات المعادن اللافلزية الأخرى","231","صنع الزجاج والمنتجات الزجاجية","2310","صنع الزجاج والمنتجات الزجاجية","231053","صناعة زجاج المرايا",
"C","الصناعة التحويلية","23","صنع منتجات المعادن اللافلزية الأخرى","231","صنع الزجاج والمنتجات الزجاجية","2310","صنع الزجاج والمنتجات الزجاجية","231060","صناعة زجاج الساعات والبصريات والعناصر البصرية غير المشغلة على أساس بصري",
"C","الصناعة التحويلية","23","صنع منتجات المعادن اللافلزية الأخرى","231","صنع الزجاج والمنتجات الزجاجية","2310","صنع الزجاج والمنتجات الزجاجية","231070","صناعة الأصناف الزجاجية المستخدمة في صناعة المجوهرات المقلدة",
"C","الصناعة التحويلية","23","صنع منتجات المعادن اللافلزية الأخرى","231","صنع الزجاج والمنتجات الزجاجية","2310","صنع الزجاج والمنتجات الزجاجية","231081","صناعة الألياف الزجاجية ، يشمل ( الصوف الزجاجي .. الخ )",
"C","الصناعة التحويلية","23","صنع منتجات المعادن اللافلزية الأخرى","231","صنع الزجاج والمنتجات الزجاجية","2310","صنع الزجاج والمنتجات الزجاجية","231082","صناعة خزانات المياه",
"C","الصناعة التحويلية","23","صنع منتجات المعادن اللافلزية الأخرى","231","صنع الزجاج والمنتجات الزجاجية","2310","صنع الزجاج والمنتجات الزجاجية","231083","صناعة الأنابيب",
"C","الصناعة التحويلية","23","صنع منتجات المعادن اللافلزية الأخرى","231","صنع الزجاج والمنتجات الزجاجية","2310","صنع الزجاج والمنتجات الزجاجية","231084","صناعة القوارب واليخوت",
"C","الصناعة التحويلية","23","صنع منتجات المعادن اللافلزية الأخرى","231","صنع الزجاج والمنتجات الزجاجية","2310","صنع الزجاج والمنتجات الزجاجية","231085","صناعة المظلات (الفايبرجلاس)",
"C","الصناعة التحويلية","23","صنع منتجات المعادن اللافلزية الأخرى","231","صنع الزجاج والمنتجات الزجاجية","2310","صنع الزجاج والمنتجات الزجاجية","231086","صناعة العلب والصناديق متعددة الأغراض من الفايبرجلاس",""" صناعة العلب والصناديق متعدةة الأغراض من الفايبرجلاس ويشمل صناعة صناديق حماية عدادات الكهرباء , وصناعة صناديق حماية عدادات المياه , وصناعة صناديق توزيع خدمة الاتصالات للمباني """
"C","الصناعة التحويلية","23","صنع منتجات المعادن اللافلزية الأخرى","239","صنع منتجات المعادن اللافلزية غير المصنفة في موضع أخر","2391","صنع المنتجات الحرارية","239110","صناعة الخرسانة الحرارية",
"C","الصناعة التحويلية","23","صنع منتجات المعادن اللافلزية الأخرى","239","صنع منتجات المعادن اللافلزية غير المصنفة في موضع أخر","2391","صنع المنتجات الحرارية","239121","صناعة السلع الخزفية العازلة للحرارة",
"C","الصناعة التحويلية","23","صنع منتجات المعادن اللافلزية الأخرى","239","صنع منتجات المعادن اللافلزية غير المصنفة في موضع أخر","2391","صنع المنتجات الحرارية","239122","صناعة المعوجات وكواتم الصوت والمداخن والأنابيب والمواسير",
"C","الصناعة التحويلية","23","صنع منتجات المعادن اللافلزية الأخرى","239","صنع منتجات المعادن اللافلزية غير المصنفة في موضع أخر","2391","صنع المنتجات الحرارية","239123","صناعة الطوب والكتل والبلاطات الحرارية بما فيها الأسمنت الحراري",
"C","الصناعة التحويلية","23","صنع منتجات المعادن اللافلزية الأخرى","239","صنع منتجات المعادن اللافلزية غير المصنفة في موضع أخر","2392","صنع المنتجات الطفلية الإنشائية","239210","صناعة الطوب الرملي وكتل الأرضيات وبلاطات الأسقف وبوتقات المداخن",
"C","الصناعة التحويلية","23","صنع منتجات المعادن اللافلزية الأخرى","239","صنع منتجات المعادن اللافلزية غير المصنفة في موضع أخر","2392","صنع المنتجات الطفلية الإنشائية","239220","صناعة بلاط الحوائط والأرضيات (السيراميك والقيشاني)",
"C","الصناعة التحويلية","23","صنع منتجات المعادن اللافلزية الأخرى","239","صنع منتجات المعادن اللافلزية غير المصنفة في موضع أخر","2392","صنع المنتجات الطفلية الإنشائية","239230","صناعة الأنابيب ومواسير الأسلاك الكهربائية تحت الأرض والمزاريب ولوازم المواسير الخزفية",
"C","الصناعة التحويلية","23","صنع منتجات المعادن اللافلزية الأخرى","239","صنع منتجات المعادن اللافلزية غير المصنفة في موضع أخر","2392","صنع المنتجات الطفلية الإنشائية","239240","صناعة منتجات فخارية ، يشمل ( صناعة القرميد )",
"C","الصناعة التحويلية","23","صنع منتجات المعادن اللافلزية الأخرى","239","صنع منتجات المعادن اللافلزية غير المصنفة في موضع أخر","2392","صنع المنتجات الطفلية الإنشائية","239250","صناعة الأحجار والبلاطات الخزفية المستخدمة في الرصف",
"C","الصناعة التحويلية","23","صنع منتجات المعادن اللافلزية الأخرى","239","صنع منتجات المعادن اللافلزية غير المصنفة في موضع أخر","2392","صنع المنتجات الطفلية الإنشائية","239260","صناعة الطوب الأحمر والطفلي العازل للحرارة",
"C","الصناعة التحويلية","23","صنع منتجات المعادن اللافلزية الأخرى","239","صنع منتجات المعادن اللافلزية غير المصنفة في موضع أخر","2392","صنع المنتجات الطفلية الإنشائية","239270","صناعة مكعبات الفسيفساء وما يماثلها سواء كانت ملمعة أو غير ملمعه",
"C","الصناعة التحويلية","23","صنع منتجات المعادن اللافلزية الأخرى","239","صنع منتجات المعادن اللافلزية غير المصنفة في موضع أخر","2393","صنع المنتجات الأخرى من البورسلين والخزف","239310","صناعة أدوات المائدة والطهي من الخزف والصيني والأصناف الخزفية الأخرى المستخدمة للأغراض المنزلية",
"C","الصناعة التحويلية","23","صنع منتجات المعادن اللافلزية الأخرى","239","صنع منتجات المعادن اللافلزية غير المصنفة في موضع أخر","2393","صنع المنتجات الأخرى من البورسلين والخزف","239320","صناعة أصناف الزينة والتحف والتماثيل والمجسمات المصنوعة من الخزف والفخار",
"C","الصناعة التحويلية","23","صنع منتجات المعادن اللافلزية الأخرى","239","صنع منتجات المعادن اللافلزية غير المصنفة في موضع أخر","2393","صنع المنتجات الأخرى من البورسلين والخزف","239330","صناعة العوازل الكهربائية والتركيبات العازلة من الخزف",
"C","الصناعة التحويلية","23","صنع منتجات المعادن اللافلزية الأخرى","239","صنع منتجات المعادن اللافلزية غير المصنفة في موضع أخر","2393","صنع المنتجات الأخرى من البورسلين والخزف","239340","صناعة المغناطيسات الخزفية والحديدية",
"C","الصناعة التحويلية","23","صنع منتجات المعادن اللافلزية الأخرى","239","صنع منتجات المعادن اللافلزية غير المصنفة في موضع أخر","2393","صنع المنتجات الأخرى من البورسلين والخزف","239350","صناعة السلع الخزفية المختبرية والكيميائية والصناعية",
"C","الصناعة التحويلية","23","صنع منتجات المعادن اللافلزية الأخرى","239","صنع منتجات المعادن اللافلزية غير المصنفة في موضع أخر","2393","صنع المنتجات الأخرى من البورسلين والخزف","239360","صناعة منتجات الفخار المستخدمة في نقل السلع أو تعبئتها مثل القلل ، الأزيار، الجرار .. الخ","هي الورش الصناعية او المصانع التي تقوم بتصنيع المنتجات الفخارية المستخدمة في نقل السلع أو تعبئتها مثل القلل والأزيار والجرار وغيرها ."
"C","الصناعة التحويلية","23","صنع منتجات المعادن اللافلزية الأخرى","239","صنع منتجات المعادن اللافلزية غير المصنفة في موضع أخر","2393","صنع المنتجات الأخرى من البورسلين والخزف","239370","صناعة الأثاث الخزفي",
"C","الصناعة التحويلية","23","صنع منتجات المعادن اللافلزية الأخرى","239","صنع منتجات المعادن اللافلزية غير المصنفة في موضع أخر","2394","صنع الأسمنت والجير والجص","239411","صناعة الأسمنت العادي (بورتلاند)",
"C","الصناعة التحويلية","23","صنع منتجات المعادن اللافلزية الأخرى","239","صنع منتجات المعادن اللافلزية غير المصنفة في موضع أخر","2394","صنع الأسمنت والجير والجص","239412","صناعة الأسمنت المقاوم للأملاح",
"C","الصناعة التحويلية","23","صنع منتجات المعادن اللافلزية الأخرى","239","صنع منتجات المعادن اللافلزية غير المصنفة في موضع أخر","2394","صنع الأسمنت والجير والجص","239413","صناعة الأسمنت الأسمنت الأبيض",
"C","الصناعة التحويلية","23","صنع منتجات المعادن اللافلزية الأخرى","239","صنع منتجات المعادن اللافلزية غير المصنفة في موضع أخر","2394","صنع الأسمنت والجير والجص","239414","صناعة الأسمنت المكتل ( الكلنكر )",
"C","الصناعة التحويلية","23","صنع منتجات المعادن اللافلزية الأخرى","239","صنع منتجات المعادن اللافلزية غير المصنفة في موضع أخر","2394","صنع الأسمنت والجير والجص","239415","صناعة الأسمنت البوزولاني","الأسمنت البوزولاني عبارة عن خليط من الأسمنت البورتلاندي والمواد البوزولانية التي قد تكون طبيعية أو اصطناعية. البوزولانية الطبيعية هي أساسا المواد ذات الأصل البركاني ."
"C","الصناعة التحويلية","23","صنع منتجات المعادن اللافلزية الأخرى","239","صنع منتجات المعادن اللافلزية غير المصنفة في موضع أخر","2394","صنع الأسمنت والجير والجص","239421","صناعة الجير الحي",
"C","الصناعة التحويلية","23","صنع منتجات المعادن اللافلزية الأخرى","239","صنع منتجات المعادن اللافلزية غير المصنفة في موضع أخر","2394","صنع الأسمنت والجير والجص","239422","صناعة الجير المطفأ",
"C","الصناعة التحويلية","23","صنع منتجات المعادن اللافلزية الأخرى","239","صنع منتجات المعادن اللافلزية غير المصنفة في موضع أخر","2394","صنع الأسمنت والجير والجص","239423","صناعة الجير المائي",
"C","الصناعة التحويلية","23","صنع منتجات المعادن اللافلزية الأخرى","239","صنع منتجات المعادن اللافلزية غير المصنفة في موضع أخر","2394","صنع الأسمنت والجير والجص","239430","صناعة الجص والجبس",
"C","الصناعة التحويلية","23","صنع منتجات المعادن اللافلزية الأخرى","239","صنع منتجات المعادن اللافلزية غير المصنفة في موضع أخر","2395","صنع أصناف من الخرسانة والأسمنت والجص","239510","صناعة البلك الأسمنتي المفرغ والآجر",
"C","الصناعة التحويلية","23","صنع منتجات المعادن اللافلزية الأخرى","239","صنع منتجات المعادن اللافلزية غير المصنفة في موضع أخر","2395","صنع أصناف من الخرسانة والأسمنت والجص","239520","صناعة البلاط و الموازيكو الأسمنتي بكافة أصنافه",
"C","الصناعة التحويلية","23","صنع منتجات المعادن اللافلزية الأخرى","239","صنع منتجات المعادن اللافلزية غير المصنفة في موضع أخر","2395","صنع أصناف من الخرسانة والأسمنت والجص","239531","انتاج خرسانة جاهزة الخلط",
"C","الصناعة التحويلية","23","صنع منتجات المعادن اللافلزية الأخرى","239","صنع منتجات المعادن اللافلزية غير المصنفة في موضع أخر","2395","صنع أصناف من الخرسانة والأسمنت والجص","239532","صناعة اضافات وملدنات للخرسانة",
"C","الصناعة التحويلية","23","صنع منتجات المعادن اللافلزية الأخرى","239","صنع منتجات المعادن اللافلزية غير المصنفة في موضع أخر","2395","صنع أصناف من الخرسانة والأسمنت والجص","239533","صناعة الملاط أساسه الاسمنت",
"C","الصناعة التحويلية","23","صنع منتجات المعادن اللافلزية الأخرى","239","صنع منتجات المعادن اللافلزية غير المصنفة في موضع أخر","2395","صنع أصناف من الخرسانة والأسمنت والجص","239534","صناعة الخلطات الخرسانية الجاهزة والجافة متعددة الاستخدامات",
"C","الصناعة التحويلية","23","صنع منتجات المعادن اللافلزية الأخرى","239","صنع منتجات المعادن اللافلزية غير المصنفة في موضع أخر","2395","صنع أصناف من الخرسانة والأسمنت والجص","239535","صناعة الخرسانة خفيفة الوزن","""عبارة عن خرسانة خفيفة الوزن تحتوي على الإسمنت والحجر الجيري ومسحوق الألومنيوم، حيث تتم معالجتها في أفران خاصة، وتتميز بخصائص عزل حراري جيدة ويمكن استخدامها بشكل كامل أو جزئي في أنواع البناء الأخرى."""
"C","الصناعة التحويلية","23","صنع منتجات المعادن اللافلزية الأخرى","239","صنع منتجات المعادن اللافلزية غير المصنفة في موضع أخر","2395","صنع أصناف من الخرسانة والأسمنت والجص","239536","صناعة قوالب الخرسانة المعزولة","""عبارة عن نظام إنشائي مسلح من قوالب البولي إيثيلين يتكون من طبقة خارجية وأخرى داخلية ويتم صب الخرسانة المسلحة وسط القوالب."""
"C","الصناعة التحويلية","23","صنع منتجات المعادن اللافلزية الأخرى","239","صنع منتجات المعادن اللافلزية غير المصنفة في موضع أخر","2395","صنع أصناف من الخرسانة والأسمنت والجص","239537","صناعة الخرسانة المعزولة مسبقة الصب","""عبارة عن جدران وأسقف يتم تجهيزها في المصنع عبر قوالب خاصة ثم تُنقل إلى موقع البناء ويمكن استخدامها للجدران الداخلية."""
"C","الصناعة التحويلية","23","صنع منتجات المعادن اللافلزية الأخرى","239","صنع منتجات المعادن اللافلزية غير المصنفة في موضع أخر","2395","صنع أصناف من الخرسانة والأسمنت والجص","239538","صناعة الوحدات الخرسانية الجاهزة","عبارة عن نظام إنشائي مكون من وحدات (غرف) من الخرسانة الانشائية المسلحة و المجهزة في المصنع حيث يشمل ذلك اعمال التشطيبات الرئيسية و من ثم تنقل الى موقع البناء للتركيب."
"C","الصناعة التحويلية","23","صنع منتجات المعادن اللافلزية الأخرى","239","صنع منتجات المعادن اللافلزية غير المصنفة في موضع أخر","2395","صنع أصناف من الخرسانة والأسمنت والجص","239540","صناعة قواطع وألواح وأطر ومباني جاهزة من الخرسانة سابقة الصنع",
"C","الصناعة التحويلية","23","صنع منتجات المعادن اللافلزية الأخرى","239","صنع منتجات المعادن اللافلزية غير المصنفة في موضع أخر","2395","صنع أصناف من الخرسانة والأسمنت والجص","239551","صناعة الأنابيب والمواسير من الخرسانة أو الأسمنت",
"C","الصناعة التحويلية","23","صنع منتجات المعادن اللافلزية الأخرى","239","صنع منتجات المعادن اللافلزية غير المصنفة في موضع أخر","2395","صنع أصناف من الخرسانة والأسمنت والجص","239552","صناعة الخزانات والأحواض من الخرسانة أو الأسمنت",
"C","الصناعة التحويلية","23","صنع منتجات المعادن اللافلزية الأخرى","239","صنع منتجات المعادن اللافلزية غير المصنفة في موضع أخر","2395","صنع أصناف من الخرسانة والأسمنت والجص","239553","صناعة الأواني المنزلية من الخرسانة أو الأسمنت",
"C","الصناعة التحويلية","23","صنع منتجات المعادن اللافلزية الأخرى","239","صنع منتجات المعادن اللافلزية غير المصنفة في موضع أخر","2395","صنع أصناف من الخرسانة والأسمنت والجص","239554","صناعة أطر النوافذ من الخرسانة أو الأسمنت",
"C","الصناعة التحويلية","23","صنع منتجات المعادن اللافلزية الأخرى","239","صنع منتجات المعادن اللافلزية غير المصنفة في موضع أخر","2395","صنع أصناف من الخرسانة والأسمنت والجص","239555","صناعة التماثيل وأصناف الزينة من الخرسانة أو الأسمنت",
"C","الصناعة التحويلية","23","صنع منتجات المعادن اللافلزية الأخرى","239","صنع منتجات المعادن اللافلزية غير المصنفة في موضع أخر","2395","صنع أصناف من الخرسانة والأسمنت والجص","239560","صناعة أصناف من الأسمنت الاسبستوسي أو الأسمنت الليفي السيلوزي",
"C","الصناعة التحويلية","23","صنع منتجات المعادن اللافلزية الأخرى","239","صنع منتجات المعادن اللافلزية غير المصنفة في موضع أخر","2395","صنع أصناف من الخرسانة والأسمنت والجص","239571","صناعة مواد البناء المنتجة من مواد نباتية والمكتلة بواسطة الأسمنت",
"C","الصناعة التحويلية","23","صنع منتجات المعادن اللافلزية الأخرى","239","صنع منتجات المعادن اللافلزية غير المصنفة في موضع أخر","2395","صنع أصناف من الخرسانة والأسمنت والجص","239572","صناعة مواد البناء المنتجة من مواد نباتية والمكتلة بواسطة الجبس",
"C","الصناعة التحويلية","23","صنع منتجات المعادن اللافلزية الأخرى","239","صنع منتجات المعادن اللافلزية غير المصنفة في موضع أخر","2395","صنع أصناف من الخرسانة والأسمنت والجص","239573","صناعة مواد البناء المنتجة من مواد نباتية والمكتلة بواسطة مادة رابطة من المعدن",
"C","الصناعة التحويلية","23","صنع منتجات المعادن اللافلزية الأخرى","239","صنع منتجات المعادن اللافلزية غير المصنفة في موضع أخر","2395","صنع أصناف من الخرسانة والأسمنت والجص","239580","صناعة أصناف من الجبس ، يشمل ( الأطر والبراويز المنقوشة والتماثيل والفازات وأصناف الزينة )","صناعة أصناف من الجبس ، يشمل ( الأطر والبراويز المنقوشة والتماثيل والفازات وأصناف الزينة )"
"C","الصناعة التحويلية","23","صنع منتجات المعادن اللافلزية الأخرى","239","صنع منتجات المعادن اللافلزية غير المصنفة في موضع أخر","2396","قطع وتشكيل وصقل الأحجار ( الكسارات )","239610","قطع وتشكيل وتجهيز الأحجار للاستخدام في البناء والتشييد والطرق ... الخ",
"C","الصناعة التحويلية","23","صنع منتجات المعادن اللافلزية الأخرى","239","صنع منتجات المعادن اللافلزية غير المصنفة في موضع أخر","2396","قطع وتشكيل وصقل الأحجار ( الكسارات )","239620","العمليات المنفذة على الاحجار الخشنة خارج المحاجر مثل النشر والصقل والطحن ..الخ",
"C","الصناعة التحويلية","23","صنع منتجات المعادن اللافلزية الأخرى","239","صنع منتجات المعادن اللافلزية غير المصنفة في موضع أخر","2396","قطع وتشكيل وصقل الأحجار ( الكسارات )","239630","صناعة منتجات الأحجار ، يشمل ( الأثاث والتماثيل واللوحات وأصناف الزينة وما شابهها )",
"C","الصناعة التحويلية","23","صنع منتجات المعادن اللافلزية الأخرى","239","صنع منتجات المعادن اللافلزية غير المصنفة في موضع أخر","2396","قطع وتشكيل وصقل الأحجار ( الكسارات )","239640","قطع ونشر الرخام",
"C","الصناعة التحويلية","23","صنع منتجات المعادن اللافلزية الأخرى","239","صنع منتجات المعادن اللافلزية غير المصنفة في موضع أخر","2396","قطع وتشكيل وصقل الأحجار ( الكسارات )","239650","صناعة منتجات من الرخام مثل المطابخ والمغاسل والتحف والأحواض والتماثيل والنحت والرسم وما شابهها",
"C","الصناعة التحويلية","23","صنع منتجات المعادن اللافلزية الأخرى","239","صنع منتجات المعادن اللافلزية غير المصنفة في موضع أخر","2399","صنع المنتجات المعدنية اللافلزية الأخرى غير المصنفة في موضع أخر","239910","صناعة مواد الاحتكاك من مواد معدنية",
"C","الصناعة التحويلية","23","صنع منتجات المعادن اللافلزية الأخرى","239","صنع منتجات المعادن اللافلزية غير المصنفة في موضع أخر","2399","صنع المنتجات المعدنية اللافلزية الأخرى غير المصنفة في موضع أخر","239920","صناعة مواد العزل للصوت والحرارة",
"C","الصناعة التحويلية","23","صنع منتجات المعادن اللافلزية الأخرى","239","صنع منتجات المعادن اللافلزية غير المصنفة في موضع أخر","2399","صنع المنتجات المعدنية اللافلزية الأخرى غير المصنفة في موضع أخر","239930","صناعة أنواع من الإسفلت أو من مواد مماثلة ، يشمل ( زفت قطران الفحم )",
"C","الصناعة التحويلية","23","صنع منتجات المعادن اللافلزية الأخرى","239","صنع منتجات المعادن اللافلزية غير المصنفة في موضع أخر","2399","صنع المنتجات المعدنية اللافلزية الأخرى غير المصنفة في موضع أخر","239940","انتاج أحجار رحى الطواحين وأحجار السن والصقل والشحذ",
"C","الصناعة التحويلية","23","صنع منتجات المعادن اللافلزية الأخرى","239","صنع منتجات المعادن اللافلزية غير المصنفة في موضع أخر","2399","صنع المنتجات المعدنية اللافلزية الأخرى غير المصنفة في موضع أخر","239951","العمليات المنفذة على الرمل ويشمل الطحن والتنظيف","هي العمليات المنفذة على الرمل خارج المحاجر يشمل الطحن والتنظيف"
"C","الصناعة التحويلية","24","صنع الفلزات القاعدية","241","صنع الحديد القاعدي والصلب","2410","صنع الحديد القاعدي والصلب","241011","صناعة منتجات أولية من الحديد على شكل حبيبات ومساحيق",
"C","الصناعة التحويلية","24","صنع الفلزات القاعدية","241","صنع الحديد القاعدي والصلب","2410","صنع الحديد القاعدي والصلب","241012","صناعة منتجات أولية من الحديد على شكل كتل من الركائز والمخلفات بعد إعادة صهرها",
"C","الصناعة التحويلية","24","صنع الفلزات القاعدية","241","صنع الحديد القاعدي والصلب","2410","صنع الحديد القاعدي والصلب","241021","صناعة الحديد النقي بواسطة التحليل الكهربائي",
"C","الصناعة التحويلية","24","صنع الفلزات القاعدية","241","صنع الحديد القاعدي والصلب","2410","صنع الحديد القاعدي والصلب","241022","صناعة الحديد النقي بواسطة العمليات الكيميائية",
"C","الصناعة التحويلية","24","صنع الفلزات القاعدية","241","صنع الحديد القاعدي والصلب","2410","صنع الحديد القاعدي والصلب","241023","صناعة الحديد غير المصقول",
"C","الصناعة التحويلية","24","صنع الفلزات القاعدية","241","صنع الحديد القاعدي والصلب","2410","صنع الحديد القاعدي والصلب","241024","صناعة الحديد الإسفنجي",
"C","الصناعة التحويلية","24","صنع الفلزات القاعدية","241","صنع الحديد القاعدي والصلب","2410","صنع الحديد القاعدي والصلب","241025","صناعة حديد الزهر ما في ذلك مسبوكات حديد الصلب والزهر",
"C","الصناعة التحويلية","24","صنع الفلزات القاعدية","241","صنع الحديد القاعدي والصلب","2410","صنع الحديد القاعدي والصلب","241030","صناعة منتجات من الحديد أو من الصلب ...الخ ، بواسطة السحب أو البثق أو الدرفلة",
"C","الصناعة التحويلية","24","صنع الفلزات القاعدية","241","صنع الحديد القاعدي والصلب","2410","صنع الحديد القاعدي والصلب","241040","صناعة صفائح وألواح ولفائف شريطية وقضبان وأسـياخ وزوايا وأسلاك ومقاطع بكافة أشكالها",
"C","الصناعة التحويلية","24","صنع الفلزات القاعدية","241","صنع الحديد القاعدي والصلب","2410","صنع الحديد القاعدي والصلب","241050","صناعة الأنابيب والمواسير والأشكال المجوفة من الحديد والصلب",
"C","الصناعة التحويلية","24","صنع الفلزات القاعدية","241","صنع الحديد القاعدي والصلب","2410","صنع الحديد القاعدي والصلب","241060","صناعة لوازم خطوط السكك الحديدية ، يشمل ( القضبان المجمعة... الخ )",
"C","الصناعة التحويلية","24","صنع الفلزات القاعدية","242","صنع الفلزات الثمينة وغير الحديدية القاعدية","2420","صنع الفلزات الثمينة وغير الحديدية القاعدية","242011","انتاج المعادن الثمينة الخام من الذهب",
"C","الصناعة التحويلية","24","صنع الفلزات القاعدية","242","صنع الفلزات الثمينة وغير الحديدية القاعدية","2420","صنع الفلزات الثمينة وغير الحديدية القاعدية","242012","انتاج المعادن الثمينة الخام من الفضة",
"C","الصناعة التحويلية","24","صنع الفلزات القاعدية","242","صنع الفلزات الثمينة وغير الحديدية القاعدية","2420","صنع الفلزات الثمينة وغير الحديدية القاعدية","242013","انتاج المعادن الثمينة الخام من المعادن الثمينة الداخلة في مجموعة البلاتين",
"C","الصناعة التحويلية","24","صنع الفلزات القاعدية","242","صنع الفلزات الثمينة وغير الحديدية القاعدية","2420","صنع الفلزات الثمينة وغير الحديدية القاعدية","242021","انتاج الذهب المشغول",
"C","الصناعة التحويلية","24","صنع الفلزات القاعدية","242","صنع الفلزات الثمينة وغير الحديدية القاعدية","2420","صنع الفلزات الثمينة وغير الحديدية القاعدية","242022","انتاج الفضة المشغول",
"C","الصناعة التحويلية","24","صنع الفلزات القاعدية","242","صنع الفلزات الثمينة وغير الحديدية القاعدية","2420","صنع الفلزات الثمينة وغير الحديدية القاعدية","242023","انتاج البلاتين المشغول",
"C","الصناعة التحويلية","24","صنع الفلزات القاعدية","242","صنع الفلزات الثمينة وغير الحديدية القاعدية","2420","صنع الفلزات الثمينة وغير الحديدية القاعدية","242024","انتاج مجموعة البلاتين المشغول",
"C","الصناعة التحويلية","24","صنع الفلزات القاعدية","242","صنع الفلزات الثمينة وغير الحديدية القاعدية","2420","صنع الفلزات الثمينة وغير الحديدية القاعدية","242031","مصنوعات معدنية غير عادية مطلية أو مغطاة أو مخلوطة بالذهب",
"C","الصناعة التحويلية","24","صنع الفلزات القاعدية","242","صنع الفلزات الثمينة وغير الحديدية القاعدية","2420","صنع الفلزات الثمينة وغير الحديدية القاعدية","242032","مصنوعات معدنية غير عادية مطلية أو مغطاة أو مخلوطة بالفضة",
"C","الصناعة التحويلية","24","صنع الفلزات القاعدية","242","صنع الفلزات الثمينة وغير الحديدية القاعدية","2420","صنع الفلزات الثمينة وغير الحديدية القاعدية","242033","مصنوعات معدنية غير عادية مطلية أو مغطاة أو مخلوطة بمعادن ثمينة أخرى",
"C","الصناعة التحويلية","24","صنع الفلزات القاعدية","242","صنع الفلزات الثمينة وغير الحديدية القاعدية","2420","صنع الفلزات الثمينة وغير الحديدية القاعدية","242041","صهر ودرفلة وسحب وتنقية وسبك النحاس وخلائطه",
"C","الصناعة التحويلية","24","صنع الفلزات القاعدية","242","صنع الفلزات الثمينة وغير الحديدية القاعدية","2420","صنع الفلزات الثمينة وغير الحديدية القاعدية","242042","صهر ودرفلة وسحب وتنقية وسبك الألمنيوم وخلائطه",
"C","الصناعة التحويلية","24","صنع الفلزات القاعدية","242","صنع الفلزات الثمينة وغير الحديدية القاعدية","2420","صنع الفلزات الثمينة وغير الحديدية القاعدية","242043","صهر ودرفلة وسحب وتنقية وسبك الرصاص والزنك والقصديروخلائطها",
"C","الصناعة التحويلية","24","صنع الفلزات القاعدية","242","صنع الفلزات الثمينة وغير الحديدية القاعدية","2420","صنع الفلزات الثمينة وغير الحديدية القاعدية","242044","صهر ودرفلة وسحب وتنقية وسبك الكروم والمنغنيز والنيكل وخلائطها",
"C","الصناعة التحويلية","24","صنع الفلزات القاعدية","242","صنع الفلزات الثمينة وغير الحديدية القاعدية","2420","صنع الفلزات الثمينة وغير الحديدية القاعدية","242051","انتاج أكسيد الألمنيوم (ألومينا)من النيكل أو النحاس",
"C","الصناعة التحويلية","24","صنع الفلزات القاعدية","242","صنع الفلزات الثمينة وغير الحديدية القاعدية","2420","صنع الفلزات الثمينة وغير الحديدية القاعدية","242052","انتاج المعادن نصف الخام من النيكل أو النحاس",
"C","الصناعة التحويلية","24","صنع الفلزات القاعدية","242","صنع الفلزات الثمينة وغير الحديدية القاعدية","2420","صنع الفلزات الثمينة وغير الحديدية القاعدية","242060","مصنوعات معدنية عادية غير حديدية ، يشمل ( (أسلاك ، مواسير ، أنابيب ، مساحيق ، أوراق ، صفائح ...الخ )",
"C","الصناعة التحويلية","24","صنع الفلزات القاعدية","243","سبك المعادن","2431","سبك الحديد والصلب","243111","سبك الحديد والصلب منتجات (تامة الصنع)",
"C","الصناعة التحويلية","24","صنع الفلزات القاعدية","243","سبك المعادن","2431","سبك الحديد والصلب","243112","سبك الحديد والصلب (منتجات نصف تامة الصنع )",
"C","الصناعة التحويلية","24","صنع الفلزات القاعدية","243","سبك المعادن","2431","سبك الحديد والصلب","243120","صنع أنابيب ومواسير وأشكال مجوفة ووصلات أنابيب أو مواسير",
"C","الصناعة التحويلية","24","صنع الفلزات القاعدية","243","سبك المعادن","2432","سبك المعادن غير الحديدية","243211","سبك المعادن غير الحديدية (منتجات تامة الصنع) ، يشمل ( الألمنيوم والزنك ... الخ )",
"C","الصناعة التحويلية","24","صنع الفلزات القاعدية","243","سبك المعادن","2432","سبك المعادن غير الحديدية","243212","سبك المعادن غير الحديدية (منتجات نصف تامة الصنع) يشمل ( الألمنيوم والزنك ... الخ )",
"C","الصناعة التحويلية","25","صنع منتجات المعادن المشكلة ( باستثناء الآلات والمعدات )","251","صناعة المنتجات المعدنية الإنشائية والصهاريج والخزانات ومولدات البخار","2511","صنع المنتجات المعدنية الإنشائية","251111","صناعة الهياكل المعدنية وأجزائها",
"C","الصناعة التحويلية","25","صنع منتجات المعادن المشكلة ( باستثناء الآلات والمعدات )","251","صناعة المنتجات المعدنية الإنشائية والصهاريج والخزانات ومولدات البخار","2511","صنع المنتجات المعدنية الإنشائية","251112","صناعة الأعمدة وأجزائها ، يشمل ( أعمدة وكبائن الإنارة وأعمدة إشارات المرور ..الخ )",
"C","الصناعة التحويلية","25","صنع منتجات المعادن المشكلة ( باستثناء الآلات والمعدات )","251","صناعة المنتجات المعدنية الإنشائية والصهاريج والخزانات ومولدات البخار","2511","صنع المنتجات المعدنية الإنشائية","251113","صناعة الروافد وأجزائها",
"C","الصناعة التحويلية","25","صنع منتجات المعادن المشكلة ( باستثناء الآلات والمعدات )","251","صناعة المنتجات المعدنية الإنشائية والصهاريج والخزانات ومولدات البخار","2511","صنع المنتجات المعدنية الإنشائية","251114","صناعة الهياكل الحديدية خفيفة الوزن","""عبارة عن هياكل حديدية يتم تشكيلها على درجات حرارة منخفضة باستخدام مكائن CNC خاصة ثم تجمع القطع لتشكل هياكل جدارية وأسقف تُركّب في الموقع ليتم تثبيت الأسلاك والتمديدات وتغطى بألواح الإسمنت أو غيرها ثم يتم ملء الجدران بالخرسانة الخلوية."""
"C","الصناعة التحويلية","25","صنع منتجات المعادن المشكلة ( باستثناء الآلات والمعدات )","251","صناعة المنتجات المعدنية الإنشائية والصهاريج والخزانات ومولدات البخار","2511","صنع المنتجات المعدنية الإنشائية","251115","صناعة وحدات الهياكل الحديدية الجاهزة","وحدات (غرف) ذات أبعاد ثلاثية من إطارات فولاذية خفيفة مجمعة بعيدًا عن موقع العمل وتم الانتهاء من معظم أعمال التشطيبات في المصنع."
"C","الصناعة التحويلية","25","صنع منتجات المعادن المشكلة ( باستثناء الآلات والمعدات )","251","صناعة المنتجات المعدنية الإنشائية والصهاريج والخزانات ومولدات البخار","2511","صنع المنتجات المعدنية الإنشائية","251116","صناعة القوالب النفقية","""عبارة عن قوالب جاهزة لصب العناصر الخرسانية المختلفة من جدران وأرضيات عبر عملية واحدة باستخدام عدة مواد كالألمنيوم والحديد."""
"C","الصناعة التحويلية","25","صنع منتجات المعادن المشكلة ( باستثناء الآلات والمعدات )","251","صناعة المنتجات المعدنية الإنشائية والصهاريج والخزانات ومولدات البخار","2511","صنع المنتجات المعدنية الإنشائية","251121","صناعة وتركيب الإنشاءات الفولاذية سابقة الصنع لوحدات المصافي والتكرير",
"C","الصناعة التحويلية","25","صنع منتجات المعادن المشكلة ( باستثناء الآلات والمعدات )","251","صناعة المنتجات المعدنية الإنشائية والصهاريج والخزانات ومولدات البخار","2511","صنع المنتجات المعدنية الإنشائية","251122","صناعة وتركيب الإنشاءات الفولاذية سابقة الصنع للمنشآت الصناعية",
"C","الصناعة التحويلية","25","صنع منتجات المعادن المشكلة ( باستثناء الآلات والمعدات )","251","صناعة المنتجات المعدنية الإنشائية والصهاريج والخزانات ومولدات البخار","2511","صنع المنتجات المعدنية الإنشائية","251130","صناعة المباني سابقة الصنع المكونة بصفة رئيسية من المعدن",
"C","الصناعة التحويلية","25","صنع منتجات المعادن المشكلة ( باستثناء الآلات والمعدات )","251","صناعة المنتجات المعدنية الإنشائية والصهاريج والخزانات ومولدات البخار","2511","صنع المنتجات المعدنية الإنشائية","251141","صناعة وتشكيل قضبان حديد التسليح",
"C","الصناعة التحويلية","25","صنع منتجات المعادن المشكلة ( باستثناء الآلات والمعدات )","251","صناعة المنتجات المعدنية الإنشائية والصهاريج والخزانات ومولدات البخار","2511","صنع المنتجات المعدنية الإنشائية","251142","صناعة وتشكيل شبكات حديد التسليح",
"C","الصناعة التحويلية","25","صنع منتجات المعادن المشكلة ( باستثناء الآلات والمعدات )","251","صناعة المنتجات المعدنية الإنشائية والصهاريج والخزانات ومولدات البخار","2511","صنع المنتجات المعدنية الإنشائية","251151","ورش الحدادة",
"C","الصناعة التحويلية","25","صنع منتجات المعادن المشكلة ( باستثناء الآلات والمعدات )","251","صناعة المنتجات المعدنية الإنشائية والصهاريج والخزانات ومولدات البخار","2511","صنع المنتجات المعدنية الإنشائية","251152","صناعة وتركيب السقالات",
"C","الصناعة التحويلية","25","صنع منتجات المعادن المشكلة ( باستثناء الآلات والمعدات )","251","صناعة المنتجات المعدنية الإنشائية والصهاريج والخزانات ومولدات البخار","2511","صنع المنتجات المعدنية الإنشائية","251153","صناعة وتركيب أبواب الكراجات",
"C","الصناعة التحويلية","25","صنع منتجات المعادن المشكلة ( باستثناء الآلات والمعدات )","251","صناعة المنتجات المعدنية الإنشائية والصهاريج والخزانات ومولدات البخار","2511","صنع المنتجات المعدنية الإنشائية","251154","صناعة وتركيب النوافذ والأبواب",
"C","الصناعة التحويلية","25","صنع منتجات المعادن المشكلة ( باستثناء الآلات والمعدات )","251","صناعة المنتجات المعدنية الإنشائية والصهاريج والخزانات ومولدات البخار","2511","صنع المنتجات المعدنية الإنشائية","251155","صناعة وتركيب السلالم",
"C","الصناعة التحويلية","25","صنع منتجات المعادن المشكلة ( باستثناء الآلات والمعدات )","251","صناعة المنتجات المعدنية الإنشائية والصهاريج والخزانات ومولدات البخار","2511","صنع المنتجات المعدنية الإنشائية","251156","صناعة وتركيب المظلات",
"C","الصناعة التحويلية","25","صنع منتجات المعادن المشكلة ( باستثناء الآلات والمعدات )","251","صناعة المنتجات المعدنية الإنشائية والصهاريج والخزانات ومولدات البخار","2511","صنع المنتجات المعدنية الإنشائية","251157","صناعة الملاجئ العسكرية المتنقلة","تشمل جميع أنواع الملاجىء العسكرية"
"C","الصناعة التحويلية","25","صنع منتجات المعادن المشكلة ( باستثناء الآلات والمعدات )","251","صناعة المنتجات المعدنية الإنشائية والصهاريج والخزانات ومولدات البخار","2511","صنع المنتجات المعدنية الإنشائية","251160","ورش صناعة الالمونيوم",
"C","الصناعة التحويلية","25","صنع منتجات المعادن المشكلة ( باستثناء الآلات والمعدات )","251","صناعة المنتجات المعدنية الإنشائية والصهاريج والخزانات ومولدات البخار","2511","صنع المنتجات المعدنية الإنشائية","251170","صناعة قنوات التكييف وملحقاتها ( الدكت )",
"C","الصناعة التحويلية","25","صنع منتجات المعادن المشكلة ( باستثناء الآلات والمعدات )","251","صناعة المنتجات المعدنية الإنشائية والصهاريج والخزانات ومولدات البخار","2512","صنع الصهاريج والخزانات والأوعية من المعادن","251210","صناعة الصهاريج والخزانات",
"C","الصناعة التحويلية","25","صنع منتجات المعادن المشكلة ( باستثناء الآلات والمعدات )","251","صناعة المنتجات المعدنية الإنشائية والصهاريج والخزانات ومولدات البخار","2512","صنع الصهاريج والخزانات والأوعية من المعادن","251220","صناعة مراجل راديترات التدفئة المركزية",
"C","الصناعة التحويلية","25","صنع منتجات المعادن المشكلة ( باستثناء الآلات والمعدات )","251","صناعة المنتجات المعدنية الإنشائية والصهاريج والخزانات ومولدات البخار","2512","صنع الصهاريج والخزانات والأوعية من المعادن","251230","صناعة أوعية للغازات المسالة أو المضغوطة ، يشمل ( اسطوانات الغاز )",
"C","الصناعة التحويلية","25","صنع منتجات المعادن المشكلة ( باستثناء الآلات والمعدات )","251","صناعة المنتجات المعدنية الإنشائية والصهاريج والخزانات ومولدات البخار","2513","صنع مولدات البخار بأستثناء مراجل التدفئة المركزية بالمياه الساخنه","251310","صناعة مراجل لتوليد بخار الماء أو غيره من أنواع الأبخرة",
"C","الصناعة التحويلية","25","صنع منتجات المعادن المشكلة ( باستثناء الآلات والمعدات )","251","صناعة المنتجات المعدنية الإنشائية والصهاريج والخزانات ومولدات البخار","2513","صنع مولدات البخار بأستثناء مراجل التدفئة المركزية بالمياه الساخنه","251320","صناعة الوحدات الملحقة المستخدمة مع المراجل ، يشمل ( وحدات مكثفات البخار )",
"C","الصناعة التحويلية","25","صنع منتجات المعادن المشكلة ( باستثناء الآلات والمعدات )","252","صنع الأسلحة والذخائر","2520","صنع الأسلحة والذخائر","252000","صنع الأسلحة والذخائر","ويشمل المؤسسة العامة للصناعات العسكرية"
"C","الصناعة التحويلية","25","صنع منتجات المعادن المشكلة ( باستثناء الآلات والمعدات )","252","صنع الأسلحة والذخائر","2520","صنع الأسلحة والذخائر","252011","صناعة الذخائر التقليدية","تشمل صناعة أو تعبئة جميع أنواع الذخائر التقليدية"
"C","الصناعة التحويلية","25","صنع منتجات المعادن المشكلة ( باستثناء الآلات والمعدات )","252","صنع الأسلحة والذخائر","2520","صنع الأسلحة والذخائر","252012","صناعة القنابل اليدوية","تشمل صناعة أو تعبئة جميع أنواع القنابل اليدوية"
"C","الصناعة التحويلية","25","صنع منتجات المعادن المشكلة ( باستثناء الآلات والمعدات )","252","صنع الأسلحة والذخائر","2520","صنع الأسلحة والذخائر","252013","صناعة الذخائر الذكية","تشمل صناعة أو تعبئة جميع أنواع الصواريخ والذخائر الذكية"
"C","الصناعة التحويلية","25","صنع منتجات المعادن المشكلة ( باستثناء الآلات والمعدات )","252","صنع الأسلحة والذخائر","2520","صنع الأسلحة والذخائر","252014","صناعة الأسلحة النارية الثقيلة","تشمل القاذفات بجميع أنواعها والرشاشات الثقيلة (اعلى من عيار 80)"
"C","الصناعة التحويلية","25","صنع منتجات المعادن المشكلة ( باستثناء الآلات والمعدات )","252","صنع الأسلحة والذخائر","2520","صنع الأسلحة والذخائر","252015","صناعة الأسلحة النارية المتوسطة","تشمل القاذفات بجميع أنواعها والرشاشات المتوسطة (عيار أعلى من 50 وأقل من 80)"
"C","الصناعة التحويلية","25","صنع منتجات المعادن المشكلة ( باستثناء الآلات والمعدات )","252","صنع الأسلحة والذخائر","2520","صنع الأسلحة والذخائر","252016","صناعة الأسلحة النارية الخفيفة","تشمل المسدسات والرشاشات النارية (حتى عيار 50)"
"C","الصناعة التحويلية","25","صنع منتجات المعادن المشكلة ( باستثناء الآلات والمعدات )","252","صنع الأسلحة والذخائر","2520","صنع الأسلحة والذخائر","252021","صناعة أجزاء (غير قابلة للإحتراق) الذخائر التقليدية","صناعة أجزاء (غير قابلة للإحتراق) الذخائر التقليدية"
"C","الصناعة التحويلية","25","صنع منتجات المعادن المشكلة ( باستثناء الآلات والمعدات )","252","صنع الأسلحة والذخائر","2520","صنع الأسلحة والذخائر","252022","صناعة أجزاء (غير قابلة للإحتراق) الذخائر الذكية","صناعة أجزاء (غير قابلة للإحتراق) الذخائر الذكية"
"C","الصناعة التحويلية","25","صنع منتجات المعادن المشكلة ( باستثناء الآلات والمعدات )","252","صنع الأسلحة والذخائر","2520","صنع الأسلحة والذخائر","252023","صناعة أجزاء (غير قابلة للإحتراق) القنابل اليدوية","صناعة أجزاء (غير قابلة للإحتراق) القنابل اليدوية"
"C","الصناعة التحويلية","25","صنع منتجات المعادن المشكلة ( باستثناء الآلات والمعدات )","252","صنع الأسلحة والذخائر","2520","صنع الأسلحة والذخائر","252024","صناعة أجزاء الأسلحة النارية الثقيلة","تشمل صناعة أجزاء القاذفات بجميع أنواعها وأجزاء الرشاشات الثقيلة وتوابعها (اعلى من عيار 80)"
"C","الصناعة التحويلية","25","صنع منتجات المعادن المشكلة ( باستثناء الآلات والمعدات )","252","صنع الأسلحة والذخائر","2520","صنع الأسلحة والذخائر","252025","صناعة أجزاء الأسلحة النارية المتوسطة","تشمل صناعة أجزاء القاذفات بجميع أنواعها وأجزاء الرشاشات المتوسطة وتوابعها (عيار أعلى من 50 وأقل من 80)"
"C","الصناعة التحويلية","25","صنع منتجات المعادن المشكلة ( باستثناء الآلات والمعدات )","252","صنع الأسلحة والذخائر","2520","صنع الأسلحة والذخائر","252026","صناعة أجزاء الأسلحة النارية الخفيفة","تشمل صناعة أجزاء المسدسات والرشاشات النارية وتوابعها (حتى عيار 50)"
"C","الصناعة التحويلية","25","صنع منتجات المعادن المشكلة ( باستثناء الآلات والمعدات )","259","صنع منتجات المعادن المشكلة الأخرى, أنشطة خدمات تشكيل المعادن","2591","تشكيل المعادن بالطرق والكبس والسبك والدلفنه, ميثالورجيا المساحيق","259110","صناعة منتجات معدنية تامة وشبه تامة الصنع بالطرق ، أو الكبس ، أو السبك والدلفنة",
"C","الصناعة التحويلية","25","صنع منتجات المعادن المشكلة ( باستثناء الآلات والمعدات )","259","صنع منتجات المعادن المشكلة الأخرى, أنشطة خدمات تشكيل المعادن","2591","تشكيل المعادن بالطرق والكبس والسبك والدلفنه, ميثالورجيا المساحيق","259120","انتاج أغراض معدنية بشكل مباشر من المساحيق",
"C","الصناعة التحويلية","25","صنع منتجات المعادن المشكلة ( باستثناء الآلات والمعدات )","259","صنع منتجات المعادن المشكلة الأخرى, أنشطة خدمات تشكيل المعادن","2592","معالجة وطلي المعادن المعالجة بالآلات","259211","معالجة وطلي المعادن بالصقل والتلميع",
"C","الصناعة التحويلية","25","صنع منتجات المعادن المشكلة ( باستثناء الآلات والمعدات )","259","صنع منتجات المعادن المشكلة الأخرى, أنشطة خدمات تشكيل المعادن","2592","معالجة وطلي المعادن المعالجة بالآلات","259212","معالجة وطلي المعادن بالحفر",
"C","الصناعة التحويلية","25","صنع منتجات المعادن المشكلة ( باستثناء الآلات والمعدات )","259","صنع منتجات المعادن المشكلة الأخرى, أنشطة خدمات تشكيل المعادن","2592","معالجة وطلي المعادن المعالجة بالآلات","259213","معالجة وطلي المعادن بالتلوين والتنظيف",
"C","الصناعة التحويلية","25","صنع منتجات المعادن المشكلة ( باستثناء الآلات والمعدات )","259","صنع منتجات المعادن المشكلة الأخرى, أنشطة خدمات تشكيل المعادن","2592","معالجة وطلي المعادن المعالجة بالآلات","259220","قطع المعادن والكتابة عليها بواسطة أشعة الليزر",
"C","الصناعة التحويلية","25","صنع منتجات المعادن المشكلة ( باستثناء الآلات والمعدات )","259","صنع منتجات المعادن المشكلة الأخرى, أنشطة خدمات تشكيل المعادن","2592","معالجة وطلي المعادن المعالجة بالآلات","259230","خراطة المعادن",
"C","الصناعة التحويلية","25","صنع منتجات المعادن المشكلة ( باستثناء الآلات والمعدات )","259","صنع منتجات المعادن المشكلة الأخرى, أنشطة خدمات تشكيل المعادن","2593","صنع ادوات القطع والعدد اليدوية والأدوات المعدنية العامة","259310","صناعة الأصناف المعدنية للأغراض المنزلية ، يشمل ( سكاكين ، مقصات ، ملاعق ، شوك ، ..الخ )",
"C","الصناعة التحويلية","25","صنع منتجات المعادن المشكلة ( باستثناء الآلات والمعدات )","259","صنع منتجات المعادن المشكلة الأخرى, أنشطة خدمات تشكيل المعادن","2593","صنع ادوات القطع والعدد اليدوية والأدوات المعدنية العامة","259320","صناعة شفرات الحلاقة بأنواعها",
"C","الصناعة التحويلية","25","صنع منتجات المعادن المشكلة ( باستثناء الآلات والمعدات )","259","صنع منتجات المعادن المشكلة الأخرى, أنشطة خدمات تشكيل المعادن","2593","صنع ادوات القطع والعدد اليدوية والأدوات المعدنية العامة","259331","صناعة العدد اليدوية المستخدمة في أعمال الزراعة",
"C","الصناعة التحويلية","25","صنع منتجات المعادن المشكلة ( باستثناء الآلات والمعدات )","259","صنع منتجات المعادن المشكلة الأخرى, أنشطة خدمات تشكيل المعادن","2593","صنع ادوات القطع والعدد اليدوية والأدوات المعدنية العامة","259332","صناعة العدد اليدوية المستخدمة في أعمال النجارة",
"C","الصناعة التحويلية","25","صنع منتجات المعادن المشكلة ( باستثناء الآلات والمعدات )","259","صنع منتجات المعادن المشكلة الأخرى, أنشطة خدمات تشكيل المعادن","2593","صنع ادوات القطع والعدد اليدوية والأدوات المعدنية العامة","259333","صناعة العدد اليدوية المستخدمة في أعمال الميكانيكا والكهرباء",
"C","الصناعة التحويلية","25","صنع منتجات المعادن المشكلة ( باستثناء الآلات والمعدات )","259","صنع منتجات المعادن المشكلة الأخرى, أنشطة خدمات تشكيل المعادن","2593","صنع ادوات القطع والعدد اليدوية والأدوات المعدنية العامة","259334","صناعة العدد اليدوية المستخدمة في أعمال البناء والحفر",
"C","الصناعة التحويلية","25","صنع منتجات المعادن المشكلة ( باستثناء الآلات والمعدات )","259","صنع منتجات المعادن المشكلة الأخرى, أنشطة خدمات تشكيل المعادن","2593","صنع ادوات القطع والعدد اليدوية والأدوات المعدنية العامة","259340","صناعة المناشير والسكاكين و نصال القطع اللازمة للماكينات والأجهزة الميكانيكية",
"C","الصناعة التحويلية","25","صنع منتجات المعادن المشكلة ( باستثناء الآلات والمعدات )","259","صنع منتجات المعادن المشكلة الأخرى, أنشطة خدمات تشكيل المعادن","2593","صنع ادوات القطع والعدد اليدوية والأدوات المعدنية العامة","259350","صناعة رؤوس القطع القابلة للتبديل للعدد اليدوية ، تشمل ( ثواقب لولبية ، مقاطع فرز ، عيدان ملبدة ، قواطع آلات الخراطة حراب البنادق )",
"C","الصناعة التحويلية","25","صنع منتجات المعادن المشكلة ( باستثناء الآلات والمعدات )","259","صنع منتجات المعادن المشكلة الأخرى, أنشطة خدمات تشكيل المعادن","2593","صنع ادوات القطع والعدد اليدوية والأدوات المعدنية العامة","259360","صناعة أدوات الحدادة والمناجل والقمط ومواقد اللحام",
"C","الصناعة التحويلية","25","صنع منتجات المعادن المشكلة ( باستثناء الآلات والمعدات )","259","صنع منتجات المعادن المشكلة الأخرى, أنشطة خدمات تشكيل المعادن","2593","صنع ادوات القطع والعدد اليدوية والأدوات المعدنية العامة","259371","صناعة الأقفال وتشكيل المفاتيح",
"C","الصناعة التحويلية","25","صنع منتجات المعادن المشكلة ( باستثناء الآلات والمعدات )","259","صنع منتجات المعادن المشكلة الأخرى, أنشطة خدمات تشكيل المعادن","2593","صنع ادوات القطع والعدد اليدوية والأدوات المعدنية العامة","259372","صناعة علاقات الملابس والمشابك",
"C","الصناعة التحويلية","25","صنع منتجات المعادن المشكلة ( باستثناء الآلات والمعدات )","259","صنع منتجات المعادن المشكلة الأخرى, أنشطة خدمات تشكيل المعادن","2593","صنع ادوات القطع والعدد اليدوية والأدوات المعدنية العامة","259373","صناعة الخردوات المعدنية للمباني والأثاث والمركبات",
"C","الصناعة التحويلية","25","صنع منتجات المعادن المشكلة ( باستثناء الآلات والمعدات )","259","صنع منتجات المعادن المشكلة الأخرى, أنشطة خدمات تشكيل المعادن","2593","صنع ادوات القطع والعدد اليدوية والأدوات المعدنية العامة","259381","صناعة السيوف",
"C","الصناعة التحويلية","25","صنع منتجات المعادن المشكلة ( باستثناء الآلات والمعدات )","259","صنع منتجات المعادن المشكلة الأخرى, أنشطة خدمات تشكيل المعادن","2593","صنع ادوات القطع والعدد اليدوية والأدوات المعدنية العامة","259382","صناعة الجنبيات",
"C","الصناعة التحويلية","25","صنع منتجات المعادن المشكلة ( باستثناء الآلات والمعدات )","259","صنع منتجات المعادن المشكلة الأخرى, أنشطة خدمات تشكيل المعادن","2593","صنع ادوات القطع والعدد اليدوية والأدوات المعدنية العامة","259383","صناعة حراب البنادق (السناكي)",
"C","الصناعة التحويلية","25","صنع منتجات المعادن المشكلة ( باستثناء الآلات والمعدات )","259","صنع منتجات المعادن المشكلة الأخرى, أنشطة خدمات تشكيل المعادن","2599","صنع منتجات المعادن المشكلة الأخرى غير المصنفة في موضع آخر","259910","صناعة مشابك تثبيت معدنية ، يشمل ( المسامير والدبابيس والصواميل والحلقات بأنواعها )",
"C","الصناعة التحويلية","25","صنع منتجات المعادن المشكلة ( باستثناء الآلات والمعدات )","259","صنع منتجات المعادن المشكلة الأخرى, أنشطة خدمات تشكيل المعادن","2599","صنع منتجات المعادن المشكلة الأخرى غير المصنفة في موضع آخر","259921","صناعة كابلات وشرائط معدنية من الحديد",
"C","الصناعة التحويلية","25","صنع منتجات المعادن المشكلة ( باستثناء الآلات والمعدات )","259","صنع منتجات المعادن المشكلة الأخرى, أنشطة خدمات تشكيل المعادن","2599","صنع منتجات المعادن المشكلة الأخرى غير المصنفة في موضع آخر","259922","صناعة كابلات وشرائط معدنية من النحاس",
"C","الصناعة التحويلية","25","صنع منتجات المعادن المشكلة ( باستثناء الآلات والمعدات )","259","صنع منتجات المعادن المشكلة الأخرى, أنشطة خدمات تشكيل المعادن","2599","صنع منتجات المعادن المشكلة الأخرى غير المصنفة في موضع آخر","259923","صناعة كابلات وشرائط معدنية من الألمنيوم",
"C","الصناعة التحويلية","25","صنع منتجات المعادن المشكلة ( باستثناء الآلات والمعدات )","259","صنع منتجات المعادن المشكلة الأخرى, أنشطة خدمات تشكيل المعادن","2599","صنع منتجات المعادن المشكلة الأخرى غير المصنفة في موضع آخر","259930","صناعة أصناف مصنوعة من الأسلاك ، يشمل ( سلك شائك ، سياج ، شبك ممدد ... الخ )",
"C","الصناعة التحويلية","25","صنع منتجات المعادن المشكلة ( باستثناء الآلات والمعدات )","259","صنع منتجات المعادن المشكلة الأخرى, أنشطة خدمات تشكيل المعادن","2599","صنع منتجات المعادن المشكلة الأخرى غير المصنفة في موضع آخر","259940","صناعة الأوعية المعدنية المستخدمة في نقل وتعبئة السلع ، يشمل ( البراميل وحاويات النفايات والمخلفات والدلاء والصناديق والعلب ... الخ )",
"C","الصناعة التحويلية","25","صنع منتجات المعادن المشكلة ( باستثناء الآلات والمعدات )","259","صنع منتجات المعادن المشكلة الأخرى, أنشطة خدمات تشكيل المعادن","2599","صنع منتجات المعادن المشكلة الأخرى غير المصنفة في موضع آخر","259951","صناعة الأواني المعدنية المجوفة وما يماثلها من أدوات المطبخ والمائدة وأدوات الشوي والقلي",
"C","الصناعة التحويلية","25","صنع منتجات المعادن المشكلة ( باستثناء الآلات والمعدات )","259","صنع منتجات المعادن المشكلة الأخرى, أنشطة خدمات تشكيل المعادن","2599","صنع منتجات المعادن المشكلة الأخرى غير المصنفة في موضع آخر","259952","صناعة الأدوات الصحية المعدنية المطلية بالنيكل من أحواض ومغاسل وما شابهها",
"C","الصناعة التحويلية","25","صنع منتجات المعادن المشكلة ( باستثناء الآلات والمعدات )","259","صنع منتجات المعادن المشكلة الأخرى, أنشطة خدمات تشكيل المعادن","2599","صنع منتجات المعادن المشكلة الأخرى غير المصنفة في موضع آخر","259961","صناعة النوابض (اليايات أو الزنبركات) عدا نوابض الساعات",
"C","الصناعة التحويلية","25","صنع منتجات المعادن المشكلة ( باستثناء الآلات والمعدات )","259","صنع منتجات المعادن المشكلة الأخرى, أنشطة خدمات تشكيل المعادن","2599","صنع منتجات المعادن المشكلة الأخرى غير المصنفة في موضع آخر","259962","صناعة الخزائن الحديدية",
"C","الصناعة التحويلية","25","صنع منتجات المعادن المشكلة ( باستثناء الآلات والمعدات )","259","صنع منتجات المعادن المشكلة الأخرى, أنشطة خدمات تشكيل المعادن","2599","صنع منتجات المعادن المشكلة الأخرى غير المصنفة في موضع آخر","259963","صناعة الأبواب المصفحة لأغراض الحماية",
"C","الصناعة التحويلية","25","صنع منتجات المعادن المشكلة ( باستثناء الآلات والمعدات )","259","صنع منتجات المعادن المشكلة الأخرى, أنشطة خدمات تشكيل المعادن","2599","صنع منتجات المعادن المشكلة الأخرى غير المصنفة في موضع آخر","259971","صناعة الأدوات المعدنية للمكاتب",
"C","الصناعة التحويلية","25","صنع منتجات المعادن المشكلة ( باستثناء الآلات والمعدات )","259","صنع منتجات المعادن المشكلة الأخرى, أنشطة خدمات تشكيل المعادن","2599","صنع منتجات المعادن المشكلة الأخرى غير المصنفة في موضع آخر","259972","صناعة لوحات السيارات",
"C","الصناعة التحويلية","25","صنع منتجات المعادن المشكلة ( باستثناء الآلات والمعدات )","259","صنع منتجات المعادن المشكلة الأخرى, أنشطة خدمات تشكيل المعادن","2599","صنع منتجات المعادن المشكلة الأخرى غير المصنفة في موضع آخر","259973","صناعة أغطية غرف تفتيش الصرف الصحي",
"C","الصناعة التحويلية","25","صنع منتجات المعادن المشكلة ( باستثناء الآلات والمعدات )","259","صنع منتجات المعادن المشكلة الأخرى, أنشطة خدمات تشكيل المعادن","2599","صنع منتجات المعادن المشكلة الأخرى غير المصنفة في موضع آخر","259974","صناعة تمديدات مجاري التكييف",
"C","الصناعة التحويلية","25","صنع منتجات المعادن المشكلة ( باستثناء الآلات والمعدات )","259","صنع منتجات المعادن المشكلة الأخرى, أنشطة خدمات تشكيل المعادن","2599","صنع منتجات المعادن المشكلة الأخرى غير المصنفة في موضع آخر","259975","صناعة الأسقف المعدنية ولوازمها",
"C","الصناعة التحويلية","25","صنع منتجات المعادن المشكلة ( باستثناء الآلات والمعدات )","259","صنع منتجات المعادن المشكلة الأخرى, أنشطة خدمات تشكيل المعادن","2599","صنع منتجات المعادن المشكلة الأخرى غير المصنفة في موضع آخر","259976","صناعة علامات وإشارات معدنية ولافتات ولوحات إرشادية (غير كهربائية)",
"C","الصناعة التحويلية","25","صنع منتجات المعادن المشكلة ( باستثناء الآلات والمعدات )","259","صنع منتجات المعادن المشكلة الأخرى, أنشطة خدمات تشكيل المعادن","2599","صنع منتجات المعادن المشكلة الأخرى غير المصنفة في موضع آخر","259977","صناعة العلامات والرُتب العسكرية من المعدن","تشمل جميع أنواع العلامات والرتب العسكرية المصنوعة من المعدن"
"C","الصناعة التحويلية","25","صنع منتجات المعادن المشكلة ( باستثناء الآلات والمعدات )","259","صنع منتجات المعادن المشكلة الأخرى, أنشطة خدمات تشكيل المعادن","2599","صنع منتجات المعادن المشكلة الأخرى غير المصنفة في موضع آخر","259981","صناعة أسياخ اللحام",
"C","الصناعة التحويلية","25","صنع منتجات المعادن المشكلة ( باستثناء الآلات والمعدات )","259","صنع منتجات المعادن المشكلة الأخرى, أنشطة خدمات تشكيل المعادن","2599","صنع منتجات المعادن المشكلة الأخرى غير المصنفة في موضع آخر","259982","صناعة الأطر المعدنية",
"C","الصناعة التحويلية","25","صنع منتجات المعادن المشكلة ( باستثناء الآلات والمعدات )","259","صنع منتجات المعادن المشكلة الأخرى, أنشطة خدمات تشكيل المعادن","2599","صنع منتجات المعادن المشكلة الأخرى غير المصنفة في موضع آخر","259983","صناعة السلاسل والجنازير",
"C","الصناعة التحويلية","25","صنع منتجات المعادن المشكلة ( باستثناء الآلات والمعدات )","259","صنع منتجات المعادن المشكلة الأخرى, أنشطة خدمات تشكيل المعادن","2599","صنع منتجات المعادن المشكلة الأخرى غير المصنفة في موضع آخر","259984","صناعة أجراس ومراس السفن",
"C","الصناعة التحويلية","25","صنع منتجات المعادن المشكلة ( باستثناء الآلات والمعدات )","259","صنع منتجات المعادن المشكلة الأخرى, أنشطة خدمات تشكيل المعادن","2599","صنع منتجات المعادن المشكلة الأخرى غير المصنفة في موضع آخر","259985","صناعة أدوات تثبيت خطوط السكك الحديدية",
"C","الصناعة التحويلية","25","صنع منتجات المعادن المشكلة ( باستثناء الآلات والمعدات )","259","صنع منتجات المعادن المشكلة الأخرى, أنشطة خدمات تشكيل المعادن","2599","صنع منتجات المعادن المشكلة الأخرى غير المصنفة في موضع آخر","259986","صناعة أهداف الرماية العسكرية","تشمل جميع أنواع الأهداف العسكرية"
"C","الصناعة التحويلية","25","صنع منتجات المعادن المشكلة ( باستثناء الآلات والمعدات )","259","صنع منتجات المعادن المشكلة الأخرى, أنشطة خدمات تشكيل المعادن","2599","صنع منتجات المعادن المشكلة الأخرى غير المصنفة في موضع آخر","259987","صناعة أغطية المعدات العسكرية","تشمل صناعة جميع أنواع الأغطية التي تستخدم لتغطية وحماية المعدات والأدوات العسكرية"
"C","الصناعة التحويلية","26","صنع الحواسيب والمنتجات الإلكترونية والبصرية","261","صنع المكونات واللوحات الإلكترونية","2610","صنع المكونات واللوحات الإلكترونية","261001","صناعة المكثفات والمقاومات الإلكترونية",
"C","الصناعة التحويلية","26","صنع الحواسيب والمنتجات الإلكترونية والبصرية","261","صنع المكونات واللوحات الإلكترونية","2610","صنع المكونات واللوحات الإلكترونية","261002","صناعة المعالجات الدقيقة ، تشمل ( مودم الحاسوب الداخلية والخارجية )",
"C","الصناعة التحويلية","26","صنع الحواسيب والمنتجات الإلكترونية والبصرية","261","صنع المكونات واللوحات الإلكترونية","2610","صنع المكونات واللوحات الإلكترونية","261003","صناعة الصمامات والروابط الإلكترونية",
"C","الصناعة التحويلية","26","صنع الحواسيب والمنتجات الإلكترونية والبصرية","261","صنع المكونات واللوحات الإلكترونية","2610","صنع المكونات واللوحات الإلكترونية","261004","صناعة الدوائر المتكاملة",
"C","الصناعة التحويلية","26","صنع الحواسيب والمنتجات الإلكترونية والبصرية","261","صنع المكونات واللوحات الإلكترونية","2610","صنع المكونات واللوحات الإلكترونية","261005","صناعة محوّلات الطاقة لاستعمالات إلكترونيّة",
"C","الصناعة التحويلية","26","صنع الحواسيب والمنتجات الإلكترونية والبصرية","261","صنع المكونات واللوحات الإلكترونية","2610","صنع المكونات واللوحات الإلكترونية","261006","صناعة كروت الواجهة ( صوت ، فيديو، مراقبة ، شبكة، مودوم )",
"C","الصناعة التحويلية","26","صنع الحواسيب والمنتجات الإلكترونية والبصرية","261","صنع المكونات واللوحات الإلكترونية","2610","صنع المكونات واللوحات الإلكترونية","261007","صنع مكونات شاشات العرض (البلازما، البوليمير، شاشات عرض البلور السائل)",
"C","الصناعة التحويلية","26","صنع الحواسيب والمنتجات الإلكترونية والبصرية","261","صنع المكونات واللوحات الإلكترونية","2610","صنع المكونات واللوحات الإلكترونية","261008","صناعة موصلات وكيابل الطابعات والشاشات ومنافذ الوصول للخدمة و الربط",
"C","الصناعة التحويلية","26","صنع الحواسيب والمنتجات الإلكترونية والبصرية","261","صنع المكونات واللوحات الإلكترونية","2610","صنع المكونات واللوحات الإلكترونية","261011","صناعة ألواح الطاقة الشمسية وأجزاءها",
"C","الصناعة التحويلية","26","صنع الحواسيب والمنتجات الإلكترونية والبصرية","261","صنع المكونات واللوحات الإلكترونية","2610","صنع المكونات واللوحات الإلكترونية","261012","صناعة البطاقات الذكية","صناعة البطاقات الذكية لاستخدامها في  تقديم المنتج النهائي (بطاقات الدفع)، يلزم تخصيص معلومات شخصية ببطاقات الدفع في مصنع مخصص"
"C","الصناعة التحويلية","26","صنع الحواسيب والمنتجات الإلكترونية والبصرية","261","صنع المكونات واللوحات الإلكترونية","2610","صنع المكونات واللوحات الإلكترونية","261013","صناعة أجزاء الالكترونيات العسكرية","تشمل صناعة كافة الاجزاء الالكترونية وقطع الغيار الالكترونية العسكرية"
"C","الصناعة التحويلية","26","صنع الحواسيب والمنتجات الإلكترونية والبصرية","262","صنع الحواسيب والمعدات الملحقة","2620","صنع الحواسيب والمعدات الملحقة","262011","صناعة الحاسبات الشخصية",
"C","الصناعة التحويلية","26","صنع الحواسيب والمنتجات الإلكترونية والبصرية","262","صنع الحواسيب والمعدات الملحقة","2620","صنع الحواسيب والمعدات الملحقة","262012","صناعة الحاسبات المحمولة",
"C","الصناعة التحويلية","26","صنع الحواسيب والمنتجات الإلكترونية والبصرية","262","صنع الحواسيب والمعدات الملحقة","2620","صنع الحواسيب والمعدات الملحقة","262013","صناعة الحاسبات الهيكلية الرئيسية (مين فريم)",
"C","الصناعة التحويلية","26","صنع الحواسيب والمنتجات الإلكترونية والبصرية","262","صنع الحواسيب والمعدات الملحقة","2620","صنع الحواسيب والمعدات الملحقة","262014","صناعة الحاسبات الكفية ( المساعد الرقمي الشخصي)",
"C","الصناعة التحويلية","26","صنع الحواسيب والمنتجات الإلكترونية والبصرية","262","صنع الحواسيب والمعدات الملحقة","2620","صنع الحواسيب والمعدات الملحقة","262021","صناعة محركات وسائط التخزين للحاسبات الآلية",
"C","الصناعة التحويلية","26","صنع الحواسيب والمنتجات الإلكترونية والبصرية","262","صنع الحواسيب والمعدات الملحقة","2620","صنع الحواسيب والمعدات الملحقة","262022","صناعة الطابعات",
"C","الصناعة التحويلية","26","صنع الحواسيب والمنتجات الإلكترونية والبصرية","262","صنع الحواسيب والمعدات الملحقة","2620","صنع الحواسيب والمعدات الملحقة","262023","الماسحات الضوئية بجميع أنواعها",
"C","الصناعة التحويلية","26","صنع الحواسيب والمنتجات الإلكترونية والبصرية","262","صنع الحواسيب والمعدات الملحقة","2620","صنع الحواسيب والمعدات الملحقة","262024","صناعة شاشات العرض",
"C","الصناعة التحويلية","26","صنع الحواسيب والمنتجات الإلكترونية والبصرية","262","صنع الحواسيب والمعدات الملحقة","2620","صنع الحواسيب والمعدات الملحقة","262025","صناعة لوحات المفاتيح وجميع أنواع الماوس",
"C","الصناعة التحويلية","26","صنع الحواسيب والمنتجات الإلكترونية والبصرية","262","صنع الحواسيب والمعدات الملحقة","2620","صنع الحواسيب والمعدات الملحقة","262030","صناعة أجهزة الصراف الآلي وأجهزة نقاط البيع التي لا تعمل آلياً",
"C","الصناعة التحويلية","26","صنع الحواسيب والمنتجات الإلكترونية والبصرية","262","صنع الحواسيب والمعدات الملحقة","2620","صنع الحواسيب والمعدات الملحقة","262040","صناعة الآلات المكتبية المتعددة الأغراض ( فاكس، ماسح، آلة تصوير )",
"C","الصناعة التحويلية","26","صنع الحواسيب والمنتجات الإلكترونية والبصرية","263","صنع معدات الاتصالات","2630","صنع معدات الاتصالات","263011","صناعة السنترالات بجميع أنواعها",
"C","الصناعة التحويلية","26","صنع الحواسيب والمنتجات الإلكترونية والبصرية","263","صنع معدات الاتصالات","2630","صنع معدات الاتصالات","263012","صناعة الهواتف اللاسلكية والنقالة ومعداتها",
"C","الصناعة التحويلية","26","صنع الحواسيب والمنتجات الإلكترونية والبصرية","263","صنع معدات الاتصالات","2630","صنع معدات الاتصالات","263013","صناعة الهواتف الثابتة والفاكسات وأجهزة الرد الآلي",
"C","الصناعة التحويلية","26","صنع الحواسيب والمنتجات الإلكترونية والبصرية","263","صنع معدات الاتصالات","2630","صنع معدات الاتصالات","263014","صناعة معدات الاتصال الرقمي ، يشمل ( الأبراج والمداخل )",
"C","الصناعة التحويلية","26","صنع الحواسيب والمنتجات الإلكترونية والبصرية","263","صنع معدات الاتصالات","2630","صنع معدات الاتصالات","263015","صناعة المودم الخاصة بالشبكات ومعدات الحمل",
"C","الصناعة التحويلية","26","صنع الحواسيب والمنتجات الإلكترونية والبصرية","263","صنع معدات الاتصالات","2630","صنع معدات الاتصالات","263021","صناعة هوائيات الإرسال والاستقبال ومعدات التلفزيون السلكي الخاص ( الكيبل )",
"C","الصناعة التحويلية","26","صنع الحواسيب والمنتجات الإلكترونية والبصرية","263","صنع معدات الاتصالات","2630","صنع معدات الاتصالات","263022","صناعة معدات استديوهات الراديو والتليفزيون ومعدات البث الحي بما فيها آلات التصوير التلفزيوني",
"C","الصناعة التحويلية","26","صنع الحواسيب والمنتجات الإلكترونية والبصرية","263","صنع معدات الاتصالات","2630","صنع معدات الاتصالات","263023","صناعة أجهزة أرسال تلفزيوني وإذاعي",
"C","الصناعة التحويلية","26","صنع الحواسيب والمنتجات الإلكترونية والبصرية","263","صنع معدات الاتصالات","2630","صنع معدات الاتصالات","263024","صناعة أجهزة التحكم اللاسلكي عن بعد ( الريموت كنترول )",
"C","الصناعة التحويلية","26","صنع الحواسيب والمنتجات الإلكترونية والبصرية","263","صنع معدات الاتصالات","2630","صنع معدات الاتصالات","263025","صناعة أجهزة الإنذار عن السرقة والحريق التي ترسل إشارات تحكم",
"C","الصناعة التحويلية","26","صنع الحواسيب والمنتجات الإلكترونية والبصرية","263","صنع معدات الاتصالات","2630","صنع معدات الاتصالات","263031","صناعة أنظمة القيادة والسيطرة وأجهزة الاتصالات العسكرية","تشمل الأنظمة ومعدات الأجهزة الإلكترونية المصممة خصيصًا لغرض الاتصال والقيادة والسيطرة العسكرية"
"C","الصناعة التحويلية","26","صنع الحواسيب والمنتجات الإلكترونية والبصرية","263","صنع معدات الاتصالات","2630","صنع معدات الاتصالات","263032","صناعة كاميرات المراقبة الأمنية","ممارسة الأعمال المتعلقة بصناعة كاميرات المراقبة الأمنية"
"C","الصناعة التحويلية","26","صنع الحواسيب والمنتجات الإلكترونية والبصرية","264","صنع الإلكترونيات الاستهلاكية","2640","صنع الإلكترونيات الاستهلاكية","264011","صناعة أجهزة الفيديو",
"C","الصناعة التحويلية","26","صنع الحواسيب والمنتجات الإلكترونية والبصرية","264","صنع الإلكترونيات الاستهلاكية","2640","صنع الإلكترونيات الاستهلاكية","264012","صناعة شاشات العرض التلفزيونية",
"C","الصناعة التحويلية","26","صنع الحواسيب والمنتجات الإلكترونية والبصرية","264","صنع الإلكترونيات الاستهلاكية","2640","صنع الإلكترونيات الاستهلاكية","264013","صناعة مشغلات الأقراص المضغوطة المرئية بأنواعها",
"C","الصناعة التحويلية","26","صنع الحواسيب والمنتجات الإلكترونية والبصرية","264","صنع الإلكترونيات الاستهلاكية","2640","صنع الإلكترونيات الاستهلاكية","264014","صناعة كاميرات الفيديو المنزلية",
"C","الصناعة التحويلية","26","صنع الحواسيب والمنتجات الإلكترونية والبصرية","264","صنع الإلكترونيات الاستهلاكية","2640","صنع الإلكترونيات الاستهلاكية","264015","صناعة أجهزة ألعاب الفيديو",
"C","الصناعة التحويلية","26","صنع الحواسيب والمنتجات الإلكترونية والبصرية","264","صنع الإلكترونيات الاستهلاكية","2640","صنع الإلكترونيات الاستهلاكية","264016","صناعة أجهزة التلفزيون",
"C","الصناعة التحويلية","26","صنع الحواسيب والمنتجات الإلكترونية والبصرية","264","صنع الإلكترونيات الاستهلاكية","2640","صنع الإلكترونيات الاستهلاكية","264021","صناعة أجهزة الراديو",
"C","الصناعة التحويلية","26","صنع الحواسيب والمنتجات الإلكترونية والبصرية","264","صنع الإلكترونيات الاستهلاكية","2640","صنع الإلكترونيات الاستهلاكية","264022","صناعة أجهزة التسجيل الصوتية",
"C","الصناعة التحويلية","26","صنع الحواسيب والمنتجات الإلكترونية والبصرية","264","صنع الإلكترونيات الاستهلاكية","2640","صنع الإلكترونيات الاستهلاكية","264023","صناعة الأنظمة الصوتية",
"C","الصناعة التحويلية","26","صنع الحواسيب والمنتجات الإلكترونية والبصرية","264","صنع الإلكترونيات الاستهلاكية","2640","صنع الإلكترونيات الاستهلاكية","264024","صناعة سماعات الأذن للراديو والمسجل والحاسب الآلي",
"C","الصناعة التحويلية","26","صنع الحواسيب والمنتجات الإلكترونية والبصرية","264","صنع الإلكترونيات الاستهلاكية","2640","صنع الإلكترونيات الاستهلاكية","264025","صناعة مشغلات الأقراص المضغوطة الصوتية",
"C","الصناعة التحويلية","26","صنع الحواسيب والمنتجات الإلكترونية والبصرية","264","صنع الإلكترونيات الاستهلاكية","2640","صنع الإلكترونيات الاستهلاكية","264026","صناعة أجهزة التقاط الصوت ( الميكروفونات ) ومكبرات الصوت",
"C","الصناعة التحويلية","26","صنع الحواسيب والمنتجات الإلكترونية والبصرية","265","صنع معدات القياس والاختبار والملاحة والمراقبة وصنع الساعات بأنواعها","2651","صنع معدات القياس والاختبار والملاحة والتحكم","265111","صناعة أجهزة القياس والصناديق السوداء للطائرات",
"C","الصناعة التحويلية","26","صنع الحواسيب والمنتجات الإلكترونية والبصرية","265","صنع معدات القياس والاختبار والملاحة والمراقبة وصنع الساعات بأنواعها","2651","صنع معدات القياس والاختبار والملاحة والتحكم","265112","صناعة معدات اختبار الإنبعاث في السيارات",
"C","الصناعة التحويلية","26","صنع الحواسيب والمنتجات الإلكترونية والبصرية","265","صنع معدات القياس والاختبار والملاحة والمراقبة وصنع الساعات بأنواعها","2651","صنع معدات القياس والاختبار والملاحة والتحكم","265113","صناعة أجهزة ومعدات الملاحة والرادار",
"C","الصناعة التحويلية","26","صنع الحواسيب والمنتجات الإلكترونية والبصرية","265","صنع معدات القياس والاختبار والملاحة والمراقبة وصنع الساعات بأنواعها","2651","صنع معدات القياس والاختبار والملاحة والتحكم","265114","صناعة عدد قياس وأختبار الكهرباء والإشارات الكهربائية",
"C","الصناعة التحويلية","26","صنع الحواسيب والمنتجات الإلكترونية والبصرية","265","صنع معدات القياس والاختبار والملاحة والمراقبة وصنع الساعات بأنواعها","2651","صنع معدات القياس والاختبار والملاحة والتحكم","265121","صناعة أجهزة القياس المستخدمة في الرصد الجوي",
"C","الصناعة التحويلية","26","صنع الحواسيب والمنتجات الإلكترونية والبصرية","265","صنع معدات القياس والاختبار والملاحة والمراقبة وصنع الساعات بأنواعها","2651","صنع معدات القياس والاختبار والملاحة والتحكم","265122","صناعة أجهزة التحكم في ضبط الحرارة والرطوبة",
"C","الصناعة التحويلية","26","صنع الحواسيب والمنتجات الإلكترونية والبصرية","265","صنع معدات القياس والاختبار والملاحة والمراقبة وصنع الساعات بأنواعها","2651","صنع معدات القياس والاختبار والملاحة والتحكم","265123","صناعة أجهزة كشف ورصد الإشعاعات",
"C","الصناعة التحويلية","26","صنع الحواسيب والمنتجات الإلكترونية والبصرية","265","صنع معدات القياس والاختبار والملاحة والمراقبة وصنع الساعات بأنواعها","2651","صنع معدات القياس والاختبار والملاحة والتحكم","265131","صناعة الموازين الحساسة والمقاييس المستخدمة في المختبرات لأغراض الاختبار",
"C","الصناعة التحويلية","26","صنع الحواسيب والمنتجات الإلكترونية والبصرية","265","صنع معدات القياس والاختبار والملاحة والمراقبة وصنع الساعات بأنواعها","2651","صنع معدات القياس والاختبار والملاحة والتحكم","265132","صناعة أجهزة التحليل في المختبرات ، يشمل ( معدات تحليل الدم )","صناعة أجهزة التحليل في المختبرات ، يشمل ( معدات تحليل الدم ) بما فيها المنتجات والملحقات المرتبطة بها"
"C","الصناعة التحويلية","26","صنع الحواسيب والمنتجات الإلكترونية والبصرية","265","صنع معدات القياس والاختبار والملاحة والمراقبة وصنع الساعات بأنواعها","2651","صنع معدات القياس والاختبار والملاحة والتحكم","265133","صناعة أجهزة قياس تحليل الطيف",
"C","الصناعة التحويلية","26","صنع الحواسيب والمنتجات الإلكترونية والبصرية","265","صنع معدات القياس والاختبار والملاحة والمراقبة وصنع الساعات بأنواعها","2651","صنع معدات القياس والاختبار والملاحة والتحكم","265141","صناعة معدات الاختبار والتفتيش",
"C","الصناعة التحويلية","26","صنع الحواسيب والمنتجات الإلكترونية والبصرية","265","صنع معدات القياس والاختبار والملاحة والمراقبة وصنع الساعات بأنواعها","2651","صنع معدات القياس والاختبار والملاحة والتحكم","265142","صناعة أجهزة كشف الكذب",
"C","الصناعة التحويلية","26","صنع الحواسيب والمنتجات الإلكترونية والبصرية","265","صنع معدات القياس والاختبار والملاحة والمراقبة وصنع الساعات بأنواعها","2651","صنع معدات القياس والاختبار والملاحة والتحكم","265143","صناعة معدات القياس والفحص والاختبار العسكرية","يشمل كاشفات الألغام واجهزة القياس العسكرية"
"C","الصناعة التحويلية","26","صنع الحواسيب والمنتجات الإلكترونية والبصرية","265","صنع معدات القياس والاختبار والملاحة والمراقبة وصنع الساعات بأنواعها","2651","صنع معدات القياس والاختبار والملاحة والتحكم","265144","صناعة أجهزة كشف المعادن",
"C","الصناعة التحويلية","26","صنع الحواسيب والمنتجات الإلكترونية والبصرية","265","صنع معدات القياس والاختبار والملاحة والمراقبة وصنع الساعات بأنواعها","2651","صنع معدات القياس والاختبار والملاحة والتحكم","265145","صناعة أنظمة التوجيه العسكرية","تشمل جميع الأنظمة الآلية لتوجيه الأسلحة العسكرية"
"C","الصناعة التحويلية","26","صنع الحواسيب والمنتجات الإلكترونية والبصرية","265","صنع معدات القياس والاختبار والملاحة والمراقبة وصنع الساعات بأنواعها","2651","صنع معدات القياس والاختبار والملاحة والتحكم","265146","صناعة الرادارات والمستشعرات العسكرية","تشمل الرادارات والمستشعرات العسكرية وأنظمة المراقبة والتتبع وتحديد المواقع وتوابعها وتشمل وسائل الاستطلاع والأنظمة ذات الترددات المختلفة (لا تشمل الكاميرات)"
"C","الصناعة التحويلية","26","صنع الحواسيب والمنتجات الإلكترونية والبصرية","265","صنع معدات القياس والاختبار والملاحة والمراقبة وصنع الساعات بأنواعها","2651","صنع معدات القياس والاختبار والملاحة والتحكم","265147","صناعة أنظمة المنع والتشويش الالكترونية العسكرية","تشمل الأجهزة المصممة لمنع واكتشاف والتشويش على أنظمة الاتصالات العسكرية والرادارات والمستشعرات العسكرية والمضادات لها بأنواعها"
"C","الصناعة التحويلية","26","صنع الحواسيب والمنتجات الإلكترونية والبصرية","265","صنع معدات القياس والاختبار والملاحة والمراقبة وصنع الساعات بأنواعها","2651","صنع معدات القياس والاختبار والملاحة والتحكم","265191","صناعة عدد المساحة",
"C","الصناعة التحويلية","26","صنع الحواسيب والمنتجات الإلكترونية والبصرية","265","صنع معدات القياس والاختبار والملاحة والمراقبة وصنع الساعات بأنواعها","2651","صنع معدات القياس والاختبار والملاحة والتحكم","265192","صناعة مقاييس الحرارة غير الطبية ، يشمل ( المقاييس الخاصة بالأغراض الصناعية )",
"C","الصناعة التحويلية","26","صنع الحواسيب والمنتجات الإلكترونية والبصرية","265","صنع معدات القياس والاختبار والملاحة والمراقبة وصنع الساعات بأنواعها","2651","صنع معدات القياس والاختبار والملاحة والتحكم","265193","صناعة أجهزة النظام العالمي لتحديد الموقع",
"C","الصناعة التحويلية","26","صنع الحواسيب والمنتجات الإلكترونية والبصرية","265","صنع معدات القياس والاختبار والملاحة والمراقبة وصنع الساعات بأنواعها","2651","صنع معدات القياس والاختبار والملاحة والتحكم","265194","صناعة عدادات الكهرباء أو الغاز أو المياه",
"C","الصناعة التحويلية","26","صنع الحواسيب والمنتجات الإلكترونية والبصرية","265","صنع معدات القياس والاختبار والملاحة والمراقبة وصنع الساعات بأنواعها","2652","صنع الساعات بأنواعها واليات تحديد التوقيتات","265211","صناعة وتجميع ساعات اليد ، يشمل ( ساعات اليد ذات المعادن الثمينة )",
"C","الصناعة التحويلية","26","صنع الحواسيب والمنتجات الإلكترونية والبصرية","265","صنع معدات القياس والاختبار والملاحة والمراقبة وصنع الساعات بأنواعها","2652","صنع الساعات بأنواعها واليات تحديد التوقيتات","265212","صناعة وتجميع الساعات الكبيرة ، يشمل ( ساعات الحائط )",
"C","الصناعة التحويلية","26","صنع الحواسيب والمنتجات الإلكترونية والبصرية","265","صنع معدات القياس والاختبار والملاحة والمراقبة وصنع الساعات بأنواعها","2652","صنع الساعات بأنواعها واليات تحديد التوقيتات","265213","صناعة ساعات الجيب",
"C","الصناعة التحويلية","26","صنع الحواسيب والمنتجات الإلكترونية والبصرية","265","صنع معدات القياس والاختبار والملاحة والمراقبة وصنع الساعات بأنواعها","2652","صنع الساعات بأنواعها واليات تحديد التوقيتات","265214","صناعة أجزاء الساعات بأنواعها ، يشمل ( نوابض الساعات )",
"C","الصناعة التحويلية","26","صنع الحواسيب والمنتجات الإلكترونية والبصرية","265","صنع معدات القياس والاختبار والملاحة والمراقبة وصنع الساعات بأنواعها","2652","صنع الساعات بأنواعها واليات تحديد التوقيتات","265220","صناعة أجهزة تسجيل الوقت ، أجهزة قياس وتسجيل الفترات الزمنية",
"C","الصناعة التحويلية","26","صنع الحواسيب والمنتجات الإلكترونية والبصرية","266","صنع معدات التشعيع والمعدات الكهربائية الطبية والعلاجية","2660","صنع معدات التشعيع والمعدات الكهربائية الطبية والعلاجية","266011","صناعة المعدات والأنابيب والأجهزة الإشعاعية العادية وإجزائها للأغراض الطبية والعلمية والأبحاث ، يشمل ( أشعة إكس ، أشعة بيتا ، أشعة جاما )","صناعة المعدات والأنابيب والأجهزة الإشعاعية العادية وإجزائها للأغراض الطبية والعلمية والأبحاث ، يشمل ( أشعة إكس ، أشعة بيتا ، أشعة جاما ) بما فيها المنتجات والملحقات المرتبطة بها"
"C","الصناعة التحويلية","26","صنع الحواسيب والمنتجات الإلكترونية والبصرية","266","صنع معدات التشعيع والمعدات الكهربائية الطبية والعلاجية","2660","صنع معدات التشعيع والمعدات الكهربائية الطبية والعلاجية","266012","صناعة معدات التصوير المقطعي بالحاسب الآلي","صناعة معدات التصوير المقطعي بالحاسب الآلي بما فيها المنتجات والملحقات المرتبطة بها"
"C","الصناعة التحويلية","26","صنع الحواسيب والمنتجات الإلكترونية والبصرية","266","صنع معدات التشعيع والمعدات الكهربائية الطبية والعلاجية","2660","صنع معدات التشعيع والمعدات الكهربائية الطبية والعلاجية","266013","صناعة معدات التصوير بالرنين المغناطيسي","صناعة معدات التصوير بالرنين المغناطيسي بما فيها المنتجات والملحقات المرتبطة بها"
"C","الصناعة التحويلية","26","صنع الحواسيب والمنتجات الإلكترونية والبصرية","266","صنع معدات التشعيع والمعدات الكهربائية الطبية والعلاجية","2660","صنع معدات التشعيع والمعدات الكهربائية الطبية والعلاجية","266014","صناعة معدات التصوير بالموجات فوق الصوتية","صناعة معدات التصوير بالموجات فوق الصوتية بما فيها المنتجات والملحقات المرتبطة بها"
"C","الصناعة التحويلية","26","صنع الحواسيب والمنتجات الإلكترونية والبصرية","266","صنع معدات التشعيع والمعدات الكهربائية الطبية والعلاجية","2660","صنع معدات التشعيع والمعدات الكهربائية الطبية والعلاجية","266015","صناعة معدات التصوير المقطعي بانبعاث البوزوترون","صناعة معدات التصوير المقطعي بانبعاث البوزوترون بما فيها المنتجات والملحقات المرتبطة بها"
"C","الصناعة التحويلية","26","صنع الحواسيب والمنتجات الإلكترونية والبصرية","266","صنع معدات التشعيع والمعدات الكهربائية الطبية والعلاجية","2660","صنع معدات التشعيع والمعدات الكهربائية الطبية والعلاجية","266016","صناعة معدات الليزر الطبي","صناعة معدات الليزر الطبي بما فيها المنتجات والملحقات المرتبطة بها"
"C","الصناعة التحويلية","26","صنع الحواسيب والمنتجات الإلكترونية والبصرية","266","صنع معدات التشعيع والمعدات الكهربائية الطبية والعلاجية","2660","صنع معدات التشعيع والمعدات الكهربائية الطبية والعلاجية","266017","صناعة معدات قياس إشعاعات الغذاء والحليب",
"C","الصناعة التحويلية","26","صنع الحواسيب والمنتجات الإلكترونية والبصرية","266","صنع معدات التشعيع والمعدات الكهربائية الطبية والعلاجية","2660","صنع معدات التشعيع والمعدات الكهربائية الطبية والعلاجية","266021","صناعة منظمات ضربات القلب","صناعة منظمات ضربات القلب بما فيها المنتجات والملحقات المرتبطة بها"
"C","الصناعة التحويلية","26","صنع الحواسيب والمنتجات الإلكترونية والبصرية","266","صنع معدات التشعيع والمعدات الكهربائية الطبية والعلاجية","2660","صنع معدات التشعيع والمعدات الكهربائية الطبية والعلاجية","266022","صناعة أجهزة تخطيط القلب","صناعة أجهزة تخطيط القلب بما فيها المنتجات والملحقات المرتبطة بها"
"C","الصناعة التحويلية","26","صنع الحواسيب والمنتجات الإلكترونية والبصرية","266","صنع معدات التشعيع والمعدات الكهربائية الطبية والعلاجية","2660","صنع معدات التشعيع والمعدات الكهربائية الطبية والعلاجية","266023","صناعة أجهزة تقوية السمع","صناعة أجهزة تقوية السمع الداخلية والخارجية بما فيها المنتجات والملحقات المرتبطة بها"
"C","الصناعة التحويلية","26","صنع الحواسيب والمنتجات الإلكترونية والبصرية","266","صنع معدات التشعيع والمعدات الكهربائية الطبية والعلاجية","2660","صنع معدات التشعيع والمعدات الكهربائية الطبية والعلاجية","266024","صناعة المناظير الألكترونية الطبية","صناعة المناظير الألكترونية الطبية المرنة والصلبة بما فيها المنتجات والملحقات المرتبطة بها"
"C","الصناعة التحويلية","26","صنع الحواسيب والمنتجات الإلكترونية والبصرية","267","صنع الأدوات البصرية ومعدات التصوير الفوتوغرافي","2670","صنع الأدوات البصرية ومعدات التصوير الفوتوغرافي","267001","صناعة المرايا الطبية","صناعة المرايا الطبية المستخدمة بالعيادات بما فيها المنتجات والملحقات المرتبطة بها"
"C","الصناعة التحويلية","26","صنع الحواسيب والمنتجات الإلكترونية والبصرية","267","صنع الأدوات البصرية ومعدات التصوير الفوتوغرافي","2670","صنع الأدوات البصرية ومعدات التصوير الفوتوغرافي","267002","صناعة أدوات التكبير البصرية","صناعة أدوات التكبير البصرية لمعاينة العينات بما فيها المنتجات والملحقات المرتبطة بها"
"C","الصناعة التحويلية","26","صنع الحواسيب والمنتجات الإلكترونية والبصرية","267","صنع الأدوات البصرية ومعدات التصوير الفوتوغرافي","2670","صنع الأدوات البصرية ومعدات التصوير الفوتوغرافي","267003","صناعة كاميرات التصوير الفلمية وكاميرات التصوير الرقميّة",
"C","الصناعة التحويلية","26","صنع الحواسيب والمنتجات الإلكترونية والبصرية","267","صنع الأدوات البصرية ومعدات التصوير الفوتوغرافي","2670","صنع الأدوات البصرية ومعدات التصوير الفوتوغرافي","267004","صناعة أجهزة الصور المتحركه وأجهزة عرض الشرائح المصوره وأجهزة عرض الشفافية",
"C","الصناعة التحويلية","26","صنع الحواسيب والمنتجات الإلكترونية والبصرية","267","صنع الأدوات البصرية ومعدات التصوير الفوتوغرافي","2670","صنع الأدوات البصرية ومعدات التصوير الفوتوغرافي","267005","صناعة العدسات والمجاهر البصريّة والنواظير والتلسكوبات",
"C","الصناعة التحويلية","26","صنع الحواسيب والمنتجات الإلكترونية والبصرية","267","صنع الأدوات البصرية ومعدات التصوير الفوتوغرافي","2670","صنع الأدوات البصرية ومعدات التصوير الفوتوغرافي","267006","صناعة أجهزة القياس والفحص البصرية ، يشمل ( معدات مكافحة الحريق ، مقاييس شدة الإضاءة ، محدد المسافات )",
"C","الصناعة التحويلية","26","صنع الحواسيب والمنتجات الإلكترونية والبصرية","267","صنع الأدوات البصرية ومعدات التصوير الفوتوغرافي","2670","صنع الأدوات البصرية ومعدات التصوير الفوتوغرافي","267007","صناعة المناظير العسكرية","وتشمل المناظير الليلية وغيرها المخصصة للاستخدام العسكري"
"C","الصناعة التحويلية","26","صنع الحواسيب والمنتجات الإلكترونية والبصرية","267","صنع الأدوات البصرية ومعدات التصوير الفوتوغرافي","2670","صنع الأدوات البصرية ومعدات التصوير الفوتوغرافي","267008","صناعة الكاميرات العسكرية","تشمل كافة الانظمة البصرية والكهروبصرية والكاميرات الحرارية والليزرية ذات الطابع العسكري"
"C","الصناعة التحويلية","26","صنع الحواسيب والمنتجات الإلكترونية والبصرية","268","صنع الوسائط المغناطيسية والبصرية","2680","صنع الوسائط المغناطيسية والبصرية","268001","صناعة أشرطة الفيديو الصوتية والمرئية الفارغة",
"C","الصناعة التحويلية","26","صنع الحواسيب والمنتجات الإلكترونية والبصرية","268","صنع الوسائط المغناطيسية والبصرية","2680","صنع الوسائط المغناطيسية والبصرية","268002","صناعة أشرطة الكاسيت الصوتية والمرئية الفارغة",
"C","الصناعة التحويلية","26","صنع الحواسيب والمنتجات الإلكترونية والبصرية","268","صنع الوسائط المغناطيسية والبصرية","2680","صنع الوسائط المغناطيسية والبصرية","268003","صناعة أقراص المعلومات المغناطيسية الفارغة",
"C","الصناعة التحويلية","26","صنع الحواسيب والمنتجات الإلكترونية والبصرية","268","صنع الوسائط المغناطيسية والبصرية","2680","صنع الوسائط المغناطيسية والبصرية","268004","صناعة الأقراص البصرية الفارغة",
"C","الصناعة التحويلية","26","صنع الحواسيب والمنتجات الإلكترونية والبصرية","268","صنع الوسائط المغناطيسية والبصرية","2680","صنع الوسائط المغناطيسية والبصرية","268005","صناعة الأقراص الصلبة",
"C","الصناعة التحويلية","27","صنع المعدات الكهربائية","271","صنع المحركات والمولدات والمحولات الكهربائية وأجهزة توزيع الكهرباء والتحكم فيها","2710","صنع المحركات والمولدات والمحولات الكهربائية وأجهزة توزيع الكهرباء والتحكم فيها","271010","صناعة المحركات والمولدات الكهربائية",
"C","الصناعة التحويلية","27","صنع المعدات الكهربائية","271","صنع المحركات والمولدات والمحولات الكهربائية وأجهزة توزيع الكهرباء والتحكم فيها","2710","صنع المحركات والمولدات والمحولات الكهربائية وأجهزة توزيع الكهرباء والتحكم فيها","271020","صناعة المحولات الكهربائية",
"C","الصناعة التحويلية","27","صنع المعدات الكهربائية","271","صنع المحركات والمولدات والمحولات الكهربائية وأجهزة توزيع الكهرباء والتحكم فيها","2710","صنع المحركات والمولدات والمحولات الكهربائية وأجهزة توزيع الكهرباء والتحكم فيها","271030","صناعة أجهزة التوزيع والتحكم بالكهرباء",
"C","الصناعة التحويلية","27","صنع المعدات الكهربائية","271","صنع المحركات والمولدات والمحولات الكهربائية وأجهزة توزيع الكهرباء والتحكم فيها","2710","صنع المحركات والمولدات والمحولات الكهربائية وأجهزة توزيع الكهرباء والتحكم فيها","271040","إعادة لف القلب المغناطيسي للمولدات والمحركات والمحولات الكهربائية",
"C","الصناعة التحويلية","27","صنع المعدات الكهربائية","271","صنع المحركات والمولدات والمحولات الكهربائية وأجهزة توزيع الكهرباء والتحكم فيها","2710","صنع المحركات والمولدات والمحولات الكهربائية وأجهزة توزيع الكهرباء والتحكم فيها","271050","صناعة أجزاء للمولدات والمحركات ومحولات الطاقة الكهربائية",
"C","الصناعة التحويلية","27","صنع المعدات الكهربائية","271","صنع المحركات والمولدات والمحولات الكهربائية وأجهزة توزيع الكهرباء والتحكم فيها","2710","صنع المحركات والمولدات والمحولات الكهربائية وأجهزة توزيع الكهرباء والتحكم فيها","271061","صناعة أجزاء (غير قابلة للإحتراق) للمتفجرات العسكرية","تشمل أجزاء (غير قابلة للإحتراق) للمتفجرات مثل الصواعق والفيوزات"
"C","الصناعة التحويلية","27","صنع المعدات الكهربائية","272","صنع البطاريات والمراكم","2720","صنع البطاريات والمراكم","272010","صناعة البطاريات والخلايا الأولية غير قابلة للشحن ( المحتوية على أكاسيد المنجنيز والزئبق والفضة )",
"C","الصناعة التحويلية","27","صنع المعدات الكهربائية","272","صنع البطاريات والمراكم","2720","صنع البطاريات والمراكم","272020","صناعة البطاريات السائلة",
"C","الصناعة التحويلية","27","صنع المعدات الكهربائية","272","صنع البطاريات والمراكم","2720","صنع البطاريات والمراكم","272030","صناعة البطاريات الجافة",
"C","الصناعة التحويلية","27","صنع المعدات الكهربائية","272","صنع البطاريات والمراكم","2720","صنع البطاريات والمراكم","272040","صناعة المركمات الكهربائية بما فيها أجزائها",
"C","الصناعة التحويلية","27","صنع المعدات الكهربائية","273","صنع شبكات الأسلاك وأجهزة شبكات الأسلاك","2731","صنع شبكات الأسلاك وأجهزة شبكات الأسلاك","273100","صناعة كابلات الألياف البصرية",
"C","الصناعة التحويلية","27","صنع المعدات الكهربائية","273","صنع شبكات الأسلاك وأجهزة شبكات الأسلاك","2732","صناعة الأسلاك والكابلات الكهربائية والالكترونية الأخرى","273201","صناعة الأسلاك والكابلات المعزولة المصنوعة من الصلب",
"C","الصناعة التحويلية","27","صنع المعدات الكهربائية","273","صنع شبكات الأسلاك وأجهزة شبكات الأسلاك","2732","صناعة الأسلاك والكابلات الكهربائية والالكترونية الأخرى","273202","صناعة الأسلاك والكابلات المعزولة المصنوعة من النحاس",
"C","الصناعة التحويلية","27","صنع المعدات الكهربائية","273","صنع شبكات الأسلاك وأجهزة شبكات الأسلاك","2732","صناعة الأسلاك والكابلات الكهربائية والالكترونية الأخرى","273203","صناعة الأسلاك والكابلات المعزولة المصنوعة من الألمنيوم",
"C","الصناعة التحويلية","27","صنع المعدات الكهربائية","273","صنع شبكات الأسلاك وأجهزة شبكات الأسلاك","2733","صنع أجهزة الأسلاك","273310","صناعة أشرطة توصيل الكهرباء المعدنية",
"C","الصناعة التحويلية","27","صنع المعدات الكهربائية","273","صنع شبكات الأسلاك وأجهزة شبكات الأسلاك","2733","صنع أجهزة الأسلاك","273320","صناعة معدات حماية الشبكة الكهربائية الداخلية",
"C","الصناعة التحويلية","27","صنع المعدات الكهربائية","273","صنع شبكات الأسلاك وأجهزة شبكات الأسلاك","2733","صنع أجهزة الأسلاك","273330","صناعة حامل لمبات الإنارة",
"C","الصناعة التحويلية","27","صنع المعدات الكهربائية","273","صنع شبكات الأسلاك وأجهزة شبكات الأسلاك","2733","صنع أجهزة الأسلاك","273340","صناعة مانعات الصواعق",
"C","الصناعة التحويلية","27","صنع المعدات الكهربائية","273","صنع شبكات الأسلاك وأجهزة شبكات الأسلاك","2733","صنع أجهزة الأسلاك","273350","صناعة المفاتيح الكهربائية بأنواعها (للمباني والأجهزة)",
"C","الصناعة التحويلية","27","صنع المعدات الكهربائية","273","صنع شبكات الأسلاك وأجهزة شبكات الأسلاك","2733","صنع أجهزة الأسلاك","273360","صناعة المخارج والمقابس الكهربائية",
"C","الصناعة التحويلية","27","صنع المعدات الكهربائية","273","صنع شبكات الأسلاك وأجهزة شبكات الأسلاك","2733","صنع أجهزة الأسلاك","273371","صناعة الوصلات الكهربائية وقنوات تمديد الأسلاك من المعدن",
"C","الصناعة التحويلية","27","صنع المعدات الكهربائية","273","صنع شبكات الأسلاك وأجهزة شبكات الأسلاك","2733","صنع أجهزة الأسلاك","273372","صناعة الوصلات الكهربائية وقنوات تمديد الأسلاك من اللدائن",
"C","الصناعة التحويلية","27","صنع المعدات الكهربائية","273","صنع شبكات الأسلاك وأجهزة شبكات الأسلاك","2733","صنع أجهزة الأسلاك","273373","صناعة الوصلات الكهربائية وقنوات تمديد الأسلاك من مواد أخرى",
"C","الصناعة التحويلية","27","صنع المعدات الكهربائية","274","صنع معدات الإضاءة الكهربائية","2740","صنع معدات الإضاءة الكهربائية","274010","صناعة المصابيح الكهربائية",
"C","الصناعة التحويلية","27","صنع المعدات الكهربائية","274","صنع معدات الإضاءة الكهربائية","2740","صنع معدات الإضاءة الكهربائية","274020","صناعة وصلات الإنارة",
"C","الصناعة التحويلية","27","صنع المعدات الكهربائية","274","صنع معدات الإضاءة الكهربائية","2740","صنع معدات الإضاءة الكهربائية","274030","صناعة معدات إنارة ذات الأستخدام الخاص",
"C","الصناعة التحويلية","27","صنع المعدات الكهربائية","274","صنع معدات الإضاءة الكهربائية","2740","صنع معدات الإضاءة الكهربائية","274040","صناعة الثريات",
"C","الصناعة التحويلية","27","صنع المعدات الكهربائية","274","صنع معدات الإضاءة الكهربائية","2740","صنع معدات الإضاءة الكهربائية","274050","صناعة الفوانيس ومعدات تسليط الضوء",
"C","الصناعة التحويلية","27","صنع المعدات الكهربائية","275","صنع الأجهزة الكهربائية المنزلية","2750","صنع الأجهزة الكهربائية المنزلية","275011","صناعة الثلاجات والمجمدات",
"C","الصناعة التحويلية","27","صنع المعدات الكهربائية","275","صنع الأجهزة الكهربائية المنزلية","2750","صنع الأجهزة الكهربائية المنزلية","275012","صناعة المبردات الخاصة بالمياه",
"C","الصناعة التحويلية","27","صنع المعدات الكهربائية","275","صنع الأجهزة الكهربائية المنزلية","2750","صنع الأجهزة الكهربائية المنزلية","275013","صناعة غسالات الأطباق",
"C","الصناعة التحويلية","27","صنع المعدات الكهربائية","275","صنع الأجهزة الكهربائية المنزلية","2750","صنع الأجهزة الكهربائية المنزلية","275014","صناعة غسالات ومجففات الملابس الكهربائية",
"C","الصناعة التحويلية","27","صنع المعدات الكهربائية","275","صنع الأجهزة الكهربائية المنزلية","2750","صنع الأجهزة الكهربائية المنزلية","275015","صناعة المراوح الكهربائية",
"C","الصناعة التحويلية","27","صنع المعدات الكهربائية","275","صنع الأجهزة الكهربائية المنزلية","2750","صنع الأجهزة الكهربائية المنزلية","275021","صناعة المكانس",
"C","الصناعة التحويلية","27","صنع المعدات الكهربائية","275","صنع الأجهزة الكهربائية المنزلية","2750","صنع الأجهزة الكهربائية المنزلية","275022","صناعة الدفايات",
"C","الصناعة التحويلية","27","صنع المعدات الكهربائية","275","صنع الأجهزة الكهربائية المنزلية","2750","صنع الأجهزة الكهربائية المنزلية","275023","صناعة السخانات الكهربائية",
"C","الصناعة التحويلية","27","صنع المعدات الكهربائية","275","صنع الأجهزة الكهربائية المنزلية","2750","صنع الأجهزة الكهربائية المنزلية","275024","أجهزة كهربائية لتلميع الأرضيات",
"C","الصناعة التحويلية","27","صنع المعدات الكهربائية","275","صنع الأجهزة الكهربائية المنزلية","2750","صنع الأجهزة الكهربائية المنزلية","275031","صناعة الخلاطات الكهربائية",
"C","الصناعة التحويلية","27","صنع المعدات الكهربائية","275","صنع الأجهزة الكهربائية المنزلية","2750","صنع الأجهزة الكهربائية المنزلية","275032","صناعة عصارات الفواكه",
"C","الصناعة التحويلية","27","صنع المعدات الكهربائية","275","صنع الأجهزة الكهربائية المنزلية","2750","صنع الأجهزة الكهربائية المنزلية","275033","صناعة فتاحات العلب الكهربائية",
"C","الصناعة التحويلية","27","صنع المعدات الكهربائية","275","صنع الأجهزة الكهربائية المنزلية","2750","صنع الأجهزة الكهربائية المنزلية","275041","صناعة ماكينات الحلاقة",
"C","الصناعة التحويلية","27","صنع المعدات الكهربائية","275","صنع الأجهزة الكهربائية المنزلية","2750","صنع الأجهزة الكهربائية المنزلية","275042","صناعة ماكينات تنظيف الأسنان","صناعة ماكينات تنظيف الأسنان بما فيها المنتجات والملحقات المرتبطة بها"
"C","الصناعة التحويلية","27","صنع المعدات الكهربائية","275","صنع الأجهزة الكهربائية المنزلية","2750","صنع الأجهزة الكهربائية المنزلية","275043","صناعة مجففات كهربائية وأمشاط وفرش وبكرات تجعيد الشعر",
"C","الصناعة التحويلية","27","صنع المعدات الكهربائية","275","صنع الأجهزة الكهربائية المنزلية","2750","صنع الأجهزة الكهربائية المنزلية","275051","صناعة الأفران",
"C","الصناعة التحويلية","27","صنع المعدات الكهربائية","275","صنع الأجهزة الكهربائية المنزلية","2750","صنع الأجهزة الكهربائية المنزلية","275052","صناعة المايكرويف",
"C","الصناعة التحويلية","27","صنع المعدات الكهربائية","275","صنع الأجهزة الكهربائية المنزلية","2750","صنع الأجهزة الكهربائية المنزلية","275053","صناعة الشوايات",
"C","الصناعة التحويلية","27","صنع المعدات الكهربائية","275","صنع الأجهزة الكهربائية المنزلية","2750","صنع الأجهزة الكهربائية المنزلية","275054","صناعة أجهزة محمصات الخبز",
"C","الصناعة التحويلية","27","صنع المعدات الكهربائية","275","صنع الأجهزة الكهربائية المنزلية","2750","صنع الأجهزة الكهربائية المنزلية","275055","صناعة أجهزة عمل الشاي والقهوة..الخ",
"C","الصناعة التحويلية","27","صنع المعدات الكهربائية","275","صنع الأجهزة الكهربائية المنزلية","2750","صنع الأجهزة الكهربائية المنزلية","275060","صناعة المعدات المنزلية غير الكهربائية للطبخ والتسخين",
"C","الصناعة التحويلية","27","صنع المعدات الكهربائية","279","صناعة المعدات الكهربائية الأخرى","2790","صناعة المعدات الكهربائية الأخرى","279001","صناعة أجهزة كهربائية مخبرية وإشعاعية أخرى وما شابهها","صناعة أجهزة كهربائية مخبرية وإشعاعية أخرى وما شابهها بما فيها المنتجات والملحقات المرتبطة بها"
"C","الصناعة التحويلية","27","صنع المعدات الكهربائية","279","صناعة المعدات الكهربائية الأخرى","2790","صناعة المعدات الكهربائية الأخرى","279002","صناعة الأجزاء والوصلات والملحقات الكهربائية الغير مصنفة في مكان آخر",
"C","الصناعة التحويلية","27","صنع المعدات الكهربائية","279","صناعة المعدات الكهربائية الأخرى","2790","صناعة المعدات الكهربائية الأخرى","279003","صناعة إشارات ولوحات التنبيه الكهربائية ، يشمل ( إشارات المرور والمشاة )",
"C","الصناعة التحويلية","27","صنع المعدات الكهربائية","279","صناعة المعدات الكهربائية الأخرى","2790","صناعة المعدات الكهربائية الأخرى","279004","صناعة معدات لحام الفولاذ والقصدير الكهربائية بما في ذلك مكاوي لحام القصدير اليدوية",
"C","الصناعة التحويلية","28","صناعة الآلات والمعدات غير المصنفة في موضع أخر","281","صناعة الآلات متعددة الأغراض","2811","صنع المحركات والتوربينات باستثناء محركات الطائرات والسيارات والدراجات النارية","281110","صناعة محركات الاحتراق الداخلي وأجزائها",
"C","الصناعة التحويلية","28","صناعة الآلات والمعدات غير المصنفة في موضع أخر","281","صناعة الآلات متعددة الأغراض","2811","صنع المحركات والتوربينات باستثناء محركات الطائرات والسيارات والدراجات النارية","281120","صناعة التوربينات العاملة بالبخار",
"C","الصناعة التحويلية","28","صناعة الآلات والمعدات غير المصنفة في موضع أخر","281","صناعة الآلات متعددة الأغراض","2811","صنع المحركات والتوربينات باستثناء محركات الطائرات والسيارات والدراجات النارية","281130","صناعة التوربينات والدواليب المائية والآلات المنظمة لها",
"C","الصناعة التحويلية","28","صناعة الآلات والمعدات غير المصنفة في موضع أخر","281","صناعة الآلات متعددة الأغراض","2811","صنع المحركات والتوربينات باستثناء محركات الطائرات والسيارات والدراجات النارية","281140","صناعة التوربينات الغازية المستخدمة في محركات السفن أو أدوات تحريك رئيسية للمولدات الكهربائية",
"C","الصناعة التحويلية","28","صناعة الآلات والمعدات غير المصنفة في موضع أخر","281","صناعة الآلات متعددة الأغراض","2811","صنع المحركات والتوربينات باستثناء محركات الطائرات والسيارات والدراجات النارية","281150","صناعة أجهزة توربينات مراجل أو محركات ثابتة تعمل بالبخار",
"C","الصناعة التحويلية","28","صناعة الآلات والمعدات غير المصنفة في موضع أخر","281","صناعة الآلات متعددة الأغراض","2812","صناعة معدات تعمل بطاقة الموائع","281200","صناعة معدات تعمل بطاقة الموائع",
"C","الصناعة التحويلية","28","صناعة الآلات والمعدات غير المصنفة في موضع أخر","281","صناعة الآلات متعددة الأغراض","2813","صنع المضخات والضواغط والصنابير والصمامات الأخرى","281310","صناعة ضواغط الهواء أو الغازات الأخرى",
"C","الصناعة التحويلية","28","صناعة الآلات والمعدات غير المصنفة في موضع أخر","281","صناعة الآلات متعددة الأغراض","2813","صنع المضخات والضواغط والصنابير والصمامات الأخرى","281320","صناعة مضخات للسوائل بأنواعها",
"C","الصناعة التحويلية","28","صناعة الآلات والمعدات غير المصنفة في موضع أخر","281","صناعة الآلات متعددة الأغراض","2813","صنع المضخات والضواغط والصنابير والصمامات الأخرى","281330","صناعة مضخات ضواغط وتفريغ الغاز والهواء",
"C","الصناعة التحويلية","28","صناعة الآلات والمعدات غير المصنفة في موضع أخر","281","صناعة الآلات متعددة الأغراض","2813","صنع المضخات والضواغط والصنابير والصمامات الأخرى","281340","صناعة حنفيات ومحابس وصمامات وما يماثلها من أجهزة",
"C","الصناعة التحويلية","28","صناعة الآلات والمعدات غير المصنفة في موضع أخر","281","صناعة الآلات متعددة الأغراض","2813","صنع المضخات والضواغط والصنابير والصمامات الأخرى","281350","صناعة المضخات المركبة على محركات الاحتراق الداخلي(مضخة الماء،الزيت،الوقود...الخ)",
"C","الصناعة التحويلية","28","صناعة الآلات والمعدات غير المصنفة في موضع أخر","281","صناعة الآلات متعددة الأغراض","2814","صنع المحامل والتروس وعناصر أجهزة التعشيق ونقل الحركة","281410","صناعة محامل كرات ومحامل دلفينية بما في ذلك الكرات والإبر والحلقات والاسطوانات المعدنية",
"C","الصناعة التحويلية","28","صناعة الآلات والمعدات غير المصنفة في موضع أخر","281","صناعة الآلات متعددة الأغراض","2814","صنع المحامل والتروس وعناصر أجهزة التعشيق ونقل الحركة","281420","صناعة معدات نقل القوى الميكانيكية من أي مادة ( أعمدة ، أذرعه ، كراسي ، تروس ) للتدوير والتعشيق ونقل الحركة",
"C","الصناعة التحويلية","28","صناعة الآلات والمعدات غير المصنفة في موضع أخر","281","صناعة الآلات متعددة الأغراض","2814","صنع المحامل والتروس وعناصر أجهزة التعشيق ونقل الحركة","281430","صناعة سلاسل نقل الطاقة",
"C","الصناعة التحويلية","28","صناعة الآلات والمعدات غير المصنفة في موضع أخر","281","صناعة الآلات متعددة الأغراض","2815","صنع الأفران وأفران الصهر ومواقد أفران الصهر","281500","صنع الأفران وأفران الصهر ومواقد أفران الصهر",
"C","الصناعة التحويلية","28","صناعة الآلات والمعدات غير المصنفة في موضع أخر","281","صناعة الآلات متعددة الأغراض","2816","صنع معدات الرفع والمناولة","281611","صناعة آلات رفع ومناولة بسيطة ومعقدة",
"C","الصناعة التحويلية","28","صناعة الآلات والمعدات غير المصنفة في موضع أخر","281","صناعة الآلات متعددة الأغراض","2816","صنع معدات الرفع والمناولة","281612","صناعة آلات رفع ومناولة ثابتة",
"C","الصناعة التحويلية","28","صناعة الآلات والمعدات غير المصنفة في موضع أخر","281","صناعة الآلات متعددة الأغراض","2816","صنع معدات الرفع والمناولة","281613","صناعة آلات رفع ومناولة متحركة على مسارات معدنية",
"C","الصناعة التحويلية","28","صناعة الآلات والمعدات غير المصنفة في موضع أخر","281","صناعة الآلات متعددة الأغراض","2816","صنع معدات الرفع والمناولة","281614","صناعة آلات رفع ومناولة محمولة بكاملها على هياكل ذات عجلات",
"C","الصناعة التحويلية","28","صناعة الآلات والمعدات غير المصنفة في موضع أخر","281","صناعة الآلات متعددة الأغراض","2816","صنع معدات الرفع والمناولة","281621","صناعة بكرات وآلات رفع وروافع ترسيه",
"C","الصناعة التحويلية","28","صناعة الآلات والمعدات غير المصنفة في موضع أخر","281","صناعة الآلات متعددة الأغراض","2816","صنع معدات الرفع والمناولة","281622","صناعة رافعات السيارات",
"C","الصناعة التحويلية","28","صناعة الآلات والمعدات غير المصنفة في موضع أخر","281","صناعة الآلات متعددة الأغراض","2816","صنع معدات الرفع والمناولة","281631","صناعة أبراج حفر",
"C","الصناعة التحويلية","28","صناعة الآلات والمعدات غير المصنفة في موضع أخر","281","صناعة الآلات متعددة الأغراض","2816","صنع معدات الرفع والمناولة","281632","صناعة أبراج رفع الكيابل",
"C","الصناعة التحويلية","28","صناعة الآلات والمعدات غير المصنفة في موضع أخر","281","صناعة الآلات متعددة الأغراض","2816","صنع معدات الرفع والمناولة","281633","صناعة هياكل أبراج متحركة",
"C","الصناعة التحويلية","28","صناعة الآلات والمعدات غير المصنفة في موضع أخر","281","صناعة الآلات متعددة الأغراض","2816","صنع معدات الرفع والمناولة","281640","صناعة آلات الرفع والمناولة المستخدمة في الموانئ ، المصانع ، المستودعات ... الخ",
"C","الصناعة التحويلية","28","صناعة الآلات والمعدات غير المصنفة في موضع أخر","281","صناعة الآلات متعددة الأغراض","2816","صنع معدات الرفع والمناولة","281650","صناعة آلات الرفع والمناولة والتحميل ، يشمل ( المصاعد وروافع السوائل والناقلات والتلفريك )",
"C","الصناعة التحويلية","28","صناعة الآلات والمعدات غير المصنفة في موضع أخر","281","صناعة الآلات متعددة الأغراض","2816","صنع معدات الرفع والمناولة","281660","صناعة قطع مخصصة لمعدات الرفع والمناولة ، يشمل ( الخطافات والمجارف .. الخ )",
"C","الصناعة التحويلية","28","صناعة الآلات والمعدات غير المصنفة في موضع أخر","281","صناعة الآلات متعددة الأغراض","2817","صنع الآلات والمعدات المكتبية (باستثناء الحواسيب والمعدات الملحقة بها)","281711","صناعة آلات كاتبة بكافة أنواعها",
"C","الصناعة التحويلية","28","صناعة الآلات والمعدات غير المصنفة في موضع أخر","281","صناعة الآلات متعددة الأغراض","2817","صنع الآلات والمعدات المكتبية (باستثناء الحواسيب والمعدات الملحقة بها)","281712","صناعة وتجديد آلات تصوير المستندات وخرطوشات الأحبار وتعبئتها",
"C","الصناعة التحويلية","28","صناعة الآلات والمعدات غير المصنفة في موضع أخر","281","صناعة الآلات متعددة الأغراض","2817","صنع الآلات والمعدات المكتبية (باستثناء الحواسيب والمعدات الملحقة بها)","281713","صناعة آلات طبع عناوين أوفست",
"C","الصناعة التحويلية","28","صناعة الآلات والمعدات غير المصنفة في موضع أخر","281","صناعة الآلات متعددة الأغراض","2817","صنع الآلات والمعدات المكتبية (باستثناء الحواسيب والمعدات الملحقة بها)","281720","صناعة آلات حاسبة يدوية ومكتبية وآلات صناديق تحصيل النقود في المحلات التجارية (آلية أو يدوية ) وأجهزة عد النقود وآلات كتابة الشيكات",
"C","الصناعة التحويلية","28","صناعة الآلات والمعدات غير المصنفة في موضع أخر","281","صناعة الآلات متعددة الأغراض","2817","صنع الآلات والمعدات المكتبية (باستثناء الحواسيب والمعدات الملحقة بها)","281731","صناعة آلات ختم الطوابع وصرف التذاكر",
"C","الصناعة التحويلية","28","صناعة الآلات والمعدات غير المصنفة في موضع أخر","281","صناعة الآلات متعددة الأغراض","2817","صنع الآلات والمعدات المكتبية (باستثناء الحواسيب والمعدات الملحقة بها)","281732","صناعة معدات تغليف وتجليد المستندات المكتبية",
"C","الصناعة التحويلية","28","صناعة الآلات والمعدات غير المصنفة في موضع أخر","281","صناعة الآلات متعددة الأغراض","2817","صنع الآلات والمعدات المكتبية (باستثناء الحواسيب والمعدات الملحقة بها)","281740","صناعة آلات تعبئة الظروف وآلات فرز البريد ..الخ",
"C","الصناعة التحويلية","28","صناعة الآلات والمعدات غير المصنفة في موضع أخر","281","صناعة الآلات متعددة الأغراض","2818","صنع العدد اليدوية التي تعمل بالطاقة","281810","صناعة الأدوات اليدوية التي تعمل بقوة الكهرباء ، يشمل ( المنشار الكهربائي, المثقاب الكهربائي ...ألخ )",
"C","الصناعة التحويلية","28","صناعة الآلات والمعدات غير المصنفة في موضع أخر","281","صناعة الآلات متعددة الأغراض","2818","صنع العدد اليدوية التي تعمل بالطاقة","281820","صناعة الأدوات اليدوية التي تعمل بقوة ضغط الهواء ، يشمل ( مثبت المسامير والبراشيم والبراغي )",
"C","الصناعة التحويلية","28","صناعة الآلات والمعدات غير المصنفة في موضع أخر","281","صناعة الآلات متعددة الأغراض","2819","صنع الآلات الأخرى متعددة الأغراض","281910","صناعة الموازين وموازين لوحات رقمية لمختلف الأغراض",
"C","الصناعة التحويلية","28","صناعة الآلات والمعدات غير المصنفة في موضع أخر","281","صناعة الآلات متعددة الأغراض","2819","صنع الآلات الأخرى متعددة الأغراض","281921","صناعة معدات وغرف التجميد والتبريد",
"C","الصناعة التحويلية","28","صناعة الآلات والمعدات غير المصنفة في موضع أخر","281","صناعة الآلات متعددة الأغراض","2819","صنع الآلات الأخرى متعددة الأغراض","281922","صناعة ثلاجات و فريزارات العرض والبيع",
"C","الصناعة التحويلية","28","صناعة الآلات والمعدات غير المصنفة في موضع أخر","281","صناعة الآلات متعددة الأغراض","2819","صنع الآلات الأخرى متعددة الأغراض","281923","صناعة برادات المياه والسوائل في المنشآت",
"C","الصناعة التحويلية","28","صناعة الآلات والمعدات غير المصنفة في موضع أخر","281","صناعة الآلات متعددة الأغراض","2819","صنع الآلات الأخرى متعددة الأغراض","281931","صناعة أجهزة تكييف الهواء (وحدات أو مركزي ) فريون",
"C","الصناعة التحويلية","28","صناعة الآلات والمعدات غير المصنفة في موضع أخر","281","صناعة الآلات متعددة الأغراض","2819","صنع الآلات الأخرى متعددة الأغراض","281932","صناعة مكيفات الهواء الصحراوي بمختلف الأحجام",
"C","الصناعة التحويلية","28","صناعة الآلات والمعدات غير المصنفة في موضع أخر","281","صناعة الآلات متعددة الأغراض","2819","صنع الآلات الأخرى متعددة الأغراض","281941","صناعة آلات وأجهزة تنقية وترشيح السوائل أو الغازات",
"C","الصناعة التحويلية","28","صناعة الآلات والمعدات غير المصنفة في موضع أخر","281","صناعة الآلات متعددة الأغراض","2819","صنع الآلات الأخرى متعددة الأغراض","281942","صناعة آلات ومعدات التقطير والتكرير",
"C","الصناعة التحويلية","28","صناعة الآلات والمعدات غير المصنفة في موضع أخر","281","صناعة الآلات متعددة الأغراض","2819","صنع الآلات الأخرى متعددة الأغراض","281943","صناعة أجهزة الطرد المركزي",
"C","الصناعة التحويلية","28","صناعة الآلات والمعدات غير المصنفة في موضع أخر","281","صناعة الآلات متعددة الأغراض","2819","صنع الآلات الأخرى متعددة الأغراض","281944","صناعة آلات لإسالة الغاز أو الهواء",
"C","الصناعة التحويلية","28","صناعة الآلات والمعدات غير المصنفة في موضع أخر","281","صناعة الآلات متعددة الأغراض","2819","صنع الآلات الأخرى متعددة الأغراض","281951","صناعة آلات رزم وتعبئة وتنظيف الأوعية ، يشمل ( القوارير والعلب )",
"C","الصناعة التحويلية","28","صناعة الآلات والمعدات غير المصنفة في موضع أخر","281","صناعة الآلات متعددة الأغراض","2819","صنع الآلات الأخرى متعددة الأغراض","281952","صناعة آلات صناعة الأوعية",
"C","الصناعة التحويلية","28","صناعة الآلات والمعدات غير المصنفة في موضع أخر","281","صناعة الآلات متعددة الأغراض","2819","صنع الآلات الأخرى متعددة الأغراض","281961","صنع معدات الطلاء",
"C","الصناعة التحويلية","28","صناعة الآلات والمعدات غير المصنفة في موضع أخر","281","صناعة الآلات متعددة الأغراض","2819","صنع الآلات الأخرى متعددة الأغراض","281962","صنع معدات إطفاء الحريق",
"C","الصناعة التحويلية","28","صناعة الآلات والمعدات غير المصنفة في موضع أخر","281","صناعة الآلات متعددة الأغراض","2819","صنع الآلات الأخرى متعددة الأغراض","281963","صناعة آلات قذف وسحق الرمال",
"C","الصناعة التحويلية","28","صناعة الآلات والمعدات غير المصنفة في موضع أخر","281","صناعة الآلات متعددة الأغراض","2819","صنع الآلات الأخرى متعددة الأغراض","281964","صنع آلات التنظيف بالبخار",
"C","الصناعة التحويلية","28","صناعة الآلات والمعدات غير المصنفة في موضع أخر","281","صناعة الآلات متعددة الأغراض","2819","صنع الآلات الأخرى متعددة الأغراض","281965","صنع معدات لحام الفولاذ والقصدير غير الكهربائية",
"C","الصناعة التحويلية","28","صناعة الآلات والمعدات غير المصنفة في موضع أخر","281","صناعة الآلات متعددة الأغراض","2819","صنع الآلات الأخرى متعددة الأغراض","281971","صناعة أجهزة الخدمات الذاتية الآلية لبيع السلع","صناعة أجهزة ومكائن الخدمة الذاتية المخصصة لبيع المشروبات والأغذية وجميع المنتجات"
"C","الصناعة التحويلية","28","صناعة الآلات والمعدات غير المصنفة في موضع أخر","282","صنع الآلات المتخصصة الغرض","2821","صناعة الآلات الزراعية وآلات الحراجة","282111","صناعة وتجميع آلات ومعدات التراكتورات",
"C","الصناعة التحويلية","28","صناعة الآلات والمعدات غير المصنفة في موضع أخر","282","صنع الآلات المتخصصة الغرض","2821","صناعة الآلات الزراعية وآلات الحراجة","282112","صناعة وتجميع آلات ومعدات الحراثات",
"C","الصناعة التحويلية","28","صناعة الآلات والمعدات غير المصنفة في موضع أخر","282","صنع الآلات المتخصصة الغرض","2821","صناعة الآلات الزراعية وآلات الحراجة","282113","صناعة وتجميع آلات ومعدات مقطورات ذاتية التحميل والتفريغ",
"C","الصناعة التحويلية","28","صناعة الآلات والمعدات غير المصنفة في موضع أخر","282","صنع الآلات المتخصصة الغرض","2821","صناعة الآلات الزراعية وآلات الحراجة","282114","صناعة وتجميع آلات ومعدات مناولة زراعية",
"C","الصناعة التحويلية","28","صناعة الآلات والمعدات غير المصنفة في موضع أخر","282","صنع الآلات المتخصصة الغرض","2821","صناعة الآلات الزراعية وآلات الحراجة","282115","صناعة وتجميع آلات ومعدات أجهزة الري المحوري...الخ",
"C","الصناعة التحويلية","28","صناعة الآلات والمعدات غير المصنفة في موضع أخر","282","صنع الآلات المتخصصة الغرض","2821","صناعة الآلات الزراعية وآلات الحراجة","282121","صناعة الآلات المستخدمة في الزراعة أو البستنة أو الغابات لتحضير التربة أو غرس أو تسميد المحاصيل",
"C","الصناعة التحويلية","28","صناعة الآلات والمعدات غير المصنفة في موضع أخر","282","صنع الآلات المتخصصة الغرض","2821","صناعة الآلات الزراعية وآلات الحراجة","282122","صناعة آلالات البذارات",
"C","الصناعة التحويلية","28","صناعة الآلات والمعدات غير المصنفة في موضع أخر","282","صنع الآلات المتخصصة الغرض","2821","صناعة الآلات الزراعية وآلات الحراجة","282131","صناعة آلات الحصد والقطف والقص للأشجار",
"C","الصناعة التحويلية","28","صناعة الآلات والمعدات غير المصنفة في موضع أخر","282","صنع الآلات المتخصصة الغرض","2821","صناعة الآلات الزراعية وآلات الحراجة","282132","صناعة آلات التنظيف والفرز للبيض",
"C","الصناعة التحويلية","28","صناعة الآلات والمعدات غير المصنفة في موضع أخر","282","صنع الآلات المتخصصة الغرض","2821","صناعة الآلات الزراعية وآلات الحراجة","282133","صناعة آلات التنظيف والفرز للفواكه و الخضروات",
"C","الصناعة التحويلية","28","صناعة الآلات والمعدات غير المصنفة في موضع أخر","282","صنع الآلات المتخصصة الغرض","2821","صناعة الآلات الزراعية وآلات الحراجة","282140","صناعة ماكينات حلب الماشية",
"C","الصناعة التحويلية","28","صناعة الآلات والمعدات غير المصنفة في موضع أخر","282","صنع الآلات المتخصصة الغرض","2821","صناعة الآلات الزراعية وآلات الحراجة","282150","صناعة آلات الرش للاستخدام الزراعي",
"C","الصناعة التحويلية","28","صناعة الآلات والمعدات غير المصنفة في موضع أخر","282","صنع الآلات المتخصصة الغرض","2821","صناعة الآلات الزراعية وآلات الحراجة","282160","صناعة الآلات الأخرى المستخدمة في الزراعة والفلاحة والغابات وتربية الحيوان والدواجن والنحل",
"C","الصناعة التحويلية","28","صناعة الآلات والمعدات غير المصنفة في موضع أخر","282","صنع الآلات المتخصصة الغرض","2822","صنع آلات تشكيل المعادن والعدد الآلية","282211","صناعة عدد آلية لتشكيل الخشب",
"C","الصناعة التحويلية","28","صناعة الآلات والمعدات غير المصنفة في موضع أخر","282","صنع الآلات المتخصصة الغرض","2822","صنع آلات تشكيل المعادن والعدد الآلية","282212","صناعة عدد آلية لتشكيل الأحجار",
"C","الصناعة التحويلية","28","صناعة الآلات والمعدات غير المصنفة في موضع أخر","282","صنع الآلات المتخصصة الغرض","2822","صنع آلات تشكيل المعادن والعدد الآلية","282213","صناعة عدد آلية لتشكيل المعادن",
"C","الصناعة التحويلية","28","صناعة الآلات والمعدات غير المصنفة في موضع أخر","282","صنع الآلات المتخصصة الغرض","2822","صنع آلات تشكيل المعادن والعدد الآلية","282214","صناعة عدد آلية لتشكيل الزجاج البارد",
"C","الصناعة التحويلية","28","صناعة الآلات والمعدات غير المصنفة في موضع أخر","282","صنع الآلات المتخصصة الغرض","2822","صنع آلات تشكيل المعادن والعدد الآلية","282221","صناعة عدد آلية للتدوير",
"C","الصناعة التحويلية","28","صناعة الآلات والمعدات غير المصنفة في موضع أخر","282","صنع الآلات المتخصصة الغرض","2822","صنع آلات تشكيل المعادن والعدد الآلية","282222","صناعة عدد آلية للثقب",
"C","الصناعة التحويلية","28","صناعة الآلات والمعدات غير المصنفة في موضع أخر","282","صنع الآلات المتخصصة الغرض","2822","صنع آلات تشكيل المعادن والعدد الآلية","282223","صناعة عدد آلية للحفر",
"C","الصناعة التحويلية","28","صناعة الآلات والمعدات غير المصنفة في موضع أخر","282","صنع الآلات المتخصصة الغرض","2822","صنع آلات تشكيل المعادن والعدد الآلية","282224","صناعة عدد آلية للتشكيل",
"C","الصناعة التحويلية","28","صناعة الآلات والمعدات غير المصنفة في موضع أخر","282","صنع الآلات المتخصصة الغرض","2822","صنع آلات تشكيل المعادن والعدد الآلية","282225","صناعة عدد آلية للسن",
"C","الصناعة التحويلية","28","صناعة الآلات والمعدات غير المصنفة في موضع أخر","282","صنع الآلات المتخصصة الغرض","2822","صنع آلات تشكيل المعادن والعدد الآلية","282231","صناعة عدد آلية للتشكيل بالختم",
"C","الصناعة التحويلية","28","صناعة الآلات والمعدات غير المصنفة في موضع أخر","282","صنع الآلات المتخصصة الغرض","2822","صنع آلات تشكيل المعادن والعدد الآلية","282232","صناعة عدد آلية للتشكيل بالكبس ، يشمل ( مكابس التخريم )",
"C","الصناعة التحويلية","28","صناعة الآلات والمعدات غير المصنفة في موضع أخر","282","صنع الآلات المتخصصة الغرض","2822","صنع آلات تشكيل المعادن والعدد الآلية","282233","صناعة عدد آلية هيدرولية",
"C","الصناعة التحويلية","28","صناعة الآلات والمعدات غير المصنفة في موضع أخر","282","صنع الآلات المتخصصة الغرض","2822","صنع آلات تشكيل المعادن والعدد الآلية","282234","صناعة عدد آلية مقصات وأدوات شق وفواصل",
"C","الصناعة التحويلية","28","صناعة الآلات والمعدات غير المصنفة في موضع أخر","282","صنع الآلات المتخصصة الغرض","2822","صنع آلات تشكيل المعادن والعدد الآلية","282235","صناعة عدد آلية ذات تصميم بسيط ، يشمل ( المكابس والرفاسات التي تدار بالقدم )",
"C","الصناعة التحويلية","28","صناعة الآلات والمعدات غير المصنفة في موضع أخر","282","صنع الآلات المتخصصة الغرض","2822","صنع آلات تشكيل المعادن والعدد الآلية","282236","صناعة عدد آلية ذات تصميم متقدم ، يشمل ( الآلات ذات التحكم الرقمي )",
"C","الصناعة التحويلية","28","صناعة الآلات والمعدات غير المصنفة في موضع أخر","282","صنع الآلات المتخصصة الغرض","2822","صنع آلات تشكيل المعادن والعدد الآلية","282240","صناعة آلات للتدبيس والتسمير والتغرية",
"C","الصناعة التحويلية","28","صناعة الآلات والمعدات غير المصنفة في موضع أخر","282","صنع الآلات المتخصصة الغرض","2822","صنع آلات تشكيل المعادن والعدد الآلية","282251","صناعة مناشير سلسليه",
"C","الصناعة التحويلية","28","صناعة الآلات والمعدات غير المصنفة في موضع أخر","282","صنع الآلات المتخصصة الغرض","2822","صنع آلات تشكيل المعادن والعدد الآلية","282252","صناعة آلات مسح",
"C","الصناعة التحويلية","28","صناعة الآلات والمعدات غير المصنفة في موضع أخر","282","صنع الآلات المتخصصة الغرض","2822","صنع آلات تشكيل المعادن والعدد الآلية","282253","صناعة مطارق آلية",
"C","الصناعة التحويلية","28","صناعة الآلات والمعدات غير المصنفة في موضع أخر","282","صنع الآلات المتخصصة الغرض","2822","صنع آلات تشكيل المعادن والعدد الآلية","282254","صناعة ماكينات برشمة",
"C","الصناعة التحويلية","28","صناعة الآلات والمعدات غير المصنفة في موضع أخر","282","صنع الآلات المتخصصة الغرض","2822","صنع آلات تشكيل المعادن والعدد الآلية","282255","صناعة قاطعات للألواح المعدنية",
"C","الصناعة التحويلية","28","صناعة الآلات والمعدات غير المصنفة في موضع أخر","282","صنع الآلات المتخصصة الغرض","2822","صنع آلات تشكيل المعادن والعدد الآلية","282261","صناعة مكابس لصناعة ألواح الخشب الحبيبي",
"C","الصناعة التحويلية","28","صناعة الآلات والمعدات غير المصنفة في موضع أخر","282","صنع الآلات المتخصصة الغرض","2822","صنع آلات تشكيل المعادن والعدد الآلية","282262","صناعة مكابس لصناعة ألواح البناء",
"C","الصناعة التحويلية","28","صناعة الآلات والمعدات غير المصنفة في موضع أخر","282","صنع الآلات المتخصصة الغرض","2822","صنع آلات تشكيل المعادن والعدد الآلية","282263","صناعة آلات أخرى لمعالجة الخشب والفلين",
"C","الصناعة التحويلية","28","صناعة الآلات والمعدات غير المصنفة في موضع أخر","282","صنع الآلات المتخصصة الغرض","2822","صنع آلات تشكيل المعادن والعدد الآلية","282270","صناعة أجزاء ولوازم للعدد الآلية وملحقاتها",
"C","الصناعة التحويلية","28","صناعة الآلات والمعدات غير المصنفة في موضع أخر","282","صنع الآلات المتخصصة الغرض","2823","صنع آلات تستعمل في الميتالورجيا","282310","صناعة آلات ومعدات لمناولة المعادن الساخنة ، يشمل ( محولات وقوالب سبك ، مغارف ، وآلات صب .. الخ المستخدمة في مسابك الفلزات )",
"C","الصناعة التحويلية","28","صناعة الآلات والمعدات غير المصنفة في موضع أخر","282","صنع الآلات المتخصصة الغرض","2823","صنع آلات تستعمل في الميتالورجيا","282320","صناعة مدلفنات المعادن واسطواناتها",
"C","الصناعة التحويلية","28","صناعة الآلات والمعدات غير المصنفة في موضع أخر","282","صنع الآلات المتخصصة الغرض","2824","صنع آلات لعمليات التعدين واستغلال المحاجر والتشييد","282410","صناعة آلات ومعدات الرفع والمناولة المستخدمة تحت الأرض كالناقلات",
"C","الصناعة التحويلية","28","صناعة الآلات والمعدات غير المصنفة في موضع أخر","282","صنع الآلات المتخصصة الغرض","2824","صنع آلات لعمليات التعدين واستغلال المحاجر والتشييد","282420","صناعة آلات الثقب والقطع والحفر وفتح الأنفاق",
"C","الصناعة التحويلية","28","صناعة الآلات والمعدات غير المصنفة في موضع أخر","282","صنع الآلات المتخصصة الغرض","2824","صنع آلات لعمليات التعدين واستغلال المحاجر والتشييد","282430","صناعة آلات معالجة المعادن بالفرز أو الغربلة أو الفصل أو الغسل أو السحق ...إلخ",
"C","الصناعة التحويلية","28","صناعة الآلات والمعدات غير المصنفة في موضع أخر","282","صنع الآلات المتخصصة الغرض","2824","صنع آلات لعمليات التعدين واستغلال المحاجر والتشييد","282450","صناعة خلاّطات الأسمنت والملاط",
"C","الصناعة التحويلية","28","صناعة الآلات والمعدات غير المصنفة في موضع أخر","282","صنع الآلات المتخصصة الغرض","2824","صنع آلات لعمليات التعدين واستغلال المحاجر والتشييد","282461","صناعة الجرّافات (البولدوزورات)",
"C","الصناعة التحويلية","28","صناعة الآلات والمعدات غير المصنفة في موضع أخر","282","صنع الآلات المتخصصة الغرض","2824","صنع آلات لعمليات التعدين واستغلال المحاجر والتشييد","282462","صناعة جرافات تسوية الطرق",
"C","الصناعة التحويلية","28","صناعة الآلات والمعدات غير المصنفة في موضع أخر","282","صنع الآلات المتخصصة الغرض","2824","صنع آلات لعمليات التعدين واستغلال المحاجر والتشييد","282463","صناعة آلات التمهيد",
"C","الصناعة التحويلية","28","صناعة الآلات والمعدات غير المصنفة في موضع أخر","282","صنع الآلات المتخصصة الغرض","2824","صنع آلات لعمليات التعدين واستغلال المحاجر والتشييد","282464","صناعة آلات القشط",
"C","الصناعة التحويلية","28","صناعة الآلات والمعدات غير المصنفة في موضع أخر","282","صنع الآلات المتخصصة الغرض","2824","صنع آلات لعمليات التعدين واستغلال المحاجر والتشييد","282465","صناعة آلات التسوية",
"C","الصناعة التحويلية","28","صناعة الآلات والمعدات غير المصنفة في موضع أخر","282","صنع الآلات المتخصصة الغرض","2824","صنع آلات لعمليات التعدين واستغلال المحاجر والتشييد","282466","صناعة المجارف الميكانيكية",
"C","الصناعة التحويلية","28","صناعة الآلات والمعدات غير المصنفة في موضع أخر","282","صنع الآلات المتخصصة الغرض","2824","صنع آلات لعمليات التعدين واستغلال المحاجر والتشييد","282467","صناعة مجارف التحميل الميكانيكة",
"C","الصناعة التحويلية","28","صناعة الآلات والمعدات غير المصنفة في موضع أخر","282","صنع الآلات المتخصصة الغرض","2824","صنع آلات لعمليات التعدين واستغلال المحاجر والتشييد","282471","صناعة آلات استخراج الركائز",
"C","الصناعة التحويلية","28","صناعة الآلات والمعدات غير المصنفة في موضع أخر","282","صنع الآلات المتخصصة الغرض","2824","صنع آلات لعمليات التعدين واستغلال المحاجر والتشييد","282472","صناعة آلات فرش الملاط",
"C","الصناعة التحويلية","28","صناعة الآلات والمعدات غير المصنفة في موضع أخر","282","صنع الآلات المتخصصة الغرض","2824","صنع آلات لعمليات التعدين واستغلال المحاجر والتشييد","282473","صناعة آلات فرش البيتومين",
"C","الصناعة التحويلية","28","صناعة الآلات والمعدات غير المصنفة في موضع أخر","282","صنع الآلات المتخصصة الغرض","2824","صنع آلات لعمليات التعدين واستغلال المحاجر والتشييد","282474","صناعة آلات تشكيل الخرسانة",
"C","الصناعة التحويلية","28","صناعة الآلات والمعدات غير المصنفة في موضع أخر","282","صنع الآلات المتخصصة الغرض","2824","صنع آلات لعمليات التعدين واستغلال المحاجر والتشييد","282481","صناعة جرّارات مدّ قضبان السكك الحديدية",
"C","الصناعة التحويلية","28","صناعة الآلات والمعدات غير المصنفة في موضع أخر","282","صنع الآلات المتخصصة الغرض","2824","صنع آلات لعمليات التعدين واستغلال المحاجر والتشييد","282482","صناعة القضبان المستخدمة في عمليات التشييد أو التعدين",
"C","الصناعة التحويلية","28","صناعة الآلات والمعدات غير المصنفة في موضع أخر","282","صنع الآلات المتخصصة الغرض","2824","صنع آلات لعمليات التعدين واستغلال المحاجر والتشييد","282483","صناعة شفرات الجرَّافات (البولدوزورات)",
"C","الصناعة التحويلية","28","صناعة الآلات والمعدات غير المصنفة في موضع أخر","282","صنع الآلات المتخصصة الغرض","2824","صنع آلات لعمليات التعدين واستغلال المحاجر والتشييد","282484","صناعة شفرات جرّافات تسوية الطرق",
"C","الصناعة التحويلية","28","صناعة الآلات والمعدات غير المصنفة في موضع أخر","282","صنع الآلات المتخصصة الغرض","2824","صنع آلات لعمليات التعدين واستغلال المحاجر والتشييد","282485","صناعة شاحنات نقل ناتج الحفر التي لا تعمل على الطرق",
"C","الصناعة التحويلية","28","صناعة الآلات والمعدات غير المصنفة في موضع أخر","282","صنع الآلات المتخصصة الغرض","2825","صنع آلات تجهيز الأغذية والمشروبات والتبغ","282510","صناعة الآلات المستخدمة في صناعة منتجات الألبان",
"C","الصناعة التحويلية","28","صناعة الآلات والمعدات غير المصنفة في موضع أخر","282","صنع الآلات المتخصصة الغرض","2825","صنع آلات تجهيز الأغذية والمشروبات والتبغ","282521","صناعة الآلات المستخدمة في صناعة وتحميص وتنظيف وفرز الحبوب",
"C","الصناعة التحويلية","28","صناعة الآلات والمعدات غير المصنفة في موضع أخر","282","صنع الآلات المتخصصة الغرض","2825","صنع آلات تجهيز الأغذية والمشروبات والتبغ","282522","صناعة الآلات المستخدمة في صناعة وتحميص وطحن وتنظيف وفرز الخضروات المجففة",
"C","الصناعة التحويلية","28","صناعة الآلات والمعدات غير المصنفة في موضع أخر","282","صنع الآلات المتخصصة الغرض","2825","صنع آلات تجهيز الأغذية والمشروبات والتبغ","282523","صناعة الآلات المستخدمة في صناعة وتحميص وطحن وتنظيف وفرز المكسرات",
"C","الصناعة التحويلية","28","صناعة الآلات والمعدات غير المصنفة في موضع أخر","282","صنع الآلات المتخصصة الغرض","2825","صنع آلات تجهيز الأغذية والمشروبات والتبغ","282524","صناعة آلات انتاج الدقيق ، يشمل ( المطاحن وغيرها ).",
"C","الصناعة التحويلية","28","صناعة الآلات والمعدات غير المصنفة في موضع أخر","282","صنع الآلات المتخصصة الغرض","2825","صنع آلات تجهيز الأغذية والمشروبات والتبغ","282530","صناعة آلات أستخلاص وتحضير الزيوت الحيوانية والنباتية وعصير الفواكه والمهارس وما شابهها",
"C","الصناعة التحويلية","28","صناعة الآلات والمعدات غير المصنفة في موضع أخر","282","صنع الآلات المتخصصة الغرض","2825","صنع آلات تجهيز الأغذية والمشروبات والتبغ","282541","صناعة آلات ومعدات المخابز الأوتوماتيكية",
"C","الصناعة التحويلية","28","صناعة الآلات والمعدات غير المصنفة في موضع أخر","282","صنع الآلات المتخصصة الغرض","2825","صنع آلات تجهيز الأغذية والمشروبات والتبغ","282542","صناعة معدات أفران للمخابز الغير كهربائية",
"C","الصناعة التحويلية","28","صناعة الآلات والمعدات غير المصنفة في موضع أخر","282","صنع الآلات المتخصصة الغرض","2825","صنع آلات تجهيز الأغذية والمشروبات والتبغ","282551","صناعة وحدات البسترة",
"C","الصناعة التحويلية","28","صناعة الآلات والمعدات غير المصنفة في موضع أخر","282","صنع الآلات المتخصصة الغرض","2825","صنع آلات تجهيز الأغذية والمشروبات والتبغ","282552","صناعة وحدات المايكرويف غير المنزلية",
"C","الصناعة التحويلية","28","صناعة الآلات والمعدات غير المصنفة في موضع أخر","282","صنع الآلات المتخصصة الغرض","2825","صنع آلات تجهيز الأغذية والمشروبات والتبغ","282553","صناعة مكائن تجهيز البروستد",
"C","الصناعة التحويلية","28","صناعة الآلات والمعدات غير المصنفة في موضع أخر","282","صنع الآلات المتخصصة الغرض","2825","صنع آلات تجهيز الأغذية والمشروبات والتبغ","282571","صناعة آلات وأفران الطبخ بأنواعها التي تعمل بالضغط الحراري المكتوم (المندي)",
"C","الصناعة التحويلية","28","صناعة الآلات والمعدات غير المصنفة في موضع أخر","282","صنع الآلات المتخصصة الغرض","2825","صنع آلات تجهيز الأغذية والمشروبات والتبغ","282572","صناعة آلات القلي",
"C","الصناعة التحويلية","28","صناعة الآلات والمعدات غير المصنفة في موضع أخر","282","صنع الآلات المتخصصة الغرض","2825","صنع آلات تجهيز الأغذية والمشروبات والتبغ","282573","صناعة آلات الشوي",
"C","الصناعة التحويلية","28","صناعة الآلات والمعدات غير المصنفة في موضع أخر","282","صنع الآلات المتخصصة الغرض","2826","صنع آلات انتاج المنسوجات والملبوسات والجلود","282611","ماكينات تحضير الألياف أو المواد أو خيوط الغزل النسجية الاصطناعية أو إنتاجها أو سحبها أو صقلها أو قصّها",
"C","الصناعة التحويلية","28","صناعة الآلات والمعدات غير المصنفة في موضع أخر","282","صنع الآلات المتخصصة الغرض","2826","صنع آلات انتاج المنسوجات والملبوسات والجلود","282612","صناعة آلات تحضير الألياف النسجية ، يشمل : ( آلات حلج القطن، آلات فتح البالات، آلات السنفرة، آلات فرش القطن، آلات تنظيف الصوف، آلات كربنة الصوف، آلات التمشيط، آلات التمشيق، أطُر البرم النهائي، إلخ)",
"C","الصناعة التحويلية","28","صناعة الآلات والمعدات غير المصنفة في موضع أخر","282","صنع الآلات المتخصصة الغرض","2826","صنع آلات انتاج المنسوجات والملبوسات والجلود","282613","صناعة ماكينات الغزل",
"C","الصناعة التحويلية","28","صناعة الآلات والمعدات غير المصنفة في موضع أخر","282","صنع الآلات المتخصصة الغرض","2826","صنع آلات انتاج المنسوجات والملبوسات والجلود","282614","صناعة ماكينات تحضير خيوط الغزل النسجي ، يشمل: ماكينات الحلّ واللف والماكينات ذات الصلة",
"C","الصناعة التحويلية","28","صناعة الآلات والمعدات غير المصنفة في موضع أخر","282","صنع الآلات المتخصصة الغرض","2826","صنع آلات انتاج المنسوجات والملبوسات والجلود","282615","صناعة ماكينات النسج (الأنوال) بما في ذلك الأنوال اليدوية",
"C","الصناعة التحويلية","28","صناعة الآلات والمعدات غير المصنفة في موضع أخر","282","صنع الآلات المتخصصة الغرض","2826","صنع آلات انتاج المنسوجات والملبوسات والجلود","282616","صناعة ماكينات الحياكة (أشغال التريكو)",
"C","الصناعة التحويلية","28","صناعة الآلات والمعدات غير المصنفة في موضع أخر","282","صنع الآلات المتخصصة الغرض","2826","صنع آلات انتاج المنسوجات والملبوسات والجلود","282617","صناعة ماكينات لعمل الشباك المعقودة وشباك التُلّ والمُسَنَّنات (الدانتيل) والمضفّرات",
"C","الصناعة التحويلية","28","صناعة الآلات والمعدات غير المصنفة في موضع أخر","282","صنع الآلات المتخصصة الغرض","2826","صنع آلات انتاج المنسوجات والملبوسات والجلود","282621","صناعة ماكينات الأقمشة المنقوشة",
"C","الصناعة التحويلية","28","صناعة الآلات والمعدات غير المصنفة في موضع أخر","282","صنع الآلات المتخصصة الغرض","2826","صنع آلات انتاج المنسوجات والملبوسات والجلود","282622","صناعة ماكينات أقمشة الجاكار",
"C","الصناعة التحويلية","28","صناعة الآلات والمعدات غير المصنفة في موضع أخر","282","صنع الآلات المتخصصة الغرض","2826","صنع آلات انتاج المنسوجات والملبوسات والجلود","282623","صناعة ماكينات حركات الإيقاف الأوتوماتي",
"C","الصناعة التحويلية","28","صناعة الآلات والمعدات غير المصنفة في موضع أخر","282","صنع الآلات المتخصصة الغرض","2826","صنع آلات انتاج المنسوجات والملبوسات والجلود","282624","صناعة ماكينات آليات تغيير المكوك",
"C","الصناعة التحويلية","28","صناعة الآلات والمعدات غير المصنفة في موضع أخر","282","صنع الآلات المتخصصة الغرض","2826","صنع آلات انتاج المنسوجات والملبوسات والجلود","282625","صناعة ماكينات مردانات وحدّافات المردانات",
"C","الصناعة التحويلية","28","صناعة الآلات والمعدات غير المصنفة في موضع أخر","282","صنع الآلات المتخصصة الغرض","2826","صنع آلات انتاج المنسوجات والملبوسات والجلود","282630","صناعة آلات الطباعة على النسيج",
"C","الصناعة التحويلية","28","صناعة الآلات والمعدات غير المصنفة في موضع أخر","282","صنع الآلات المتخصصة الغرض","2826","صنع آلات انتاج المنسوجات والملبوسات والجلود","282641","صناعة آلات غسل الأقمشة النسجية أو قصرها أو صباغتها أو تهذيبها أو تجهيزها أو تغطيتها أو تشريبها",
"C","الصناعة التحويلية","28","صناعة الآلات والمعدات غير المصنفة في موضع أخر","282","صنع الآلات المتخصصة الغرض","2826","صنع آلات انتاج المنسوجات والملبوسات والجلود","282642","صناعة ماكينات لفّ الأقمشة النسجية أو حلّها أو طيّها أو قصّها أو تثقيبها",
"C","الصناعة التحويلية","28","صناعة الآلات والمعدات غير المصنفة في موضع أخر","282","صنع الآلات المتخصصة الغرض","2826","صنع آلات انتاج المنسوجات والملبوسات والجلود","282651","صناعة ماكينات الكي",
"C","الصناعة التحويلية","28","صناعة الآلات والمعدات غير المصنفة في موضع أخر","282","صنع الآلات المتخصصة الغرض","2826","صنع آلات انتاج المنسوجات والملبوسات والجلود","282652","صناعة ماكينات الغسل والتجفيف التجارية",
"C","الصناعة التحويلية","28","صناعة الآلات والمعدات غير المصنفة في موضع أخر","282","صنع الآلات المتخصصة الغرض","2826","صنع آلات انتاج المنسوجات والملبوسات والجلود","282653","صناعة ماكينات التنظيف الجاف",
"C","الصناعة التحويلية","28","صناعة الآلات والمعدات غير المصنفة في موضع أخر","282","صنع الآلات المتخصصة الغرض","2826","صنع آلات انتاج المنسوجات والملبوسات والجلود","282660","صناعة ماكينات الخياطة بأنواعها وأجزائها",
"C","الصناعة التحويلية","28","صناعة الآلات والمعدات غير المصنفة في موضع أخر","282","صنع الآلات المتخصصة الغرض","2826","صنع آلات انتاج المنسوجات والملبوسات والجلود","282671","صناعة آلات اللباد",
"C","الصناعة التحويلية","28","صناعة الآلات والمعدات غير المصنفة في موضع أخر","282","صنع الآلات المتخصصة الغرض","2826","صنع آلات انتاج المنسوجات والملبوسات والجلود","282672","صناعة آلات المواد غير المنسوجة",
"C","الصناعة التحويلية","28","صناعة الآلات والمعدات غير المصنفة في موضع أخر","282","صنع الآلات المتخصصة الغرض","2826","صنع آلات انتاج المنسوجات والملبوسات والجلود","282681","صناعة آلات تحضير أو دباغة أو تشغيل الصلال أو الجلود أو الجلود المدبوغة",
"C","الصناعة التحويلية","28","صناعة الآلات والمعدات غير المصنفة في موضع أخر","282","صنع الآلات المتخصصة الغرض","2826","صنع آلات انتاج المنسوجات والملبوسات والجلود","282682","صناعة آلات الأحذية",
"C","الصناعة التحويلية","28","صناعة الآلات والمعدات غير المصنفة في موضع أخر","282","صنع الآلات المتخصصة الغرض","2826","صنع آلات انتاج المنسوجات والملبوسات والجلود","282683","صناعة آلات إصلاح الأحذية",
"C","الصناعة التحويلية","28","صناعة الآلات والمعدات غير المصنفة في موضع أخر","282","صنع الآلات المتخصصة الغرض","2826","صنع آلات انتاج المنسوجات والملبوسات والجلود","282684","صناعة آلات أصناف الصلال أو الجلود",
"C","الصناعة التحويلية","28","صناعة الآلات والمعدات غير المصنفة في موضع أخر","282","صنع الآلات المتخصصة الغرض","2826","صنع آلات انتاج المنسوجات والملبوسات والجلود","282685","صناعة آلات الجلود المدبوغة أوالفراء",
"C","الصناعة التحويلية","28","صناعة الآلات والمعدات غير المصنفة في موضع أخر","282","صنع الآلات المتخصصة الغرض","2829","صنع آلات أخرى لأغراض خاصة","282910","صناعة آلات الصناعات الورقية ، يشمل ( آلات صناعة عجينة الورق وصناعة آلات الورق والورق المقوى )",
"C","الصناعة التحويلية","28","صناعة الآلات والمعدات غير المصنفة في موضع أخر","282","صنع الآلات المتخصصة الغرض","2829","صنع آلات أخرى لأغراض خاصة","282920","صناعة آلات لانتاج المطاط أو اللدائن الاصطناعية ، يشمل ( صناعة آلات صناعة وتجديد الإطارات وآلات صب القوالب المطاطية )",
"C","الصناعة التحويلية","28","صناعة الآلات والمعدات غير المصنفة في موضع أخر","282","صنع الآلات المتخصصة الغرض","2829","صنع آلات أخرى لأغراض خاصة","282931","صناعة آلات وماكينات الطباعة",
"C","الصناعة التحويلية","28","صناعة الآلات والمعدات غير المصنفة في موضع أخر","282","صنع الآلات المتخصصة الغرض","2829","صنع آلات أخرى لأغراض خاصة","282932","صناعة آلات سبك وصف حروف الطباعة",
"C","الصناعة التحويلية","28","صناعة الآلات والمعدات غير المصنفة في موضع أخر","282","صنع الآلات المتخصصة الغرض","2829","صنع آلات أخرى لأغراض خاصة","282940","صنع مكينات لانتاج البلاط والطوب والعجائن الخزفية",
"C","الصناعة التحويلية","28","صناعة الآلات والمعدات غير المصنفة في موضع أخر","282","صنع الآلات المتخصصة الغرض","2829","صنع آلات أخرى لأغراض خاصة","282951","صناعة آلات تجميع المصابيح الكهربائية",
"C","الصناعة التحويلية","28","صناعة الآلات والمعدات غير المصنفة في موضع أخر","282","صنع الآلات المتخصصة الغرض","2829","صنع آلات أخرى لأغراض خاصة","282952","صناعة آلات تجميع المصابيح الالكترونية",
"C","الصناعة التحويلية","28","صناعة الآلات والمعدات غير المصنفة في موضع أخر","282","صنع الآلات المتخصصة الغرض","2829","صنع آلات أخرى لأغراض خاصة","282960","صناعة آلات انتاج الزجاج أو الأوعية أو الألياف أو الخيوط الزجاجية",
"C","الصناعة التحويلية","28","صناعة الآلات والمعدات غير المصنفة في موضع أخر","282","صنع الآلات المتخصصة الغرض","2829","صنع آلات أخرى لأغراض خاصة","282970","صناعة ماكينات تجليد الكتب والأنشطة الداعمة للطباعة ماعدا صناعة آلات الطباعة على النسيج",
"C","الصناعة التحويلية","28","صناعة الآلات والمعدات غير المصنفة في موضع أخر","282","صنع الآلات المتخصصة الغرض","2829","صنع آلات أخرى لأغراض خاصة","282981","صناعة الأجهزة التشبيهية العسكرية","تشمل أجهزة التشبيه مثل المحاكاة التدريبية المخصصة للاستخدام العسكري"
"C","الصناعة التحويلية","29","صناعة المركبات ذات المحركات والمركبات المقطورة ونصف المقطورة","291","صنع المركبات ذات المحركات","2910","صنع المركبات ذات المحركات","291011","صناعة وتجميع السيارات الصغيرة",
"C","الصناعة التحويلية","29","صناعة المركبات ذات المحركات والمركبات المقطورة ونصف المقطورة","291","صنع المركبات ذات المحركات","2910","صنع المركبات ذات المحركات","291012","صناعة وتجميع الحافلات والناقلات",
"C","الصناعة التحويلية","29","صناعة المركبات ذات المحركات والمركبات المقطورة ونصف المقطورة","291","صنع المركبات ذات المحركات","2910","صنع المركبات ذات المحركات","291013","مصانع تصفيح المركبات المدنية","إنشاء مصنع مختص بتصفيح المركبات"
"C","الصناعة التحويلية","29","صناعة المركبات ذات المحركات والمركبات المقطورة ونصف المقطورة","291","صنع المركبات ذات المحركات","2910","صنع المركبات ذات المحركات","291020","صناعة وتجميع هياكل العربات ذات المحركات",
"C","الصناعة التحويلية","29","صناعة المركبات ذات المحركات والمركبات المقطورة ونصف المقطورة","291","صنع المركبات ذات المحركات","2910","صنع المركبات ذات المحركات","291030","صناعة وتجميع محركات السيارات وأجزائها",
"C","الصناعة التحويلية","29","صناعة المركبات ذات المحركات والمركبات المقطورة ونصف المقطورة","292","صنع هياكل (أعمال تجهيز العربات) للمركبات ذات المحركات ، صناعة المركبات المقطورة والمركبات نصف المقطورة","2920","صنع هياكل (أعمال تجهيز العربات) للمركبات ذات المحركات ، صناعة المركبات المقطورة والمركبات نصف المقطورة","292011","صناعة أبدان المركبات من الخشب",
"C","الصناعة التحويلية","29","صناعة المركبات ذات المحركات والمركبات المقطورة ونصف المقطورة","292","صنع هياكل (أعمال تجهيز العربات) للمركبات ذات المحركات ، صناعة المركبات المقطورة والمركبات نصف المقطورة","2920","صنع هياكل (أعمال تجهيز العربات) للمركبات ذات المحركات ، صناعة المركبات المقطورة والمركبات نصف المقطورة","292012","صناعة أبدان المركبات من المعدن",
"C","الصناعة التحويلية","29","صناعة المركبات ذات المحركات والمركبات المقطورة ونصف المقطورة","292","صنع هياكل (أعمال تجهيز العربات) للمركبات ذات المحركات ، صناعة المركبات المقطورة والمركبات نصف المقطورة","2920","صنع هياكل (أعمال تجهيز العربات) للمركبات ذات المحركات ، صناعة المركبات المقطورة والمركبات نصف المقطورة","292021","صناعة مقطورات مركبة على هياكل ذات محركات",
"C","الصناعة التحويلية","29","صناعة المركبات ذات المحركات والمركبات المقطورة ونصف المقطورة","292","صنع هياكل (أعمال تجهيز العربات) للمركبات ذات المحركات ، صناعة المركبات المقطورة والمركبات نصف المقطورة","2920","صنع هياكل (أعمال تجهيز العربات) للمركبات ذات المحركات ، صناعة المركبات المقطورة والمركبات نصف المقطورة","292022","صناعة المركبات نصف المقطورة من نوع الكارفان",
"C","الصناعة التحويلية","29","صناعة المركبات ذات المحركات والمركبات المقطورة ونصف المقطورة","292","صنع هياكل (أعمال تجهيز العربات) للمركبات ذات المحركات ، صناعة المركبات المقطورة والمركبات نصف المقطورة","2920","صنع هياكل (أعمال تجهيز العربات) للمركبات ذات المحركات ، صناعة المركبات المقطورة والمركبات نصف المقطورة","292023","صناعة المركبات المقطورة للسكك الحديدية والطرق",
"C","الصناعة التحويلية","29","صناعة المركبات ذات المحركات والمركبات المقطورة ونصف المقطورة","292","صنع هياكل (أعمال تجهيز العربات) للمركبات ذات المحركات ، صناعة المركبات المقطورة والمركبات نصف المقطورة","2920","صنع هياكل (أعمال تجهيز العربات) للمركبات ذات المحركات ، صناعة المركبات المقطورة والمركبات نصف المقطورة","292024","صناعة المركبات المقطورة لنقل الأثاث والسيارات",
"C","الصناعة التحويلية","29","صناعة المركبات ذات المحركات والمركبات المقطورة ونصف المقطورة","292","صنع هياكل (أعمال تجهيز العربات) للمركبات ذات المحركات ، صناعة المركبات المقطورة والمركبات نصف المقطورة","2920","صنع هياكل (أعمال تجهيز العربات) للمركبات ذات المحركات ، صناعة المركبات المقطورة والمركبات نصف المقطورة","292030","صناعة خزانات خاصة لنقل السوائل",
"C","الصناعة التحويلية","29","صناعة المركبات ذات المحركات والمركبات المقطورة ونصف المقطورة","292","صنع هياكل (أعمال تجهيز العربات) للمركبات ذات المحركات ، صناعة المركبات المقطورة والمركبات نصف المقطورة","2920","صنع هياكل (أعمال تجهيز العربات) للمركبات ذات المحركات ، صناعة المركبات المقطورة والمركبات نصف المقطورة","292040","صناعة حاويات لنقل البضائع (كونتينرات) عادية أو مبردة",
"C","الصناعة التحويلية","29","صناعة المركبات ذات المحركات والمركبات المقطورة ونصف المقطورة","292","صنع هياكل (أعمال تجهيز العربات) للمركبات ذات المحركات ، صناعة المركبات المقطورة والمركبات نصف المقطورة","2920","صنع هياكل (أعمال تجهيز العربات) للمركبات ذات المحركات ، صناعة المركبات المقطورة والمركبات نصف المقطورة","292050","صناعة أجزاء المركبات المقطورة ونصف المقطورة",
"C","الصناعة التحويلية","29","صناعة المركبات ذات المحركات والمركبات المقطورة ونصف المقطورة","293","صنع أجزاء وتوابع ومحركات المركبات ذات المحركات","2930","صنع أجزاء وتوابع ومحركات المركبات ذات المحركات","293010","صناعة وتجديد صناديق تروس السرعة ( الجيربوكس )",
"C","الصناعة التحويلية","29","صناعة المركبات ذات المحركات والمركبات المقطورة ونصف المقطورة","293","صنع أجزاء وتوابع ومحركات المركبات ذات المحركات","2930","صنع أجزاء وتوابع ومحركات المركبات ذات المحركات","293021","صناعة الرادياتيرات",
"C","الصناعة التحويلية","29","صناعة المركبات ذات المحركات والمركبات المقطورة ونصف المقطورة","293","صنع أجزاء وتوابع ومحركات المركبات ذات المحركات","2930","صنع أجزاء وتوابع ومحركات المركبات ذات المحركات","293022","صناعة مواسير العادم ( الشكمانات )",
"C","الصناعة التحويلية","29","صناعة المركبات ذات المحركات والمركبات المقطورة ونصف المقطورة","293","صنع أجزاء وتوابع ومحركات المركبات ذات المحركات","2930","صنع أجزاء وتوابع ومحركات المركبات ذات المحركات","293023","صناعة القوابض واليايات ( الجانبينات )",
"C","الصناعة التحويلية","29","صناعة المركبات ذات المحركات والمركبات المقطورة ونصف المقطورة","293","صنع أجزاء وتوابع ومحركات المركبات ذات المحركات","2930","صنع أجزاء وتوابع ومحركات المركبات ذات المحركات","293024","صناعة المكابح",
"C","الصناعة التحويلية","29","صناعة المركبات ذات المحركات والمركبات المقطورة ونصف المقطورة","293","صنع أجزاء وتوابع ومحركات المركبات ذات المحركات","2930","صنع أجزاء وتوابع ومحركات المركبات ذات المحركات","293030","صناعة جميع أنواع الفلاتر للسيارات",
"C","الصناعة التحويلية","29","صناعة المركبات ذات المحركات والمركبات المقطورة ونصف المقطورة","293","صنع أجزاء وتوابع ومحركات المركبات ذات المحركات","2930","صنع أجزاء وتوابع ومحركات المركبات ذات المحركات","293091","صناعة محاور الدوران ( الرومان بلي , البيرنجات )",
"C","الصناعة التحويلية","29","صناعة المركبات ذات المحركات والمركبات المقطورة ونصف المقطورة","293","صنع أجزاء وتوابع ومحركات المركبات ذات المحركات","2930","صنع أجزاء وتوابع ومحركات المركبات ذات المحركات","293092","صناعة أعمدة وصناديق التوجيه",
"C","الصناعة التحويلية","29","صناعة المركبات ذات المحركات والمركبات المقطورة ونصف المقطورة","293","صنع أجزاء وتوابع ومحركات المركبات ذات المحركات","2930","صنع أجزاء وتوابع ومحركات المركبات ذات المحركات","293093","صناعة مقاعد السيارات",
"C","الصناعة التحويلية","29","صناعة المركبات ذات المحركات والمركبات المقطورة ونصف المقطورة","293","صنع أجزاء وتوابع ومحركات المركبات ذات المحركات","2930","صنع أجزاء وتوابع ومحركات المركبات ذات المحركات","293094","صناعة قطع أجزاء وغيار السيارات",
"C","الصناعة التحويلية","30","صناعة معدات النقل الأخرى","301","بناء السفن والقوارب","3011","بناء السفن والمنشآت العائمة","301111","صناعة سفن الركاب",
"C","الصناعة التحويلية","30","صناعة معدات النقل الأخرى","301","بناء السفن والقوارب","3011","بناء السفن والمنشآت العائمة","301112","صناعة العبارات",
"C","الصناعة التحويلية","30","صناعة معدات النقل الأخرى","301","بناء السفن والقوارب","3011","بناء السفن والمنشآت العائمة","301113","صناعة سفن البضائع",
"C","الصناعة التحويلية","30","صناعة معدات النقل الأخرى","301","بناء السفن والقوارب","3011","بناء السفن والمنشآت العائمة","301114","صناعة ناقلات النفط",
"C","الصناعة التحويلية","30","صناعة معدات النقل الأخرى","301","بناء السفن والقوارب","3011","بناء السفن والمنشآت العائمة","301115","صناعة قاطرات السفن",
"C","الصناعة التحويلية","30","صناعة معدات النقل الأخرى","301","بناء السفن والقوارب","3011","بناء السفن والمنشآت العائمة","301120","بناء السفن العسكرية","تشمل جميع أنواع السفن العسكرية والزوارق العسكرية والقوارب العسكرية والمكونات الهيكلية للسفن والزوارق والقوارب العسكرية والسفن العسكرية المسيرة"
"C","الصناعة التحويلية","30","صناعة معدات النقل الأخرى","301","بناء السفن والقوارب","3011","بناء السفن والمنشآت العائمة","301131","صناعة المنشآت العائمة ، يشمل ( العوامات ، منصات النزول ، الخزانات العائمة ، الزوارق المسطحة القاع )",
"C","الصناعة التحويلية","30","صناعة معدات النقل الأخرى","301","بناء السفن والقوارب","3011","بناء السفن والمنشآت العائمة","301132","صناعة سفن نشاطها غير ملاحي ، يشمل ( الحفارات ، الأرصفة والأحواض العائمة )",
"C","الصناعة التحويلية","30","صناعة معدات النقل الأخرى","301","بناء السفن والقوارب","3011","بناء السفن والمنشآت العائمة","301141","صناعة قوارب الصيد",
"C","الصناعة التحويلية","30","صناعة معدات النقل الأخرى","301","بناء السفن والقوارب","3011","بناء السفن والمنشآت العائمة","301142","صناعة السفن المشتملة على مصانع تجهيز الأسماك",
"C","الصناعة التحويلية","30","صناعة معدات النقل الأخرى","301","بناء السفن والقوارب","3011","بناء السفن والمنشآت العائمة","301151","صناعة أجزاء السفن العسكرية","تشمل صناعة أجزاء وقطع غيار جميع أنواع السفن العسكرية"
"C","الصناعة التحويلية","30","صناعة معدات النقل الأخرى","301","بناء السفن والقوارب","3011","بناء السفن والمنشآت العائمة","301152","تصفيح السفن العسكرية","تشمل الطائرات العسكرية المجنحة والطائرات العسكرية المروحية والطائرات العسكرية بدون طيار وطائرات النقل العسكري والمكونات الهيكلية لجميع أنواع الطائرات العسكرية"
"C","الصناعة التحويلية","30","صناعة معدات النقل الأخرى","301","بناء السفن والقوارب","3012","بناء قوارب النزهة والرياضة","301211","صناعة اليخوت وقوارب التجديف",
"C","الصناعة التحويلية","30","صناعة معدات النقل الأخرى","301","بناء السفن والقوارب","3012","بناء قوارب النزهة والرياضة","301212","صناعة قوارب النجاة المزودة بمجاديف",
"C","الصناعة التحويلية","30","صناعة معدات النقل الأخرى","301","بناء السفن والقوارب","3012","بناء قوارب النزهة والرياضة","301213","صناعة قوارب النزهة المزودة بمحركات",
"C","الصناعة التحويلية","30","صناعة معدات النقل الأخرى","301","بناء السفن والقوارب","3012","بناء قوارب النزهة والرياضة","301220","صناعة قوارب وزوارق الصيد",
"C","الصناعة التحويلية","30","صناعة معدات النقل الأخرى","301","بناء السفن والقوارب","3012","بناء قوارب النزهة والرياضة","301231","صناعة المراكب الشراعية",
"C","الصناعة التحويلية","30","صناعة معدات النقل الأخرى","301","بناء السفن والقوارب","3012","بناء قوارب النزهة والرياضة","301232","صناعة زوارق السباق",
"C","الصناعة التحويلية","30","صناعة معدات النقل الأخرى","302","صناعة قاطرات ( جرارات ) وعربات السكك الحديدية","3020","صناعة قاطرات ( جرارات ) وعربات السكك الحديدية","302010","صناعة قاطرات السكك الحديدية",
"C","الصناعة التحويلية","30","صناعة معدات النقل الأخرى","302","صناعة قاطرات ( جرارات ) وعربات السكك الحديدية","3020","صناعة قاطرات ( جرارات ) وعربات السكك الحديدية","302021","صناعة عربات السكك الحديدية",
"C","الصناعة التحويلية","30","صناعة معدات النقل الأخرى","302","صناعة قاطرات ( جرارات ) وعربات السكك الحديدية","3020","صناعة قاطرات ( جرارات ) وعربات السكك الحديدية","302022","صناعة عربات النوم والأكل",
"C","الصناعة التحويلية","30","صناعة معدات النقل الأخرى","302","صناعة قاطرات ( جرارات ) وعربات السكك الحديدية","3020","صناعة قاطرات ( جرارات ) وعربات السكك الحديدية","302023","صناعة عربات البضائع",
"C","الصناعة التحويلية","30","صناعة معدات النقل الأخرى","302","صناعة قاطرات ( جرارات ) وعربات السكك الحديدية","3020","صناعة قاطرات ( جرارات ) وعربات السكك الحديدية","302024","صناعة عربات تموين القاطرات",
"C","الصناعة التحويلية","30","صناعة معدات النقل الأخرى","302","صناعة قاطرات ( جرارات ) وعربات السكك الحديدية","3020","صناعة قاطرات ( جرارات ) وعربات السكك الحديدية","302025","صناعة عربات الصهاريج والعربات ذاتية الدفع",
"C","الصناعة التحويلية","30","صناعة معدات النقل الأخرى","302","صناعة قاطرات ( جرارات ) وعربات السكك الحديدية","3020","صناعة قاطرات ( جرارات ) وعربات السكك الحديدية","302026","صناعة أجزاء وقطع لقاطرات ومعدات السكك الحديدية",
"C","الصناعة التحويلية","30","صناعة معدات النقل الأخرى","303","صناعة المركبات الجوية والفضائية والآلات المتصلة بها","3030","صناعة المركبات الجوية والفضائية والآلات المتصلة بها","303011","صناعة الطائرات المدنية لنقل الركاب أو البضائع",
"C","الصناعة التحويلية","30","صناعة معدات النقل الأخرى","303","صناعة المركبات الجوية والفضائية والآلات المتصلة بها","3030","صناعة المركبات الجوية والفضائية والآلات المتصلة بها","303012","صناعة الطائرات العسكرية",
"C","الصناعة التحويلية","30","صناعة معدات النقل الأخرى","303","صناعة المركبات الجوية والفضائية والآلات المتصلة بها","3030","صناعة المركبات الجوية والفضائية والآلات المتصلة بها","303013","صناعة الطائرات الرياضية",
"C","الصناعة التحويلية","30","صناعة معدات النقل الأخرى","303","صناعة المركبات الجوية والفضائية والآلات المتصلة بها","3030","صناعة المركبات الجوية والفضائية والآلات المتصلة بها","303014","صناعة الطائرات المروحية المدنية (الهليكوبتر)",
"C","الصناعة التحويلية","30","صناعة معدات النقل الأخرى","303","صناعة المركبات الجوية والفضائية والآلات المتصلة بها","3030","صناعة المركبات الجوية والفضائية والآلات المتصلة بها","303015","صناعة الطائرات الشراعية",
"C","الصناعة التحويلية","30","صناعة معدات النقل الأخرى","303","صناعة المركبات الجوية والفضائية والآلات المتصلة بها","3030","صناعة المركبات الجوية والفضائية والآلات المتصلة بها","303016","صناعة المناطيد ذات المحركات والمناطيد الهوائية",
"C","الصناعة التحويلية","30","صناعة معدات النقل الأخرى","303","صناعة المركبات الجوية والفضائية والآلات المتصلة بها","3030","صناعة المركبات الجوية والفضائية والآلات المتصلة بها","303017","صناعة الطائرات لاستخدامات أخرى",
"C","الصناعة التحويلية","30","صناعة معدات النقل الأخرى","303","صناعة المركبات الجوية والفضائية والآلات المتصلة بها","3030","صناعة المركبات الجوية والفضائية والآلات المتصلة بها","303020","صناعة أجزاء وقطع إضافية للطائرات المدنية",
"C","الصناعة التحويلية","30","صناعة معدات النقل الأخرى","303","صناعة المركبات الجوية والفضائية والآلات المتصلة بها","3030","صناعة المركبات الجوية والفضائية والآلات المتصلة بها","303031","صناعة أجزاء الطائرات العسكرية","تشمل صناعة أجزاء وقطع غيار جميع أنواع الطائرات العسكرية"
"C","الصناعة التحويلية","30","صناعة معدات النقل الأخرى","303","صناعة المركبات الجوية والفضائية والآلات المتصلة بها","3030","صناعة المركبات الجوية والفضائية والآلات المتصلة بها","303032","تصفيح الطائرات العسكرية","تشمل جميع أنواع تصفيح الطائرات العسكرية"
"C","الصناعة التحويلية","30","صناعة معدات النقل الأخرى","304","صناعة مركبات القتال العسكرية","3040","صناعة مركبات القتال العسكرية","304001","صناعة المركبات البرية والبرمائية العسكرية","تشمل صناعة المركبات العسكرية المصفحة والبرمائية والدبابات ومركبات النقل العسكرية ومركبات القتال العسكرية الأخرى والمكونات الهيكلية للمركبات العسكرية والمركبات العسكرية المسيرة"
"C","الصناعة التحويلية","30","صناعة معدات النقل الأخرى","304","صناعة مركبات القتال العسكرية","3040","صناعة مركبات القتال العسكرية","304002","صناعة أجزاء المركبات العسكرية","تشمل صناعة أجزاء وقطع غيار جميع أنواع المركبات العسكرية"
"C","الصناعة التحويلية","30","صناعة معدات النقل الأخرى","304","صناعة مركبات القتال العسكرية","3040","صناعة مركبات القتال العسكرية","304003","تصفيح المركبات العسكرية","تشمل جميع أنواع تصفيح المركبات البرية والبرمائية العسكرية"
"C","الصناعة التحويلية","30","صناعة معدات النقل الأخرى","309","صناعة معدات النقل غير المصنفة في مكان أخر","3091","صناعة الدراجات النارية","309101","صناعة وتجميع الدرجات النارية",
"C","الصناعة التحويلية","30","صناعة معدات النقل الأخرى","309","صناعة معدات النقل غير المصنفة في مكان أخر","3091","صناعة الدراجات النارية","309102","صناعة محركات الدرجات النارية",
"C","الصناعة التحويلية","30","صناعة معدات النقل الأخرى","309","صناعة معدات النقل غير المصنفة في مكان أخر","3091","صناعة الدراجات النارية","309103","صناعة أجزاء الدرجات النارية",
"C","الصناعة التحويلية","30","صناعة معدات النقل الأخرى","309","صناعة معدات النقل غير المصنفة في مكان أخر","3091","صناعة الدراجات النارية","309104","صناعة المركبات الجانبية للدرجات النارية وتوابعها",
"C","الصناعة التحويلية","30","صناعة معدات النقل الأخرى","309","صناعة معدات النقل غير المصنفة في مكان أخر","3092","صناعة الدراجات العادية والكراسي المتحركة","309211","صناعة وتجميع الدراجات الهوائية",
"C","الصناعة التحويلية","30","صناعة معدات النقل الأخرى","309","صناعة معدات النقل غير المصنفة في مكان أخر","3092","صناعة الدراجات العادية والكراسي المتحركة","309212","صناعة وتجميع دراجات الأطفال الهوائية",
"C","الصناعة التحويلية","30","صناعة معدات النقل الأخرى","309","صناعة معدات النقل غير المصنفة في مكان أخر","3092","صناعة الدراجات العادية والكراسي المتحركة","309213","صناعة دراجات توصيل الطلبات ذات الثلاث عجلات",
"C","الصناعة التحويلية","30","صناعة معدات النقل الأخرى","309","صناعة معدات النقل غير المصنفة في مكان أخر","3092","صناعة الدراجات العادية والكراسي المتحركة","309220","صناعة أجزاء الدراجات العادية",
"C","الصناعة التحويلية","30","صناعة معدات النقل الأخرى","309","صناعة معدات النقل غير المصنفة في مكان أخر","3092","صناعة الدراجات العادية والكراسي المتحركة","309230","صناعة دراجات المعاقين سواء كانت مزودة بمحركات أو غير مزودة",
"C","الصناعة التحويلية","30","صناعة معدات النقل الأخرى","309","صناعة معدات النقل غير المصنفة في مكان أخر","3092","صناعة الدراجات العادية والكراسي المتحركة","309240","صناعة عربات صغار الأطفال",
"C","الصناعة التحويلية","30","صناعة معدات النقل الأخرى","309","صناعة معدات النقل غير المصنفة في مكان أخر","3099","صناعة معدات النقل الأخرى غير المصنفة في موضع آخر","309910","صناعة المركبات أو العربات المدفوعة باليد",
"C","الصناعة التحويلية","30","صناعة معدات النقل الأخرى","309","صناعة معدات النقل غير المصنفة في مكان أخر","3099","صناعة معدات النقل الأخرى غير المصنفة في موضع آخر","309920","صناعة المركبات أو العربات التي تجرها الحيوانات",
"C","الصناعة التحويلية","31","صنع الأثاث","310","صنع الأثاث","3100","صنع الأثاث","310010","صناعة الأثاث والموبيليا من الخشب",
"C","الصناعة التحويلية","31","صنع الأثاث","310","صنع الأثاث","3100","صنع الأثاث","310021","صناعة الأثاث المعدني للمنازل والمكاتب والمطاعم والفنادق",
"C","الصناعة التحويلية","31","صنع الأثاث","310","صنع الأثاث","3100","صنع الأثاث","310022","صناعة الأثاث من الألمنيوم لمختلف الأغراض والاستخدامات",
"C","الصناعة التحويلية","31","صنع الأثاث","310","صنع الأثاث","3100","صنع الأثاث","310031","صناعة الأثاث من الخيزران والقصب والقش لجميع الاستخدامات",
"C","الصناعة التحويلية","31","صنع الأثاث","310","صنع الأثاث","3100","صنع الأثاث","310032","صناعة الأثاث لكافة الأغراض من البلاستيك واللدائن",
"C","الصناعة التحويلية","31","صنع الأثاث","310","صنع الأثاث","3100","صنع الأثاث","310033","صناعة الأثاث من الجلود لجميع الاستخدامات",
"C","الصناعة التحويلية","31","صنع الأثاث","310","صنع الأثاث","3100","صنع الأثاث","310034","صناعة الأثاث من الزجاج لكافة الاستخدامات",
"C","الصناعة التحويلية","31","صنع الأثاث","310","صنع الأثاث","3100","صنع الأثاث","310041","تنجيد الأثاث",
"C","الصناعة التحويلية","31","صنع الأثاث","310","صنع الأثاث","3100","صنع الأثاث","310042","تفصيل الحشايا (المراتب) بمختلف أنواعها",
"C","الصناعة التحويلية","31","صنع الأثاث","310","صنع الأثاث","3100","صنع الأثاث","310050","صناعة وتفصيل المجالس العربية",
"C","الصناعة التحويلية","31","صنع الأثاث","310","صنع الأثاث","3100","صنع الأثاث","310060","صناعة التركيبات للمحلات والمطاعم ، يشمل ( تركيب ديكورات وما شابهها )",
"C","الصناعة التحويلية","31","صنع الأثاث","310","صنع الأثاث","3100","صنع الأثاث","310070","صناعة المطابخ من الخشب والألمنيوم الخ",
"C","الصناعة التحويلية","32","الصناعة التحويلية الأخرى","321","صُنع المجوهرات والحلي والأصناف المتصلة","3211","صُنع المجوهرات والأصناف المتصلة","321111","انتاج اللؤلؤ المشغول",
"C","الصناعة التحويلية","32","الصناعة التحويلية الأخرى","321","صُنع المجوهرات والحلي والأصناف المتصلة","3211","صُنع المجوهرات والأصناف المتصلة","321112","انتاج الأحجار الكريمة أو شبه الكريمة",
"C","الصناعة التحويلية","32","الصناعة التحويلية الأخرى","321","صُنع المجوهرات والحلي والأصناف المتصلة","3211","صُنع المجوهرات والأصناف المتصلة","321113","صناعة المعادن الثمينة والأحجار الكريمة",
"C","الصناعة التحويلية","32","الصناعة التحويلية الأخرى","321","صُنع المجوهرات والحلي والأصناف المتصلة","3211","صُنع المجوهرات والأصناف المتصلة","321114","صناعة الحلي والمجوهرات من الفضة",
"C","الصناعة التحويلية","32","الصناعة التحويلية الأخرى","321","صُنع المجوهرات والحلي والأصناف المتصلة","3211","صُنع المجوهرات والأصناف المتصلة","321115","صناعة الحلي والمجوهرات من البلاتين والمعادن الثمينة الأخرى",
"C","الصناعة التحويلية","32","الصناعة التحويلية الأخرى","321","صُنع المجوهرات والحلي والأصناف المتصلة","3211","صُنع المجوهرات والأصناف المتصلة","321116","صناعة وتركيب مجوهرات من أحجار كريمة أو مدموجة مع معادن ثمينة",
"C","الصناعة التحويلية","32","الصناعة التحويلية الأخرى","321","صُنع المجوهرات والحلي والأصناف المتصلة","3211","صُنع المجوهرات والأصناف المتصلة","321117","صناعة أجزاء الحلي والمجوهرات",
"C","الصناعة التحويلية","32","الصناعة التحويلية الأخرى","321","صُنع المجوهرات والحلي والأصناف المتصلة","3211","صُنع المجوهرات والأصناف المتصلة","321118","انتاج الألماس المشغول",
"C","الصناعة التحويلية","32","الصناعة التحويلية الأخرى","321","صُنع المجوهرات والحلي والأصناف المتصلة","3211","صُنع المجوهرات والأصناف المتصلة","321120","صناعة الأصناف الأخرى من المعادن الثمينة ، يشمل ( أدوات المائدة ، أصناف الزينة ..الخ )",
"C","الصناعة التحويلية","32","الصناعة التحويلية الأخرى","321","صُنع المجوهرات والحلي والأصناف المتصلة","3211","صُنع المجوهرات والأصناف المتصلة","321131","صناعة العملات من الذهب والفضة والمعادن الأخرى",
"C","الصناعة التحويلية","32","الصناعة التحويلية الأخرى","321","صُنع المجوهرات والحلي والأصناف المتصلة","3211","صُنع المجوهرات والأصناف المتصلة","321132","صناعة النياشين والشارات والميداليات",
"C","الصناعة التحويلية","32","الصناعة التحويلية الأخرى","321","صُنع المجوهرات والحلي والأصناف المتصلة","3211","صُنع المجوهرات والأصناف المتصلة","321133","صناعة السبح",
"C","الصناعة التحويلية","32","الصناعة التحويلية الأخرى","321","صُنع المجوهرات والحلي والأصناف المتصلة","3211","صُنع المجوهرات والأصناف المتصلة","321140","صناعة أصناف تقنية أو أصناف للمختبرات من المعادن الثمينة",
"C","الصناعة التحويلية","32","الصناعة التحويلية الأخرى","321","صُنع المجوهرات والحلي والأصناف المتصلة","3211","صُنع المجوهرات والأصناف المتصلة","321191","طلاء أصناف من المنتجات بالمعادن الثمينة","المحلات التي تقوم بطلاء أصناف من المنتجات بالمعادن الثمينة"
"C","الصناعة التحويلية","32","الصناعة التحويلية الأخرى","321","صُنع المجوهرات والحلي والأصناف المتصلة","3211","صُنع المجوهرات والأصناف المتصلة","321192","ورش لحام وتلميع الحلي ( الصاغة )","المحلات التي تقوم بتلحيم وتلميع الحلي (الصاغة)"
"C","الصناعة التحويلية","32","الصناعة التحويلية الأخرى","321","صُنع المجوهرات والحلي والأصناف المتصلة","3212","صُنع المجوهرات المقلّدة والأصناف ذات المتصلة","321201","صناعة المجوهرات المقلدة والإكسسوارات",
"C","الصناعة التحويلية","32","الصناعة التحويلية الأخرى","321","صُنع المجوهرات والحلي والأصناف المتصلة","3212","صُنع المجوهرات المقلّدة والأصناف ذات المتصلة","321202","صناعة حلي الأزياء",
"C","الصناعة التحويلية","32","الصناعة التحويلية الأخرى","321","صُنع المجوهرات والحلي والأصناف المتصلة","3212","صُنع المجوهرات المقلّدة والأصناف ذات المتصلة","321203","صناعة الأحجار الكريمة المقلدة",
"C","الصناعة التحويلية","32","الصناعة التحويلية الأخرى","321","صُنع المجوهرات والحلي والأصناف المتصلة","3212","صُنع المجوهرات المقلّدة والأصناف ذات المتصلة","321204","صناعة الألماس المقلد",
"C","الصناعة التحويلية","32","الصناعة التحويلية الأخرى","321","صُنع المجوهرات والحلي والأصناف المتصلة","3212","صُنع المجوهرات المقلّدة والأصناف ذات المتصلة","321205","صناعة سير الساعات المعدنية غير الثمينه وما شابهها",
"C","الصناعة التحويلية","32","الصناعة التحويلية الأخرى","322","صُنع الآلات الموسيقية","3220","صُنع الآلات الموسيقية","322011","صناعة آلات وترية",
"C","الصناعة التحويلية","32","الصناعة التحويلية الأخرى","322","صُنع الآلات الموسيقية","3220","صُنع الآلات الموسيقية","322012","صناعة آلات الأكورديون",
"C","الصناعة التحويلية","32","الصناعة التحويلية الأخرى","322","صُنع الآلات الموسيقية","3220","صُنع الآلات الموسيقية","322013","صناعة آلات الأرغون",
"C","الصناعة التحويلية","32","الصناعة التحويلية الأخرى","322","صُنع الآلات الموسيقية","3220","صُنع الآلات الموسيقية","322014","صناعة آلات موسيقية كهربائية",
"C","الصناعة التحويلية","32","الصناعة التحويلية الأخرى","322","صُنع الآلات الموسيقية","3220","صُنع الآلات الموسيقية","322021","صناعة آلات النفخ",
"C","الصناعة التحويلية","32","الصناعة التحويلية الأخرى","322","صُنع الآلات الموسيقية","3220","صُنع الآلات الموسيقية","322022","صناعة الدفوف والطبول",
"C","الصناعة التحويلية","32","الصناعة التحويلية الأخرى","322","صُنع الآلات الموسيقية","3220","صُنع الآلات الموسيقية","322023","صناعة زمارات وغيرها من آلات الإشارات الصوتية",
"C","الصناعة التحويلية","32","الصناعة التحويلية الأخرى","322","صُنع الآلات الموسيقية","3220","صُنع الآلات الموسيقية","322030","صناعة أجزاء ولوازم للآلات الموسيقية والوترية",
"C","الصناعة التحويلية","32","الصناعة التحويلية الأخرى","323","صُنع أدوات الرياضة","3230","صُنع أدوات الرياضة","323011","صناعة معدات ألعاب القوى",
"C","الصناعة التحويلية","32","الصناعة التحويلية الأخرى","323","صُنع أدوات الرياضة","3230","صُنع أدوات الرياضة","323012","صناعة معدات ألعاب الجمباز",
"C","الصناعة التحويلية","32","الصناعة التحويلية الأخرى","323","صُنع أدوات الرياضة","3230","صُنع أدوات الرياضة","323013","صناعة المعدات الخاصة برياضة السباحة",
"C","الصناعة التحويلية","32","الصناعة التحويلية الأخرى","323","صُنع أدوات الرياضة","3230","صُنع أدوات الرياضة","323014","صناعة ألواح ومعدات وأحذية التزلج على الماء أو الثلج",
"C","الصناعة التحويلية","32","الصناعة التحويلية الأخرى","323","صُنع أدوات الرياضة","3230","صُنع أدوات الرياضة","323015","صناعة أدوات الألعاب الرياضية ، يشمل ( الكرات بأنواعها )",
"C","الصناعة التحويلية","32","الصناعة التحويلية الأخرى","323","صُنع أدوات الرياضة","3230","صُنع أدوات الرياضة","323016","صناعة مضارب كرة الطاولة والتنس والجولف وما شابهها",
"C","الصناعة التحويلية","32","الصناعة التحويلية الأخرى","323","صُنع أدوات الرياضة","3230","صُنع أدوات الرياضة","323021","صناعة مستلزمات رياضة صيد الأسماك بما في ذلك شباك الصيد",
"C","الصناعة التحويلية","32","الصناعة التحويلية الأخرى","323","صُنع أدوات الرياضة","3230","صُنع أدوات الرياضة","323022","صناعة مستلزمات أنواع الصيد",
"C","الصناعة التحويلية","32","الصناعة التحويلية الأخرى","323","صُنع أدوات الرياضة","3230","صُنع أدوات الرياضة","323023","صناعة مستلزمات التسلق على الجبال",
"C","الصناعة التحويلية","32","الصناعة التحويلية الأخرى","323","صُنع أدوات الرياضة","3230","صُنع أدوات الرياضة","323030","صناعة القفازات وأغطية الرأس الرياضية",
"C","الصناعة التحويلية","32","الصناعة التحويلية الأخرى","324","صُنع الألعاب واللعب","3240","صُنع الألعاب واللعب","324010","صناعة الدمى وملابس الدمى وألعاب الأدوات الصوتية والموسيقية وتوابعها",
"C","الصناعة التحويلية","32","الصناعة التحويلية الأخرى","324","صُنع الألعاب واللعب","3240","صُنع الألعاب واللعب","324020","صناعة اللعب ذات العجلات المصممة للركوب المصنوعة من اللدائن",
"C","الصناعة التحويلية","32","الصناعة التحويلية الأخرى","324","صُنع الألعاب واللعب","3240","صُنع الألعاب واللعب","324031","صناعة طاولات التنس",
"C","الصناعة التحويلية","32","الصناعة التحويلية الأخرى","324","صُنع الألعاب واللعب","3240","صُنع الألعاب واللعب","324032","صناعة طاولات البلياردو",
"C","الصناعة التحويلية","32","الصناعة التحويلية الأخرى","324","صُنع الألعاب واللعب","3240","صُنع الألعاب واللعب","324040","صناعة الألعاب الإلكترونية",
"C","الصناعة التحويلية","32","الصناعة التحويلية الأخرى","324","صُنع الألعاب واللعب","3240","صُنع الألعاب واللعب","324051","صناعة نماذج مصغرة للتسلية ، يشمل ( القطارات الصغيرة ومكعبات البناء )",
"C","الصناعة التحويلية","32","الصناعة التحويلية الأخرى","324","صُنع الألعاب واللعب","3240","صُنع الألعاب واللعب","324052","صناعة لعب تركيب الألغاز من جميع الأنواع",
"C","الصناعة التحويلية","32","الصناعة التحويلية الأخرى","324","صُنع الألعاب واللعب","3240","صُنع الألعاب واللعب","324091","صناعة أوراق اللعب",
"C","الصناعة التحويلية","32","الصناعة التحويلية الأخرى","324","صُنع الألعاب واللعب","3240","صُنع الألعاب واللعب","324092","صناعة الألعاب ذات الرقعة وما شابهها ، يشمل ( لعبة الشطرنج )",
"C","الصناعة التحويلية","32","الصناعة التحويلية الأخرى","324","صُنع الألعاب واللعب","3240","صُنع الألعاب واللعب","324093","صناعة ألعاب أخرى جماعية تُلعب على الطاولة",
"C","الصناعة التحويلية","32","الصناعة التحويلية الأخرى","325","صناعة الأدوات والتجهيزات الطبية والخاصة بطب الأسنان","3250","صناعة الأدوات والتجهيزات الطبية والخاصة بطب الأسنان","325010","صناعة المنتجات والمستهلكات الطبية ذات الاستخدام الواحد","صناعة المنتجات والمستهلكات الطبية ذات الاستخدام الواحد مثل الكمامات والقفازات الطبية والشفرات الحادة والشراشف الطبية والمشارط الطبية والملبوسات الخاصة بحماية العامل الطبي"
"C","الصناعة التحويلية","32","الصناعة التحويلية الأخرى","325","صناعة الأدوات والتجهيزات الطبية والخاصة بطب الأسنان","3250","صناعة الأدوات والتجهيزات الطبية والخاصة بطب الأسنان","325021","صناعة حشوات إعادة بناء العظام","صناعة حشوات إعادة بناء العظام المستخدمة بالعمليات الجراحية"
"C","الصناعة التحويلية","32","الصناعة التحويلية الأخرى","325","صناعة الأدوات والتجهيزات الطبية والخاصة بطب الأسنان","3250","صناعة الأدوات والتجهيزات الطبية والخاصة بطب الأسنان","325022","صناعة الأجزاء المعدنية لتثبيت العظام ، يشمل ( الأسياخ والصفائح والمسامير اللولبية )","صناعة الأجزاء المعدنية لتثبيت العظام ، يشمل ( الأسياخ والصفائح والمسامير اللولبية ) بما فيها المنتجات والملحقات المرتبطة بها"
"C","الصناعة التحويلية","32","الصناعة التحويلية الأخرى","325","صناعة الأدوات والتجهيزات الطبية والخاصة بطب الأسنان","3250","صناعة الأدوات والتجهيزات الطبية والخاصة بطب الأسنان","325023","صناعة أجهزة تقويم الأعضاء","صناعة أجهزة تقويم الأعضاء بما فيها المنتجات والملحقات المرتبطة بها"
"C","الصناعة التحويلية","32","الصناعة التحويلية الأخرى","325","صناعة الأدوات والتجهيزات الطبية والخاصة بطب الأسنان","3250","صناعة الأدوات والتجهيزات الطبية والخاصة بطب الأسنان","325024","صناعة الأطراف الصناعية","صناعة الأطراف الصناعية بما فيها المنتجات والملحقات المرتبطة بها"
"C","الصناعة التحويلية","32","الصناعة التحويلية الأخرى","325","صناعة الأدوات والتجهيزات الطبية والخاصة بطب الأسنان","3250","صناعة الأدوات والتجهيزات الطبية والخاصة بطب الأسنان","325025","صناعة أجهزة تجبير الكسور","صناعة أجهزة تجبير الكسور بما فيها المنتجات والملحقات المرتبطة بها"
"C","الصناعة التحويلية","32","الصناعة التحويلية الأخرى","325","صناعة الأدوات والتجهيزات الطبية والخاصة بطب الأسنان","3250","صناعة الأدوات والتجهيزات الطبية والخاصة بطب الأسنان","325026","صناعة العكازات الطبية","صناعة العكازات الطبية بما فيها المنتجات والملحقات المرتبطة بها"
"C","الصناعة التحويلية","32","الصناعة التحويلية الأخرى","325","صناعة الأدوات والتجهيزات الطبية والخاصة بطب الأسنان","3250","صناعة الأدوات والتجهيزات الطبية والخاصة بطب الأسنان","325031","صناعة حشوات الأسنان","صناعة حشوات الأسنان بما فيها المنتجات والملحقات المرتبطة بها"
"C","الصناعة التحويلية","32","الصناعة التحويلية الأخرى","325","صناعة الأدوات والتجهيزات الطبية والخاصة بطب الأسنان","3250","صناعة الأدوات والتجهيزات الطبية والخاصة بطب الأسنان","325032","صناعة الأفران المستخدمة في عيادات الأسنان","صناعة الأفران المستخدمة في عيادات الأسنان بما فيها المنتجات والملحقات المرتبطة بها"
"C","الصناعة التحويلية","32","الصناعة التحويلية الأخرى","325","صناعة الأدوات والتجهيزات الطبية والخاصة بطب الأسنان","3250","صناعة الأدوات والتجهيزات الطبية والخاصة بطب الأسنان","325033","صناعة معدات طب الأسنان","صناعة معدات طب الأسنان بما فيها المنتجات والملحقات المرتبطة بها"
"C","الصناعة التحويلية","32","الصناعة التحويلية الأخرى","325","صناعة الأدوات والتجهيزات الطبية والخاصة بطب الأسنان","3250","صناعة الأدوات والتجهيزات الطبية والخاصة بطب الأسنان","325034","معامل الأسنان والتركيبات الصناعية",
"C","الصناعة التحويلية","32","الصناعة التحويلية الأخرى","325","صناعة الأدوات والتجهيزات الطبية والخاصة بطب الأسنان","3250","صناعة الأدوات والتجهيزات الطبية والخاصة بطب الأسنان","325041","صناعة أجهزة التنظيف بالموجات الفوق صوتية للمختبرات","صناعة أجهزة التنظيف بالموجات الفوق صوتية لأجهزة المختبرات والأجهزة الطبية بما فيها المنتجات والملحقات المرتبطة بها"
"C","الصناعة التحويلية","32","الصناعة التحويلية الأخرى","325","صناعة الأدوات والتجهيزات الطبية والخاصة بطب الأسنان","3250","صناعة الأدوات والتجهيزات الطبية والخاصة بطب الأسنان","325042","صناعة أجهزة ومعدات التعقيم","صناعة أجهزة ومعدات التعقيم للأجهزة والمنتجات الطبية بما فيها المنتجات والملحقات المرتبطة بها"
"C","الصناعة التحويلية","32","الصناعة التحويلية الأخرى","325","صناعة الأدوات والتجهيزات الطبية والخاصة بطب الأسنان","3250","صناعة الأدوات والتجهيزات الطبية والخاصة بطب الأسنان","325043","صناعة أجهزة ومعدات التقطير والترشيح للمختبرات","صناعة أجهزة ومعدات التقطير والترشيح للمختبرات بما فيها المنتجات والملحقات المرتبطة بها"
"C","الصناعة التحويلية","32","الصناعة التحويلية الأخرى","325","صناعة الأدوات والتجهيزات الطبية والخاصة بطب الأسنان","3250","صناعة الأدوات والتجهيزات الطبية والخاصة بطب الأسنان","325044","صناعة أجهزة الفصل الدوراني المستخدمة في المختبرات","صناعة أجهزة الفصل الدوراني المستخدمة في المختبرات الطبية بما فيها المنتجات والملحقات المرتبطة بها"
"C","الصناعة التحويلية","32","الصناعة التحويلية الأخرى","325","صناعة الأدوات والتجهيزات الطبية والخاصة بطب الأسنان","3250","صناعة الأدوات والتجهيزات الطبية والخاصة بطب الأسنان","325051","صناعة طاولات الفحص الطبي وأثاث الجراحة","صناعة طاولات الفحص الطبي للعيادات وغرف العمليات وأثاث الجراحة بما فيها المنتجات والملحقات المرتبطة بها"
"C","الصناعة التحويلية","32","الصناعة التحويلية الأخرى","325","صناعة الأدوات والتجهيزات الطبية والخاصة بطب الأسنان","3250","صناعة الأدوات والتجهيزات الطبية والخاصة بطب الأسنان","325052","صناعة الأسرة الطبية المزودة بإضافات ميكانيكية للحركة","صناعة الأسرة الطبية المزودة بإضافات ميكانيكية للحركة المستخدمة بالعيادات أو غرف العمليات بما فيها المنتجات والملحقات المرتبطة بها"
"C","الصناعة التحويلية","32","الصناعة التحويلية الأخرى","325","صناعة الأدوات والتجهيزات الطبية والخاصة بطب الأسنان","3250","صناعة الأدوات والتجهيزات الطبية والخاصة بطب الأسنان","325053","صناعة مقاعد طب الأسنان","صناعة مقاعد طب الأسنان بما فيها المنتجات والملحقات المرتبطة بها"
"C","الصناعة التحويلية","32","الصناعة التحويلية الأخرى","325","صناعة الأدوات والتجهيزات الطبية والخاصة بطب الأسنان","3250","صناعة الأدوات والتجهيزات الطبية والخاصة بطب الأسنان","325061","صناعة الأبر والمحاقن الطبية أو خلاف ذلك","صناعة الأبر والمحاقن الطبية أو خلاف ذلك بما فيها المنتجات والملحقات المرتبطة بها"
"C","الصناعة التحويلية","32","الصناعة التحويلية الأخرى","325","صناعة الأدوات والتجهيزات الطبية والخاصة بطب الأسنان","3250","صناعة الأدوات والتجهيزات الطبية والخاصة بطب الأسنان","325062","صناعة مقاييس الحرارة الطبية","صناعة مقاييس الحرارة الطبية العادية والالكترونية بما فيها المنتجات والملحقات المرتبطة بها"
"C","الصناعة التحويلية","32","الصناعة التحويلية الأخرى","325","صناعة الأدوات والتجهيزات الطبية والخاصة بطب الأسنان","3250","صناعة الأدوات والتجهيزات الطبية والخاصة بطب الأسنان","325063","صناعة أنابيب عمليات القسطرة والتغذية والشفط وخلاف ذلك","صناعة أنابيب عمليات القسطرة والتغذية والشفط وخلاف ذلك بما فيها المنتجات والملحقات المرتبطة بها"
"C","الصناعة التحويلية","32","الصناعة التحويلية الأخرى","325","صناعة الأدوات والتجهيزات الطبية والخاصة بطب الأسنان","3250","صناعة الأدوات والتجهيزات الطبية والخاصة بطب الأسنان","325064","صناعة أجهزة غسيل الكلى وملحقاتها","صناعة أجهزة غسيل الكلى بما فيها ملحقاتها المرتبطة بها"
"C","الصناعة التحويلية","32","الصناعة التحويلية الأخرى","325","صناعة الأدوات والتجهيزات الطبية والخاصة بطب الأسنان","3250","صناعة الأدوات والتجهيزات الطبية والخاصة بطب الأسنان","325065","صناعة أجهزة التنفس والتخدير الطبي","صناعة أجهزة التنفس والتخدير الطبي والملحقات التابعة لها مثل أجهزة التنفس الصناعي وأجهزة التخدير المستخدمة داخل غرف العمليات والأنابيب الملحقة بها وإسطوانات تعبئة الغاز الطبي"
"C","الصناعة التحويلية","32","الصناعة التحويلية الأخرى","325","صناعة الأدوات والتجهيزات الطبية والخاصة بطب الأسنان","3250","صناعة الأدوات والتجهيزات الطبية والخاصة بطب الأسنان","325071","صناعة أدوات وأجهزة طب العيون ، يشمل ( المناظير والمرايا )","صناعة أدوات وأجهزة طب العيون ، يشمل ( المناظير والمرايا ) وأجهزة الفحص بما فيها المنتجات والملحقات المرتبطة بها"
"C","الصناعة التحويلية","32","الصناعة التحويلية الأخرى","325","صناعة الأدوات والتجهيزات الطبية والخاصة بطب الأسنان","3250","صناعة الأدوات والتجهيزات الطبية والخاصة بطب الأسنان","325072","صناعة العيون الزجاجية البديلة","صناعة العيون الزجاجية البديلة بما فيها المنتجات والملحقات المرتبطة بها"
"C","الصناعة التحويلية","32","الصناعة التحويلية الأخرى","325","صناعة الأدوات والتجهيزات الطبية والخاصة بطب الأسنان","3250","صناعة الأدوات والتجهيزات الطبية والخاصة بطب الأسنان","325073","صناعة النظارات الطبية","صناعة النظارات الطبية بما فيها المنتجات والملحقات المرتبطة بها"
"C","الصناعة التحويلية","32","الصناعة التحويلية الأخرى","325","صناعة الأدوات والتجهيزات الطبية والخاصة بطب الأسنان","3250","صناعة الأدوات والتجهيزات الطبية والخاصة بطب الأسنان","325074","صناعة النظارات الشمسية","صناعة النظارات الشمسية بما فيها المنتجات والملحقات المرتبطة بها"
"C","الصناعة التحويلية","32","الصناعة التحويلية الأخرى","325","صناعة الأدوات والتجهيزات الطبية والخاصة بطب الأسنان","3250","صناعة الأدوات والتجهيزات الطبية والخاصة بطب الأسنان","325075","صناعة العدسات اللاصقة","صناعة العدسات اللاصقة وتشمل المحاليل الخاصة بها"
"C","الصناعة التحويلية","32","الصناعة التحويلية الأخرى","325","صناعة الأدوات والتجهيزات الطبية والخاصة بطب الأسنان","3250","صناعة الأدوات والتجهيزات الطبية والخاصة بطب الأسنان","325081","صناعة سماعات الأذن لمعالجة ضعف السمع","صناعة سماعات الأذن لمعالجة ضعف السمع بما فيها المنتجات والملحقات المرتبطة بها"
"C","الصناعة التحويلية","32","الصناعة التحويلية الأخرى","325","صناعة الأدوات والتجهيزات الطبية والخاصة بطب الأسنان","3250","صناعة الأدوات والتجهيزات الطبية والخاصة بطب الأسنان","325082","صناعة الأحذية الطبية وأجزائها المخصصة لتصحيح المشي","صناعة الأحذية الطبية وأجزائها المخصصة لتصحيح المشي"
"C","الصناعة التحويلية","32","الصناعة التحويلية الأخرى","329","صُنع منتجات أخرى غير مصنَّفة في موضع آخر","3290","صُنع منتجات أخرى غير مصنَّفة في موضع آخر","329010","صناعة أقلام من جميع الأنواع",
"C","الصناعة التحويلية","32","الصناعة التحويلية الأخرى","329","صُنع منتجات أخرى غير مصنَّفة في موضع آخر","3290","صُنع منتجات أخرى غير مصنَّفة في موضع آخر","329021","صناعة أشرطة الآلات الكاتبة",
"C","الصناعة التحويلية","32","الصناعة التحويلية الأخرى","329","صُنع منتجات أخرى غير مصنَّفة في موضع آخر","3290","صُنع منتجات أخرى غير مصنَّفة في موضع آخر","329022","صناعة الأختام بكافة أنوعها",
"C","الصناعة التحويلية","32","الصناعة التحويلية الأخرى","329","صُنع منتجات أخرى غير مصنَّفة في موضع آخر","3290","صُنع منتجات أخرى غير مصنَّفة في موضع آخر","329023","صناعة أدوات ولوازم الفنانين وأدوات الرسم والدهان",
"C","الصناعة التحويلية","32","الصناعة التحويلية الأخرى","329","صُنع منتجات أخرى غير مصنَّفة في موضع آخر","3290","صُنع منتجات أخرى غير مصنَّفة في موضع آخر","329030","صنع نماذج الكرة الأرضية",
"C","الصناعة التحويلية","32","الصناعة التحويلية الأخرى","329","صُنع منتجات أخرى غير مصنَّفة في موضع آخر","3290","صُنع منتجات أخرى غير مصنَّفة في موضع آخر","329041","صناعة مظلات ( شمس ، مطر ) للاستخدام الشخصي",
"C","الصناعة التحويلية","32","الصناعة التحويلية الأخرى","329","صُنع منتجات أخرى غير مصنَّفة في موضع آخر","3290","صُنع منتجات أخرى غير مصنَّفة في موضع آخر","329042","صناعة عصي للسير وعصي الخيزران",
"C","الصناعة التحويلية","32","الصناعة التحويلية الأخرى","329","صُنع منتجات أخرى غير مصنَّفة في موضع آخر","3290","صُنع منتجات أخرى غير مصنَّفة في موضع آخر","329043","صناعة القداحات وما يماثلها",
"C","الصناعة التحويلية","32","الصناعة التحويلية الأخرى","329","صُنع منتجات أخرى غير مصنَّفة في موضع آخر","3290","صُنع منتجات أخرى غير مصنَّفة في موضع آخر","329044","صناعة مكانس ومماسح يدوية وفرش بما فيها فرش الطلاء",
"C","الصناعة التحويلية","32","الصناعة التحويلية الأخرى","329","صُنع منتجات أخرى غير مصنَّفة في موضع آخر","3290","صُنع منتجات أخرى غير مصنَّفة في موضع آخر","329045","صناعة مشمعات فرش الأرضيات",
"C","الصناعة التحويلية","32","الصناعة التحويلية الأخرى","329","صُنع منتجات أخرى غير مصنَّفة في موضع آخر","3290","صُنع منتجات أخرى غير مصنَّفة في موضع آخر","329046","صناعة الأزرة وما شابهها من أدوات تشبيك الملابس",
"C","الصناعة التحويلية","32","الصناعة التحويلية الأخرى","329","صُنع منتجات أخرى غير مصنَّفة في موضع آخر","3290","صُنع منتجات أخرى غير مصنَّفة في موضع آخر","329051","صناعة العبوات المعزولة الحافظة (الترامس) بكافة أنواعها",
"C","الصناعة التحويلية","32","الصناعة التحويلية الأخرى","329","صُنع منتجات أخرى غير مصنَّفة في موضع آخر","3290","صُنع منتجات أخرى غير مصنَّفة في موضع آخر","329052","صناعة عبوات بخاخة للعطور ومعطرات الجو وغيرها",
"C","الصناعة التحويلية","32","الصناعة التحويلية الأخرى","329","صُنع منتجات أخرى غير مصنَّفة في موضع آخر","3290","صُنع منتجات أخرى غير مصنَّفة في موضع آخر","329054","صناعة الشعر المستعار بأنواعة",
"C","الصناعة التحويلية","32","الصناعة التحويلية الأخرى","329","صُنع منتجات أخرى غير مصنَّفة في موضع آخر","3290","صُنع منتجات أخرى غير مصنَّفة في موضع آخر","329061","صناعة الملابس المقامة للحريق وملابس رجال الأطفاء",
"C","الصناعة التحويلية","32","الصناعة التحويلية الأخرى","329","صُنع منتجات أخرى غير مصنَّفة في موضع آخر","3290","صُنع منتجات أخرى غير مصنَّفة في موضع آخر","329062","صناعة أحزمة السلامة للعمال والأحزمة الأخرى للأغراض المهنية",
"C","الصناعة التحويلية","32","الصناعة التحويلية الأخرى","329","صُنع منتجات أخرى غير مصنَّفة في موضع آخر","3290","صُنع منتجات أخرى غير مصنَّفة في موضع آخر","329063","صناعة وسائل إنقاذ حياة الغرقى من الفلين",
"C","الصناعة التحويلية","32","الصناعة التحويلية الأخرى","329","صُنع منتجات أخرى غير مصنَّفة في موضع آخر","3290","صُنع منتجات أخرى غير مصنَّفة في موضع آخر","329064","صناعة الخوذات الواقية البلاستيكية شديدة المقاومة ( لمواقع العمل أو الخوذات الرياضية )",
"C","الصناعة التحويلية","32","الصناعة التحويلية الأخرى","329","صُنع منتجات أخرى غير مصنَّفة في موضع آخر","3290","صُنع منتجات أخرى غير مصنَّفة في موضع آخر","329065","صناعة الخوذات المعدنية ومعدات السلامة الشخصية المعدنية",
"C","الصناعة التحويلية","32","الصناعة التحويلية الأخرى","329","صُنع منتجات أخرى غير مصنَّفة في موضع آخر","3290","صُنع منتجات أخرى غير مصنَّفة في موضع آخر","329066","صناعة سدادة الأذن للحماية من الضوضاء والماء",
"C","الصناعة التحويلية","32","الصناعة التحويلية الأخرى","329","صُنع منتجات أخرى غير مصنَّفة في موضع آخر","3290","صُنع منتجات أخرى غير مصنَّفة في موضع آخر","329067","صناعة الكمامات والأقنعة للحماية من الغازات",
"C","الصناعة التحويلية","32","الصناعة التحويلية الأخرى","329","صُنع منتجات أخرى غير مصنَّفة في موضع آخر","3290","صُنع منتجات أخرى غير مصنَّفة في موضع آخر","329068","صناعة أدوات الحماية الفردية العسكرية","تشمل أدوات الحماية الفردية الخفيفة مثل بدلة الحماية،الدروع الفردية ، سترة واقية، خوذة واقية، واقي وجه مضاد للرصاص، وعصي كهربائية"
"C","الصناعة التحويلية","32","الصناعة التحويلية الأخرى","329","صُنع منتجات أخرى غير مصنَّفة في موضع آخر","3290","صُنع منتجات أخرى غير مصنَّفة في موضع آخر","329071","صناعة الشموع بأنواعها",
"C","الصناعة التحويلية","32","الصناعة التحويلية الأخرى","329","صُنع منتجات أخرى غير مصنَّفة في موضع آخر","3290","صُنع منتجات أخرى غير مصنَّفة في موضع آخر","329072","صناعة الزهور والثمار والأغصان الصناعية",
"C","الصناعة التحويلية","32","الصناعة التحويلية الأخرى","329","صُنع منتجات أخرى غير مصنَّفة في موضع آخر","3290","صُنع منتجات أخرى غير مصنَّفة في موضع آخر","329073","صناعة الغرابيل اليدوية بمختلف أحجامها",
"C","الصناعة التحويلية","32","الصناعة التحويلية الأخرى","329","صُنع منتجات أخرى غير مصنَّفة في موضع آخر","3290","صُنع منتجات أخرى غير مصنَّفة في موضع آخر","329074","صناعة الخردوات وحلي الأزياء",
"C","الصناعة التحويلية","32","الصناعة التحويلية الأخرى","329","صُنع منتجات أخرى غير مصنَّفة في موضع آخر","3290","صُنع منتجات أخرى غير مصنَّفة في موضع آخر","329075","صناعة مواد العرض والإعلان المجسمة ، يشمل ( الدمى )",
"C","الصناعة التحويلية","32","الصناعة التحويلية الأخرى","329","صُنع منتجات أخرى غير مصنَّفة في موضع آخر","3290","صُنع منتجات أخرى غير مصنَّفة في موضع آخر","329076","صناعة التوابيت",
"C","الصناعة التحويلية","32","الصناعة التحويلية الأخرى","329","صُنع منتجات أخرى غير مصنَّفة في موضع آخر","3290","صُنع منتجات أخرى غير مصنَّفة في موضع آخر","329081","صناعة معدات السلامة من البلاستيك",
"C","الصناعة التحويلية","32","الصناعة التحويلية الأخرى","329","صُنع منتجات أخرى غير مصنَّفة في موضع آخر","3290","صُنع منتجات أخرى غير مصنَّفة في موضع آخر","329082","صناعة المعروضات التفاعلية التعليمية","صناعة المعروضات التفاعلية المتخصصة وهي عبارة عن نماذج وأدوات مجسمة في شتى المجالات العلمية تعتمد على العديد من المبادئ العلمية وخصوصاً مبدأ STEM وهو إختصار (Science, technology, engineering, and mathematics) لتغيير وتبسيط المبادئ العامة وممارسة مفهوم التعلم بالترفيه للمساهمة في تعزيز الاتجاهات الايجابية نحو تعلم تكامل العلوم الاربعة من خلال تطوير أساليب وممارسات للتعليم والتعلم باتجاه التطبيقات العملية تحقيقاً لرؤية المملكة 2030 رابط لملف كامل عن هذه المعروضات https://drive.google.com/drive/folders/1CMCG6nVTtYmjq7gsydOL9LkSU64HTJ-t?usp=sharing"
"C","الصناعة التحويلية","33","إصلاح وتركيب الآلات والمعدات","331","إصلاح المنتجات المعدنية المصنوعة والآلات والمعدات","3311","إصلاح المنتجات المعدنية المصنوعة","331101","إصلاح الخزانات والصهاريج والأوعية المعدنية",
"C","الصناعة التحويلية","33","إصلاح وتركيب الآلات والمعدات","331","إصلاح المنتجات المعدنية المصنوعة والآلات والمعدات","3311","إصلاح المنتجات المعدنية المصنوعة","331102","إصلاح وصيانة الأنابيب وخطوط الأنابيب",
"C","الصناعة التحويلية","33","إصلاح وتركيب الآلات والمعدات","331","إصلاح المنتجات المعدنية المصنوعة والآلات والمعدات","3311","إصلاح المنتجات المعدنية المصنوعة","331103","إصلاح المنتجات المعدنية عن طريق لحامها وهي في مواقعها",
"C","الصناعة التحويلية","33","إصلاح وتركيب الآلات والمعدات","331","إصلاح المنتجات المعدنية المصنوعة والآلات والمعدات","3311","إصلاح المنتجات المعدنية المصنوعة","331104","إصلاح خزانات الشحن المعدنية",
"C","الصناعة التحويلية","33","إصلاح وتركيب الآلات والمعدات","331","إصلاح المنتجات المعدنية المصنوعة والآلات والمعدات","3311","إصلاح المنتجات المعدنية المصنوعة","331106","إصلاح وصيانة أجزاء الغلايات المولدة للبخار في السفن",
"C","الصناعة التحويلية","33","إصلاح وتركيب الآلات والمعدات","331","إصلاح المنتجات المعدنية المصنوعة والآلات والمعدات","3311","إصلاح المنتجات المعدنية المصنوعة","331107","إصلاح وصيانة الغلايات المركزية للتدفئة والوحدات المشعة للحرارة",
"C","الصناعة التحويلية","33","إصلاح وتركيب الآلات والمعدات","331","إصلاح المنتجات المعدنية المصنوعة والآلات والمعدات","3311","إصلاح المنتجات المعدنية المصنوعة","331108","إصلاح وصيانة الأسلحة النارية الفردية وأسلحة الصيد والبنادق الهوائية","نشاط إصلاح وصيانة الأسلحة النارية المعدة لاستعمال شخص واحد كالمسدسات والبنادق، والأسلحة المصممة لأغراض الصيد بالإضافة لأسلحة الرماية الهوائية دون بارود التي ينطلق مقذوفها بواسطة ضغط الهواء أو دفع نابض."
"C","الصناعة التحويلية","33","إصلاح وتركيب الآلات والمعدات","331","إصلاح المنتجات المعدنية المصنوعة والآلات والمعدات","3311","إصلاح المنتجات المعدنية المصنوعة","331111","أعمال الإصلاح والصيانة والعمرة للملاجئ العسكرية","تشمل جميع أنواع الملاجئ العسكرية"
"C","الصناعة التحويلية","33","إصلاح وتركيب الآلات والمعدات","331","إصلاح المنتجات المعدنية المصنوعة والآلات والمعدات","3311","إصلاح المنتجات المعدنية المصنوعة","331112","أعمال الإصلاح والصيانة والعمرة لميادين وأهداف الرماية العسكرية","تشمل إصلاح وصيانة وعمرة أهداف الرماية العسكرية وجميع خدمات الميادين العسكرية"
"C","الصناعة التحويلية","33","إصلاح وتركيب الآلات والمعدات","331","إصلاح المنتجات المعدنية المصنوعة والآلات والمعدات","3311","إصلاح المنتجات المعدنية المصنوعة","331121","أعمال الإصلاح والصيانة للذخائر التقليدية","تشمل جميع أنواع الذخائر التقليدية"
"C","الصناعة التحويلية","33","إصلاح وتركيب الآلات والمعدات","331","إصلاح المنتجات المعدنية المصنوعة والآلات والمعدات","3311","إصلاح المنتجات المعدنية المصنوعة","331122","أعمال الإصلاح والصيانة للقنابل اليدوية","تشمل جميع أنواع القنابل اليدوية"
"C","الصناعة التحويلية","33","إصلاح وتركيب الآلات والمعدات","331","إصلاح المنتجات المعدنية المصنوعة والآلات والمعدات","3311","إصلاح المنتجات المعدنية المصنوعة","331123","أعمال الإصلاح والصيانة للذخائر الذكية","تشمل جميع أنواع الصواريخ والذخائر الموجهة"
"C","الصناعة التحويلية","33","إصلاح وتركيب الآلات والمعدات","331","إصلاح المنتجات المعدنية المصنوعة والآلات والمعدات","3311","إصلاح المنتجات المعدنية المصنوعة","331124","أعمال الإصلاح والصيانة والعمرة لأجزاء الأسلحة النارية الثقيلة","تشمل أجزاء القاذفات بجميع أنواعها وأجزاء الرشاشات الثقيلة وتوابعها (اعلى من عيار 80)"
"C","الصناعة التحويلية","33","إصلاح وتركيب الآلات والمعدات","331","إصلاح المنتجات المعدنية المصنوعة والآلات والمعدات","3311","إصلاح المنتجات المعدنية المصنوعة","331125","أعمال الإصلاح والصيانة والعمرة لأجزاء الأسلحة النارية المتوسطة","تشمل أجزاء القاذفات بجميع أنواعها وأجزاء الرشاشات المتوسطة وتوابعها (عيار أعلى من 50 وأقل من 80)"
"C","الصناعة التحويلية","33","إصلاح وتركيب الآلات والمعدات","331","إصلاح المنتجات المعدنية المصنوعة والآلات والمعدات","3311","إصلاح المنتجات المعدنية المصنوعة","331126","أعمال الإصلاح والصيانة والعمرة لأجزاء الأسلحة النارية الخفيفة","تشمل أجزاء المسدسات والرشاشات النارية وتوابعها (حتى عيار 50)"
"C","الصناعة التحويلية","33","إصلاح وتركيب الآلات والمعدات","331","إصلاح المنتجات المعدنية المصنوعة والآلات والمعدات","3312","إصلاح الآلات","331211","إصلاح الآلات الكاتبة",
"C","الصناعة التحويلية","33","إصلاح وتركيب الآلات والمعدات","331","إصلاح المنتجات المعدنية المصنوعة والآلات والمعدات","3312","إصلاح الآلات","331212","إصلاح وصيانة آلات تصوير المستندات",
"C","الصناعة التحويلية","33","إصلاح وتركيب الآلات والمعدات","331","إصلاح المنتجات المعدنية المصنوعة والآلات والمعدات","3312","إصلاح الآلات","331213","إصلاح الآلات الحاسبة الألكترونية وغير الألكترونية",
"C","الصناعة التحويلية","33","إصلاح وتركيب الآلات والمعدات","331","إصلاح المنتجات المعدنية المصنوعة والآلات والمعدات","3312","إصلاح الآلات","331221","إصلاح وصيانة الجرارات الزراعية",
"C","الصناعة التحويلية","33","إصلاح وتركيب الآلات والمعدات","331","إصلاح المنتجات المعدنية المصنوعة والآلات والمعدات","3312","إصلاح الآلات","331222","إصلاح وصيانة الآلات الزراعية وآلات قطع الأشجار",
"C","الصناعة التحويلية","33","إصلاح وتركيب الآلات والمعدات","331","إصلاح المنتجات المعدنية المصنوعة والآلات والمعدات","3312","إصلاح الآلات","331231","إصلاح وصيانة آلات ومكائن تصنيع المعادن",
"C","الصناعة التحويلية","33","إصلاح وتركيب الآلات والمعدات","331","إصلاح المنتجات المعدنية المصنوعة والآلات والمعدات","3312","إصلاح الآلات","331232","إصلاح وصيانة معدات قطع وتشكيل المعادن",
"C","الصناعة التحويلية","33","إصلاح وتركيب الآلات والمعدات","331","إصلاح المنتجات المعدنية المصنوعة والآلات والمعدات","3312","إصلاح الآلات","331233","إصلاح وصيانة الأدوات والأجهزة اليدوية التي تعمل بالطاقة الكهربائية",
"C","الصناعة التحويلية","33","إصلاح وتركيب الآلات والمعدات","331","إصلاح المنتجات المعدنية المصنوعة والآلات والمعدات","3312","إصلاح الآلات","331234","إصلاح آلات ومعدات مناولة المعادن",
"C","الصناعة التحويلية","33","إصلاح وتركيب الآلات والمعدات","331","إصلاح المنتجات المعدنية المصنوعة والآلات والمعدات","3312","إصلاح الآلات","331241","إصلاح وصيانة المكائن الخاصة بالتعدين والتشييد وحقول النفط والغاز",
"C","الصناعة التحويلية","33","إصلاح وتركيب الآلات والمعدات","331","إصلاح المنتجات المعدنية المصنوعة والآلات والمعدات","3312","إصلاح الآلات","331242","إصلاح وصيانة أجهزة تجهيز الأغذية والمشروبات",
"C","الصناعة التحويلية","33","إصلاح وتركيب الآلات والمعدات","331","إصلاح المنتجات المعدنية المصنوعة والآلات والمعدات","3312","إصلاح الآلات","331243","إصلاح وصيانة أجهزة انتاج النسيج والملابس والجلود",
"C","الصناعة التحويلية","33","إصلاح وتركيب الآلات والمعدات","331","إصلاح المنتجات المعدنية المصنوعة والآلات والمعدات","3312","إصلاح الآلات","331244","إصلاح وصيانة مكائن تصنيع الورق",
"C","الصناعة التحويلية","33","إصلاح وتركيب الآلات والمعدات","331","إصلاح المنتجات المعدنية المصنوعة والآلات والمعدات","3312","إصلاح الآلات","331245","إصلاح وصيانة أفران العمليات الصناعية",
"C","الصناعة التحويلية","33","إصلاح وتركيب الآلات والمعدات","331","إصلاح المنتجات المعدنية المصنوعة والآلات والمعدات","3312","إصلاح الآلات","331251","إصلاح وصيانة الآلات الاستهلاكية متعددة الاستخدامات",
"C","الصناعة التحويلية","33","إصلاح وتركيب الآلات والمعدات","331","إصلاح المنتجات المعدنية المصنوعة والآلات والمعدات","3312","إصلاح الآلات","331252","إصلاح وصيانة وتركيب طلمبات (مضخات) الوقود",
"C","الصناعة التحويلية","33","إصلاح وتركيب الآلات والمعدات","331","إصلاح المنتجات المعدنية المصنوعة والآلات والمعدات","3312","إصلاح الآلات","331253","صيانة وتعبئة طفايات الحريق","نشاط صيانة وتعبئة طفايات الحريق"
"C","الصناعة التحويلية","33","إصلاح وتركيب الآلات والمعدات","331","إصلاح المنتجات المعدنية المصنوعة والآلات والمعدات","3312","إصلاح الآلات","331254","صيانة المصاعد","نشاط صيانة المصاعد"
"C","الصناعة التحويلية","33","إصلاح وتركيب الآلات والمعدات","331","إصلاح المنتجات المعدنية المصنوعة والآلات والمعدات","3312","إصلاح الآلات","331255","تركيب وصيانة آلات تصنيع واستنساخ المفاتيح","نشاط تركيب وصيانة آلآلات والأدوات الخاصة بتصنيع و بتصليح ونسخ كافة أنواع المفاتيح."
"C","الصناعة التحويلية","33","إصلاح وتركيب الآلات والمعدات","331","إصلاح المنتجات المعدنية المصنوعة والآلات والمعدات","3312","إصلاح الآلات","331256","إصلاح وصيانة أجهزة تنقية المياه",
"C","الصناعة التحويلية","33","إصلاح وتركيب الآلات والمعدات","331","إصلاح المنتجات المعدنية المصنوعة والآلات والمعدات","3312","إصلاح الآلات","331257","صيانة معدات الخدمات الأرضية","الترخيص لأعمال صيانة المعدات الخاصة بالخدمات الأرضية وإصلاحها وتجهيزها لخدمة النقل الجوي على أكمل وجه."
"C","الصناعة التحويلية","33","إصلاح وتركيب الآلات والمعدات","331","إصلاح المنتجات المعدنية المصنوعة والآلات والمعدات","3312","إصلاح الآلات","331258","أعمال الإصلاح والصيانة والعمرة للأجهزة التشبيهية العسكرية","تشمل أجهزة التشبيه مثل المحاكاة التدريبية المخصصة للاستخدام العسكري"
"C","الصناعة التحويلية","33","إصلاح وتركيب الآلات والمعدات","331","إصلاح المنتجات المعدنية المصنوعة والآلات والمعدات","3312","إصلاح الآلات","331291","إصلاح وصيانة المحركات عدا السيارات ، يشمل ( محركات السفن والقطارات )",
"C","الصناعة التحويلية","33","إصلاح وتركيب الآلات والمعدات","331","إصلاح المنتجات المعدنية المصنوعة والآلات والمعدات","3312","إصلاح الآلات","331292","إصلاح وصيانة المضخات ومعدات الطاقة السائلة",
"C","الصناعة التحويلية","33","إصلاح وتركيب الآلات والمعدات","331","إصلاح المنتجات المعدنية المصنوعة والآلات والمعدات","3312","إصلاح الآلات","331293","إصلاح وصيانة الصمامات",
"C","الصناعة التحويلية","33","إصلاح وتركيب الآلات والمعدات","331","إصلاح المنتجات المعدنية المصنوعة والآلات والمعدات","3312","إصلاح الآلات","331294","إصلاح وصيانة أجهزة التعشيق ونقل الحركة",
"C","الصناعة التحويلية","33","إصلاح وتركيب الآلات والمعدات","331","إصلاح المنتجات المعدنية المصنوعة والآلات والمعدات","3312","إصلاح الآلات","331295","إصلاح وصيانة أجهزة التبريد وتنقية الهواء مثل الثلاجات والمجمدات والمكيفات",
"C","الصناعة التحويلية","33","إصلاح وتركيب الآلات والمعدات","331","إصلاح المنتجات المعدنية المصنوعة والآلات والمعدات","3312","إصلاح الآلات","331296","تركيب وصيانة الأجهزة والمعدات الالية المصرفية والنقدية","تركيب وصيانة المعدات والأجهزة الالكترونية والميكانيكية ولوازمها المرتبطة بالمعدات المصرفية والنقدية."
"C","الصناعة التحويلية","33","إصلاح وتركيب الآلات والمعدات","331","إصلاح المنتجات المعدنية المصنوعة والآلات والمعدات","3312","إصلاح الآلات","331297","إصلاح وصيانة معدات قياس الأوزان",
"C","الصناعة التحويلية","33","إصلاح وتركيب الآلات والمعدات","331","إصلاح المنتجات المعدنية المصنوعة والآلات والمعدات","3312","إصلاح الآلات","331298","إصلاح وصيانة مكائن البيع الذاتي",
"C","الصناعة التحويلية","33","إصلاح وتركيب الآلات والمعدات","331","إصلاح المنتجات المعدنية المصنوعة والآلات والمعدات","3313","إصلاح المعدات الالكترونية والبصرية","331311","صيانة معدات الإطفاء والإنقاذ","نشاط صيانة معدات الإطفاء والإنقاذ"
"C","الصناعة التحويلية","33","إصلاح وتركيب الآلات والمعدات","331","إصلاح المنتجات المعدنية المصنوعة والآلات والمعدات","3313","إصلاح المعدات الالكترونية والبصرية","331312","إصلاح وصيانة معدات القياس والاختبار والمراقبة والتحكم",
"C","الصناعة التحويلية","33","إصلاح وتركيب الآلات والمعدات","331","إصلاح المنتجات المعدنية المصنوعة والآلات والمعدات","3313","إصلاح المعدات الالكترونية والبصرية","331313","صيانة أجهزة وتقنيات التحكم في التلوث",
"C","الصناعة التحويلية","33","إصلاح وتركيب الآلات والمعدات","331","إصلاح المنتجات المعدنية المصنوعة والآلات والمعدات","3313","إصلاح المعدات الالكترونية والبصرية","331314","صيانة وتشغيل معدات التحكم فى التلوث",
"C","الصناعة التحويلية","33","إصلاح وتركيب الآلات والمعدات","331","إصلاح المنتجات المعدنية المصنوعة والآلات والمعدات","3313","إصلاح المعدات الالكترونية والبصرية","331315","صيانة وتشغيل أنظمة الرصد والمراقبة البيئية المستمرة وغير المستمرة",
"C","الصناعة التحويلية","33","إصلاح وتركيب الآلات والمعدات","331","إصلاح المنتجات المعدنية المصنوعة والآلات والمعدات","3313","إصلاح المعدات الالكترونية والبصرية","331316","صيانة الأجهزة والأدوات المعملية البيئية",
"C","الصناعة التحويلية","33","إصلاح وتركيب الآلات والمعدات","331","إصلاح المنتجات المعدنية المصنوعة والآلات والمعدات","3313","إصلاح المعدات الالكترونية والبصرية","331317","إصلاح وصيانة الطائرات بدون طيار","تقديم خدمات صيانة واصلاح وتوضيب وهندسة الطائرات بدون طيار وملحقاتها"
"C","الصناعة التحويلية","33","إصلاح وتركيب الآلات والمعدات","331","إصلاح المنتجات المعدنية المصنوعة والآلات والمعدات","3313","إصلاح المعدات الالكترونية والبصرية","331318","إصلاح وصيانة الأجهزة الملاحية","قيام طائرات مجهزة بأنظمة تقنية عالية الدقة  بفحص الأجهزة الملاحية مثل الرادارات وأجهزة المتعلقة بالهبوط والاقلاع و التجهيزات الملاحية والتأكد من سلامتها وقدرتها على لقط الإشارات على أساس منتظم في الجو في المطارات . كما تتضمن أنشطة الفحص الجوي تركيب الأجهزة الملاحية في مختلف المناطق في المملكة والتأكد من صيانتها"
"C","الصناعة التحويلية","33","إصلاح وتركيب الآلات والمعدات","331","إصلاح المنتجات المعدنية المصنوعة والآلات والمعدات","3313","إصلاح المعدات الالكترونية والبصرية","331321","صيانة الأجهزة والمستلزمات الطبية","مراكز لصيانة الأجهزة والمستلزمات الطبية التي تخضع لاختصاص الهيئة وتقدم الدعم الفني للمراكز والمستشفيات التي تستخدم الأجهزة الطبية التي تستخدم في الكشف أو العلاج او الأجهزة الطبية المنزلية التي تستخدم من قبل الأفراد للعلاج أو القياس أو المساعدة الطبية."
"C","الصناعة التحويلية","33","إصلاح وتركيب الآلات والمعدات","331","إصلاح المنتجات المعدنية المصنوعة والآلات والمعدات","3313","إصلاح المعدات الالكترونية والبصرية","331322","إصلاح وصيانة الأدوات والمعدات البصرية",
"C","الصناعة التحويلية","33","إصلاح وتركيب الآلات والمعدات","331","إصلاح المنتجات المعدنية المصنوعة والآلات والمعدات","3313","إصلاح المعدات الالكترونية والبصرية","331331","إصلاح وصيانة المناظير العسكرية","تشمل المناظير الليلية وغيرها المخصصة للاستخدام العسكري"
"C","الصناعة التحويلية","33","إصلاح وتركيب الآلات والمعدات","331","إصلاح المنتجات المعدنية المصنوعة والآلات والمعدات","3313","إصلاح المعدات الالكترونية والبصرية","331332","إصلاح وصيانة أنظمة التوجيه وأنظمة الحرب الإلكترونية","تشمل الأجهزة المصممة لمنع واكتشاف والتشويش على أنظمة الاتصالات العسكرية والرادارات والمستشعرات العسكرية والمضادات لها بأنواعها كما تشمل معدات التوجيه العسكرية"
"C","الصناعة التحويلية","33","إصلاح وتركيب الآلات والمعدات","331","إصلاح المنتجات المعدنية المصنوعة والآلات والمعدات","3313","إصلاح المعدات الالكترونية والبصرية","331333","أعمال الإصلاح والصيانة والعمرة لمعدات القياس والفحص والاختبار العسكرية","تشمل كاشفات الألغام وأجهزة القياس والفحص والاختبار العسكرية"
"C","الصناعة التحويلية","33","إصلاح وتركيب الآلات والمعدات","331","إصلاح المنتجات المعدنية المصنوعة والآلات والمعدات","3313","إصلاح المعدات الالكترونية والبصرية","331334","أعمال الإصلاح والصيانة والعمرة لأنظمة القيادة والسيطرة والتحكم العسكرية والمراقبة العسكرية","تشمل الأنظمة والأجهزة الإلكترونية المصممة خصيصًا لغرض التحكم في الاستخبارات العسكرية، وأنظمة المراقبة العسكرية كما تشمل الرادارات والمستشعرات العسكرية وأنظمة المراقبة والتتبع وتحديد المواقع وملحقاتها"
"C","الصناعة التحويلية","33","إصلاح وتركيب الآلات والمعدات","331","إصلاح المنتجات المعدنية المصنوعة والآلات والمعدات","3314","إصلاح المعدات الكهربائية","331400","إصلاح المعدات الكهربائية",
"C","الصناعة التحويلية","33","إصلاح وتركيب الآلات والمعدات","331","إصلاح المنتجات المعدنية المصنوعة والآلات والمعدات","3314","إصلاح المعدات الكهربائية","331411","إصلاح وصيانة المحولات الكهربائية الخاصة بنقل الطاقة أو توزيعها أو الأنواع المتخصصة",
"C","الصناعة التحويلية","33","إصلاح وتركيب الآلات والمعدات","331","إصلاح المنتجات المعدنية المصنوعة والآلات والمعدات","3314","إصلاح المعدات الكهربائية","331412","اصلاح وصيانة المحركات والمولدات الكهربائية وأجهزة التوليد البخارية",
"C","الصناعة التحويلية","33","إصلاح وتركيب الآلات والمعدات","331","إصلاح المنتجات المعدنية المصنوعة والآلات والمعدات","3314","إصلاح المعدات الكهربائية","331413","إصلاح وصيانة أجهزة التوزيع والتحكم الكهربائية",
"C","الصناعة التحويلية","33","إصلاح وتركيب الآلات والمعدات","331","إصلاح المنتجات المعدنية المصنوعة والآلات والمعدات","3314","إصلاح المعدات الكهربائية","331414","إصلاح وصيانة محطات التقوية والتحكم",
"C","الصناعة التحويلية","33","إصلاح وتركيب الآلات والمعدات","331","إصلاح المنتجات المعدنية المصنوعة والآلات والمعدات","3314","إصلاح المعدات الكهربائية","331415","إصلاح وصيانة وتخزين البطاريات الأولية وبطاريات التخزين",
"C","الصناعة التحويلية","33","إصلاح وتركيب الآلات والمعدات","331","إصلاح المنتجات المعدنية المصنوعة والآلات والمعدات","3314","إصلاح المعدات الكهربائية","331416","إصلاح وصيانة معدات الإضاءة الكهربائية",
"C","الصناعة التحويلية","33","إصلاح وتركيب الآلات والمعدات","331","إصلاح المنتجات المعدنية المصنوعة والآلات والمعدات","3314","إصلاح المعدات الكهربائية","331417","اصلاح وصيانة أسلاك التيار الكهربائي الخاصة بالدوائر الكهربائية",
"C","الصناعة التحويلية","33","إصلاح وتركيب الآلات والمعدات","331","إصلاح المنتجات المعدنية المصنوعة والآلات والمعدات","3314","إصلاح المعدات الكهربائية","331418","أعمال الإصلاح والصيانة والعمرة لأجزاء (غير قابلة للإحتراق) للمتفجرات العسكرية","تشمل أجزاء (غير قابلة للإحتراق) للمتفجرات العسكرية مثل الصواعق والفيوزات"
"C","الصناعة التحويلية","33","إصلاح وتركيب الآلات والمعدات","331","إصلاح المنتجات المعدنية المصنوعة والآلات والمعدات","3315","إصلاح معدات النقل باستثناء المركبات ذات المحركات","331501","الإصلاح والصيانة الروتينية للسفن","الورش الصناعية التي تقوم باعمال الإصلاح والصيانة الروتينية للسفن"
"C","الصناعة التحويلية","33","إصلاح وتركيب الآلات والمعدات","331","إصلاح المنتجات المعدنية المصنوعة والآلات والمعدات","3315","إصلاح معدات النقل باستثناء المركبات ذات المحركات","331502","إصلاح وصيانة زوارق الترفيه",
"C","الصناعة التحويلية","33","إصلاح وتركيب الآلات والمعدات","331","إصلاح المنتجات المعدنية المصنوعة والآلات والمعدات","3315","إصلاح معدات النقل باستثناء المركبات ذات المحركات","331503","إصلاح وصيانة قاطرات وعربات السكك الحديدية",
"C","الصناعة التحويلية","33","إصلاح وتركيب الآلات والمعدات","331","إصلاح المنتجات المعدنية المصنوعة والآلات والمعدات","3315","إصلاح معدات النقل باستثناء المركبات ذات المحركات","331504","اصلاح وصيانة الطائرات","تقديم خدمات صيانة وإصلاح وتوضيب وهندسة الطائرات ومحركاتها وأجزائها."
"C","الصناعة التحويلية","33","إصلاح وتركيب الآلات والمعدات","331","إصلاح المنتجات المعدنية المصنوعة والآلات والمعدات","3315","إصلاح معدات النقل باستثناء المركبات ذات المحركات","331506","إصلاح عربات نقل التي تجرها الحيوانات",
"C","الصناعة التحويلية","33","إصلاح وتركيب الآلات والمعدات","331","إصلاح المنتجات المعدنية المصنوعة والآلات والمعدات","3315","إصلاح معدات النقل باستثناء المركبات ذات المحركات","331507","اصلاح وصيانة المركبات الفضائية والاقمار الصناعية","تصليح وصيانة الأقمار الصناعية والمحطات الفضائية في الفضاء الخارجي، وتعني العمليات التي تهدف إلى الحفاظ على سلامة وأداء هذه الأجهزة في الفضاء، مثل استبدال الأجزاء التالفة وتنفيذ الصيانة الدورية"
"C","الصناعة التحويلية","33","إصلاح وتركيب الآلات والمعدات","331","إصلاح المنتجات المعدنية المصنوعة والآلات والمعدات","3315","إصلاح معدات النقل باستثناء المركبات ذات المحركات","331511","أعمال الإصلاح والصيانة والعمرة للمركبات العسكرية","تشمل المركبات العسكرية المصفحة والبرمائية والدبابات ومركبات النقل العسكرية ومركبات القتال العسكرية الأخرى والمكونات الهيكلية للمركبات العسكرية والمركبات العسكرية المسيرة"
"C","الصناعة التحويلية","33","إصلاح وتركيب الآلات والمعدات","331","إصلاح المنتجات المعدنية المصنوعة والآلات والمعدات","3315","إصلاح معدات النقل باستثناء المركبات ذات المحركات","331512","أعمال الإصلاح والصيانة والعمرة للسفن العسكرية","تشمل جميع أنواع السفن العسكرية والزوارق العسكرية والقوارب العسكرية والمكونات الهيكلية للسفن والزوارق والقوارب العسكرية والسفن العسكرية المسيرة"
"C","الصناعة التحويلية","33","إصلاح وتركيب الآلات والمعدات","331","إصلاح المنتجات المعدنية المصنوعة والآلات والمعدات","3315","إصلاح معدات النقل باستثناء المركبات ذات المحركات","331513","أعمال الإصلاح والصيانة والعمرة للطائرات العسكرية","تشمل الطائرات العسكرية المجنحة والطائرات العسكرية المروحية والطائرات العسكرية بدون طيار وطائرات النقل العسكري والمكونات الهيكلية لجميع أنواع الطائرات العسكرية"
"C","الصناعة التحويلية","33","إصلاح وتركيب الآلات والمعدات","331","إصلاح المنتجات المعدنية المصنوعة والآلات والمعدات","3315","إصلاح معدات النقل باستثناء المركبات ذات المحركات","331514","أعمال الإصلاح والصيانة والعمرة لأجزاء المنظومات العسكرية للمركبات والطائرات والسفن العسكرية","تشمل أجزاء أو قطع غيار منظومات جميع أنواع المركبات العسكرية والطائرات العسكرية والسفن العسكرية"
"C","الصناعة التحويلية","33","إصلاح وتركيب الآلات والمعدات","331","إصلاح المنتجات المعدنية المصنوعة والآلات والمعدات","3319","إصلاح المعدات الأخرى","331911","إصلاح شباك الصيد",
"C","الصناعة التحويلية","33","إصلاح وتركيب الآلات والمعدات","331","إصلاح المنتجات المعدنية المصنوعة والآلات والمعدات","3319","إصلاح المعدات الأخرى","331912","إصلاح الأشرعة وحبال الأشرعة",
"C","الصناعة التحويلية","33","إصلاح وتركيب الآلات والمعدات","331","إصلاح المنتجات المعدنية المصنوعة والآلات والمعدات","3319","إصلاح المعدات الأخرى","331913","إصلاح حقائب تخزين الأسمدة والمواد الكيميائية",
"C","الصناعة التحويلية","33","إصلاح وتركيب الآلات والمعدات","331","إصلاح المنتجات المعدنية المصنوعة والآلات والمعدات","3319","إصلاح المعدات الأخرى","331914","اصلاح وصيانة المنصات والحاويات المستخدمة في الشحن","الوُرَش الصناعية في صيانة واصلاح المنصات والحاويات المستخدمة في اعمال الشحن البري والبحري."
"C","الصناعة التحويلية","33","إصلاح وتركيب الآلات والمعدات","331","إصلاح المنتجات المعدنية المصنوعة والآلات والمعدات","3319","إصلاح المعدات الأخرى","331915","إصلاح أجهزة الألعاب التي تعمل بواسطة العملة المعدنية",
"C","الصناعة التحويلية","33","إصلاح وتركيب الآلات والمعدات","331","إصلاح المنتجات المعدنية المصنوعة والآلات والمعدات","3319","إصلاح المعدات الأخرى","331921","إصلاح وصيانة المعدات والتجهيزات الأمنية","""نشاط إصلاح وصيانة المعدات والتجهيزات الأمنية يشمل النشاط على (9) نشاط فرعي: (قيود الأيدي والأرجل بأنواعها/ معدات فتح الأبواب/أجهزة الكشف عن المخدرات/ معدات ووسائل التدريب المدنية/ الكشافات/ كمامات الغاز/ أجهزة إعاقة المركبات/ أجهزة تفتيش أسفل السيارات (مرايا التفتيش))"""
"C","الصناعة التحويلية","33","إصلاح وتركيب الآلات والمعدات","331","إصلاح المنتجات المعدنية المصنوعة والآلات والمعدات","3319","إصلاح المعدات الأخرى","331922","أعمال الإصلاح والصيانة لأدوات الحماية الفردية العسكرية","تشمل أدوات الحماية الفردية الخفيفة مثل بدلة الحماية،الدروع الفردية ، سترة واقية، خوذة واقية، واقي وجه مضاد للرصاص، وعصي كهربائية"
"C","الصناعة التحويلية","33","إصلاح وتركيب الآلات والمعدات","331","إصلاح المنتجات المعدنية المصنوعة والآلات والمعدات","3319","إصلاح المعدات الأخرى","331923","إصلاح وصيانة منتجات الفايبر قلاس",
"C","الصناعة التحويلية","33","إصلاح وتركيب الآلات والمعدات","332","تركيب الآلات والمعدات الصناعية","3320","تركيب الآلات والمعدات الصناعية","332011","تركيب الأجهزة الصناعية في المنشآت الصناعية",
"C","الصناعة التحويلية","33","إصلاح وتركيب الآلات والمعدات","332","تركيب الآلات والمعدات الصناعية","3320","تركيب الآلات والمعدات الصناعية","332012","تركيب معدات التحكم فى العمليات الصناعية",
"C","الصناعة التحويلية","33","إصلاح وتركيب الآلات والمعدات","332","تركيب الآلات والمعدات الصناعية","3320","تركيب الآلات والمعدات الصناعية","332013","تفكيك كامل للآلات والمعدات الكبيرة",
"C","الصناعة التحويلية","33","إصلاح وتركيب الآلات والمعدات","332","تركيب الآلات والمعدات الصناعية","3320","تركيب الآلات والمعدات الصناعية","332021","تركيب معدات الاتصالات",
"C","الصناعة التحويلية","33","إصلاح وتركيب الآلات والمعدات","332","تركيب الآلات والمعدات الصناعية","3320","تركيب الآلات والمعدات الصناعية","332022","تركيب الحواسيب المركزية",
"C","الصناعة التحويلية","33","إصلاح وتركيب الآلات والمعدات","332","تركيب الآلات والمعدات الصناعية","3320","تركيب الآلات والمعدات الصناعية","332023","تركيب المعدات والأجهزة الإشعاعية والطبية",
"C","الصناعة التحويلية","33","إصلاح وتركيب الآلات والمعدات","332","تركيب الآلات والمعدات الصناعية","3320","تركيب الآلات والمعدات الصناعية","332031","تركيب معدات لعبة البولينغ",
"C","الصناعة التحويلية","33","إصلاح وتركيب الآلات والمعدات","332","تركيب الآلات والمعدات الصناعية","3320","تركيب الآلات والمعدات الصناعية","332032","تركيب تجهيزات الآلات والمعدات",
"C","الصناعة التحويلية","33","إصلاح وتركيب الآلات والمعدات","332","تركيب الآلات والمعدات الصناعية","3320","تركيب الآلات والمعدات الصناعية","332033","تركيب ما يتعلق بأنشطة طواحين الحبوب",
"C","الصناعة التحويلية","33","إصلاح وتركيب الآلات والمعدات","332","تركيب الآلات والمعدات الصناعية","3320","تركيب الآلات والمعدات الصناعية","332034","تركيب معدات التحكم في التلوث",
"C","الصناعة التحويلية","33","إصلاح وتركيب الآلات والمعدات","332","تركيب الآلات والمعدات الصناعية","3320","تركيب الآلات والمعدات الصناعية","332035","تركيب أنظمة الرصد والمراقبة البيئية المستمرة وغير المستمرة",
"C","الصناعة التحويلية","33","إصلاح وتركيب الآلات والمعدات","332","تركيب الآلات والمعدات الصناعية","3320","تركيب الآلات والمعدات الصناعية","332036","تركيب الأجهزة والأدوات المعملية البيئية",
"E","إمدادات الكهرباء والغاز والبخار وتكييف الهواء","35","توصيل الكهرباء والغاز والبخار وتكييف الهواء","351","توليد الطاقة الكهربائية ونقلها وتوزيعها","3510","توليد الطاقة الكهربائية ونقلها وتوزيعها","351011","توليد الطاقة الكهربائية",
"E","إمدادات الكهرباء والغاز والبخار وتكييف الهواء","35","توصيل الكهرباء والغاز والبخار وتكييف الهواء","351","توليد الطاقة الكهربائية ونقلها وتوزيعها","3510","توليد الطاقة الكهربائية ونقلها وتوزيعها","351012","نقل الطاقة الكهربائية",
"E","إمدادات الكهرباء والغاز والبخار وتكييف الهواء","35","توصيل الكهرباء والغاز والبخار وتكييف الهواء","351","توليد الطاقة الكهربائية ونقلها وتوزيعها","3510","توليد الطاقة الكهربائية ونقلها وتوزيعها","351013","توزيع الطاقة الكهربائية وبيعها بالتجزئة",
"E","إمدادات الكهرباء والغاز والبخار وتكييف الهواء","35","توصيل الكهرباء والغاز والبخار وتكييف الهواء","351","توليد الطاقة الكهربائية ونقلها وتوزيعها","3510","توليد الطاقة الكهربائية ونقلها وتوزيعها","351014","توزيع الطاقة الكهربائية وبيعها بالجملة",
"E","إمدادات الكهرباء والغاز والبخار وتكييف الهواء","35","توصيل الكهرباء والغاز والبخار وتكييف الهواء","351","توليد الطاقة الكهربائية ونقلها وتوزيعها","3510","توليد الطاقة الكهربائية ونقلها وتوزيعها","351016","استيراد الطاقة الكهربائية وتصديرها","التعاقد مع الجهات خارج المملكة لغرض استيراد الطاقة الكهربائية أو تصديرها"
"E","إمدادات الكهرباء والغاز والبخار وتكييف الهواء","35","توصيل الكهرباء والغاز والبخار وتكييف الهواء","351","توليد الطاقة الكهربائية ونقلها وتوزيعها","3510","توليد الطاقة الكهربائية ونقلها وتوزيعها","351017","طرح مشاريع توليد الكهرباء، وشراء الكهرباء لغرض بيعها بالجملة","طرح مشاريع محطات توليد الكهرباء، والترسية على أفضل العروض، وتوقيع اتفاقيات شراء الطاقة الكهربائية والسعة مع الجهات الفائزة في عمليات الطرح المشار إليها، لغرض بيع الكهرباء بالجملة على المرخص لهم بالتوزيع"
"E","إمدادات الكهرباء والغاز والبخار وتكييف الهواء","35","توصيل الكهرباء والغاز والبخار وتكييف الهواء","351","توليد الطاقة الكهربائية ونقلها وتوزيعها","3510","توليد الطاقة الكهربائية ونقلها وتوزيعها","351018","شراء وبيع خدمات المنظومة الكهربائية","تأمين الخدمات الضرورية لدعم توزيع الطاقة الكهربائية وبيعها بالتجزئة من محطات توليد الكهرباء إلى المستهلكين والمحافظة على موثوقية شبكة نقل الكهرباء، مثل خدمات الاحتياطي التشغيلي والتحكم في التردد ودعم الجهد الكهربائي."
"E","إمدادات الكهرباء والغاز والبخار وتكييف الهواء","35","توصيل الكهرباء والغاز والبخار وتكييف الهواء","352","صنع غاز الاستصباح ، وتوزيع أنواع الوقود الغازية عن طريق انابيب رئيسية","3520","صنع غاز الاستصباح ، وتوزيع أنواع الوقود الغازية عن طريق انابيب رئيسية","352001","انتاج أنواع الوقود الغازية",
"E","إمدادات الكهرباء والغاز والبخار وتكييف الهواء","35","توصيل الكهرباء والغاز والبخار وتكييف الهواء","352","صنع غاز الاستصباح ، وتوزيع أنواع الوقود الغازية عن طريق انابيب رئيسية","3520","صنع غاز الاستصباح ، وتوزيع أنواع الوقود الغازية عن طريق انابيب رئيسية","352002","توزيع أنواع الوقود الغازية عن طريق المواسير",
"E","إمدادات الكهرباء والغاز والبخار وتكييف الهواء","35","توصيل الكهرباء والغاز والبخار وتكييف الهواء","352","صنع غاز الاستصباح ، وتوزيع أنواع الوقود الغازية عن طريق انابيب رئيسية","3520","صنع غاز الاستصباح ، وتوزيع أنواع الوقود الغازية عن طريق انابيب رئيسية","352003","صناعة غاز الاستصباح",
"E","إمدادات الكهرباء والغاز والبخار وتكييف الهواء","35","توصيل الكهرباء والغاز والبخار وتكييف الهواء","353","توصيل الوقود البخاري وتكييف الهواء","3530","توصيل الوقود البخاري وتكييف الهواء","353002","إنتاج وتوزيع الهواء المبرد",
"E","إمدادات الكهرباء والغاز والبخار وتكييف الهواء","35","توصيل الكهرباء والغاز والبخار وتكييف الهواء","353","توصيل الوقود البخاري وتكييف الهواء","3530","توصيل الوقود البخاري وتكييف الهواء","353003","إنتاج وتوزيع المياة المبردة لأغراض التبريد",
"E","إمدادات الكهرباء والغاز والبخار وتكييف الهواء","35","توصيل الكهرباء والغاز والبخار وتكييف الهواء","353","توصيل الوقود البخاري وتكييف الهواء","3530","توصيل الوقود البخاري وتكييف الهواء","353004","إنتاج الثلج المستخدم في التبريد",
"E","إمدادات الكهرباء والغاز والبخار وتكييف الهواء","35","توصيل الكهرباء والغاز والبخار وتكييف الهواء","353","توصيل الوقود البخاري وتكييف الهواء","3530","توصيل الوقود البخاري وتكييف الهواء","353005","إنتاج الثلج للاستخدام الادمي","انتاج الثلج من مياه نقية"
"Q","إمدادات المياه وأنشطة الصرف الصحي وإدارة النفايات ومعالجتها","36","تجميع المياه ومعالجتها وتوصيلها","360","تجميع المياه ومٌعالجتها وتوصيلها","3600","تجميع المياه ومٌعالجتها وتوصيلها","360011","استخراج المياه غير الصالحة للشرب","ضح مياه الابار الخام وتوزيعها من خلال الأشياب"
"Q","إمدادات المياه وأنشطة الصرف الصحي وإدارة النفايات ومعالجتها","36","تجميع المياه ومعالجتها وتوصيلها","360","تجميع المياه ومٌعالجتها وتوصيلها","3600","تجميع المياه ومٌعالجتها وتوصيلها","360012","تنقية المياه","إنتاج المياه عن طريق تنقية مياه الآبار أو السدود من خلال إزالة ملوثاتها وكل ملوحتها أو جزء منها عبر سلسلة من العمليات الصناعية، من خلال محطات التنقية؛ لتحويلها إلى مياه نقية صالحة للاستخدامات الحضرية، والصناعية، والزراعية"
"Q","إمدادات المياه وأنشطة الصرف الصحي وإدارة النفايات ومعالجتها","36","تجميع المياه ومعالجتها وتوصيلها","360","تجميع المياه ومٌعالجتها وتوصيلها","3600","تجميع المياه ومٌعالجتها وتوصيلها","360013","تحلية المياه","إنتاج المياه عن طريق تحلية مياه البحر، من خلال إزالة ملوثاتها وكل ملوحتها أو جزء منها عبر سلسلة من العمليات الصناعية، من خلال محطات التحلية؛ لتحويلها إلى مياه صالحة للاستخدامات الحضرية، والصناعية، والزراعية"
"Q","إمدادات المياه وأنشطة الصرف الصحي وإدارة النفايات ومعالجتها","36","تجميع المياه ومعالجتها وتوصيلها","360","تجميع المياه ومٌعالجتها وتوصيلها","3600","تجميع المياه ومٌعالجتها وتوصيلها","360014","نقل وتوزيع المياه","عملية إيصال المياه من مواقع إنتاجها، أو مواقع تسلمها إلى المستفيدين أو المستهلكين، عن طريق الشبكات أو الصهاريج أو أي وسيلةٍ أخرى مناسبة"
"Q","إمدادات المياه وأنشطة الصرف الصحي وإدارة النفايات ومعالجتها","36","تجميع المياه ومعالجتها وتوصيلها","360","تجميع المياه ومٌعالجتها وتوصيلها","3600","تجميع المياه ومٌعالجتها وتوصيلها","360016","توزيع المياه المعالجة","عملية إيصال المياه المعالجة من مواقع معالجتها، أو مواقع تسلمها إلى المستفيدين أو المستهلكين، عن طريق الشبكات أو الصهاريج أو أي وسيلةٍ أخرى مناسبة"
"Q","إمدادات المياه وأنشطة الصرف الصحي وإدارة النفايات ومعالجتها","37","الصرف الصحي","370","الصرفٌ الصحي","3700","الصرفٌ الصحي","370001","تجميع ونقل مياه الصرف الصحي","تجميع ونقل مياه الصرف الصحي من خلال شبكات التجميع وخطوط نقل مياه الصرف وملحقاتها التي يتم إنشائها أو تملكها من قبل المرخص له ، بالإضافة لاستخدام الصهاريج"
"Q","إمدادات المياه وأنشطة الصرف الصحي وإدارة النفايات ومعالجتها","37","الصرف الصحي","370","الصرفٌ الصحي","3700","الصرفٌ الصحي","370002","تشغيل شبكات ومرافق معالجة الصرف الصحي","تشغيل مرافق شبكات الصرف الصحي أو معالجة الصرف الصحي معالجة مياه الصبيب (بما في ذلك الصبيب الآدمي والصناعي ) بالطرق المادية أو الكيميائية أو البيولوجية مثل التحليل والتصفية والفلترة والترسيب، إلخ ، صيانة وتنظيف المجارير والبالوعات بما في ذلك الأنابيب."
"Q","إمدادات المياه وأنشطة الصرف الصحي وإدارة النفايات ومعالجتها","38","أنشطة جمع النفايات ومعالجتها وتصريفها ، واسترجاع المواد","381","جمع القمامة","3811","جمع النفايات غير الخطرة","381101","خدمات جمع النفايات البلدية",
"Q","إمدادات المياه وأنشطة الصرف الصحي وإدارة النفايات ومعالجتها","38","أنشطة جمع النفايات ومعالجتها وتصريفها ، واسترجاع المواد","381","جمع القمامة","3811","جمع النفايات غير الخطرة","381103","جمع المواد لإعادة التصنيع",
"Q","إمدادات المياه وأنشطة الصرف الصحي وإدارة النفايات ومعالجتها","38","أنشطة جمع النفايات ومعالجتها وتصريفها ، واسترجاع المواد","381","جمع القمامة","3811","جمع النفايات غير الخطرة","381104","نقل النفايات الصناعية الغير خطرة",
"Q","إمدادات المياه وأنشطة الصرف الصحي وإدارة النفايات ومعالجتها","38","أنشطة جمع النفايات ومعالجتها وتصريفها ، واسترجاع المواد","381","جمع القمامة","3811","جمع النفايات غير الخطرة","381105","نقل نفايات البلدية",
"Q","إمدادات المياه وأنشطة الصرف الصحي وإدارة النفايات ومعالجتها","38","أنشطة جمع النفايات ومعالجتها وتصريفها ، واسترجاع المواد","381","جمع القمامة","3811","جمع النفايات غير الخطرة","381106","تجميع زيوت الطعام المستخدمة",
"Q","إمدادات المياه وأنشطة الصرف الصحي وإدارة النفايات ومعالجتها","38","أنشطة جمع النفايات ومعالجتها وتصريفها ، واسترجاع المواد","381","جمع القمامة","3812","جمع النفايات الخطرة","381201","جمع ونقل النفايات الخطرة للزيوت المستعملة من منتجي هذه النفايات",
"Q","إمدادات المياه وأنشطة الصرف الصحي وإدارة النفايات ومعالجتها","38","أنشطة جمع النفايات ومعالجتها وتصريفها ، واسترجاع المواد","381","جمع القمامة","3812","جمع النفايات الخطرة","381202","نقل النفايات الطبية الخطرة",
"Q","إمدادات المياه وأنشطة الصرف الصحي وإدارة النفايات ومعالجتها","38","أنشطة جمع النفايات ومعالجتها وتصريفها ، واسترجاع المواد","381","جمع القمامة","3812","جمع النفايات الخطرة","381203","جمع ونقل النفايات الناتجة عن أعمال المكافحة والتنظيف للبيئة البحرية والساحلية",
"Q","إمدادات المياه وأنشطة الصرف الصحي وإدارة النفايات ومعالجتها","38","أنشطة جمع النفايات ومعالجتها وتصريفها ، واسترجاع المواد","381","جمع القمامة","3812","جمع النفايات الخطرة","381204","نقل النفايات الخطرة",
"Q","إمدادات المياه وأنشطة الصرف الصحي وإدارة النفايات ومعالجتها","38","أنشطة جمع النفايات ومعالجتها وتصريفها ، واسترجاع المواد","381","جمع القمامة","3812","جمع النفايات الخطرة","381205","نقل نفايات الاسبستوس",
"Q","إمدادات المياه وأنشطة الصرف الصحي وإدارة النفايات ومعالجتها","38","أنشطة جمع النفايات ومعالجتها وتصريفها ، واسترجاع المواد","381","جمع القمامة","3812","جمع النفايات الخطرة","381206","نقل الزيت من واسطة بحرية إلى أخرى داخل عرض البحر أو من مواقع تجميع الزيوت داخل البحر في حالات التلوث",
"Q","إمدادات المياه وأنشطة الصرف الصحي وإدارة النفايات ومعالجتها","38","أنشطة جمع النفايات ومعالجتها وتصريفها ، واسترجاع المواد","382","معالجة النفايات وتصريفها","3821","معالجة النفايات غير الخطرة وتصريفها","382101","تشغيل أماكن إلقاء النفايات البلدية لأغراض التصرف فيها",
"Q","إمدادات المياه وأنشطة الصرف الصحي وإدارة النفايات ومعالجتها","38","أنشطة جمع النفايات ومعالجتها وتصريفها ، واسترجاع المواد","382","معالجة النفايات وتصريفها","3821","معالجة النفايات غير الخطرة وتصريفها","382102","تصريف النفايات البلدية عن طريق الردم الصحي أو الحرق بغرض إنتاج الكهرباء أو البخار أو أنواع الوقود البديلة أو الغاز الحيوي أو الرماد أو منتجات ثانوية أخرى",
"Q","إمدادات المياه وأنشطة الصرف الصحي وإدارة النفايات ومعالجتها","38","أنشطة جمع النفايات ومعالجتها وتصريفها ، واسترجاع المواد","382","معالجة النفايات وتصريفها","3821","معالجة النفايات غير الخطرة وتصريفها","382103","معالجة النفايات العضوية بغرض تصريفها",
"Q","إمدادات المياه وأنشطة الصرف الصحي وإدارة النفايات ومعالجتها","38","أنشطة جمع النفايات ومعالجتها وتصريفها ، واسترجاع المواد","382","معالجة النفايات وتصريفها","3821","معالجة النفايات غير الخطرة وتصريفها","382104","إنتاج السماد من المواد العضوية",
"Q","إمدادات المياه وأنشطة الصرف الصحي وإدارة النفايات ومعالجتها","38","أنشطة جمع النفايات ومعالجتها وتصريفها ، واسترجاع المواد","382","معالجة النفايات وتصريفها","3821","معالجة النفايات غير الخطرة وتصريفها","382105","تخزين النفايات الصناعية الغير خطرة",
"Q","إمدادات المياه وأنشطة الصرف الصحي وإدارة النفايات ومعالجتها","38","أنشطة جمع النفايات ومعالجتها وتصريفها ، واسترجاع المواد","382","معالجة النفايات وتصريفها","3821","معالجة النفايات غير الخطرة وتصريفها","382106","التخلص النهائي من النفايات الصناعية الغير خطرة",
"Q","إمدادات المياه وأنشطة الصرف الصحي وإدارة النفايات ومعالجتها","38","أنشطة جمع النفايات ومعالجتها وتصريفها ، واسترجاع المواد","382","معالجة النفايات وتصريفها","3822","معالجة النفايات الخطرة وتصريفها","382201","تشغيل مرافق معالجة النفايات الخطرة",
"Q","إمدادات المياه وأنشطة الصرف الصحي وإدارة النفايات ومعالجتها","38","أنشطة جمع النفايات ومعالجتها وتصريفها ، واسترجاع المواد","382","معالجة النفايات وتصريفها","3822","معالجة النفايات الخطرة وتصريفها","382202","تشغيل مرافق معالجة النفايات الطبية الخطرة",
"Q","إمدادات المياه وأنشطة الصرف الصحي وإدارة النفايات ومعالجتها","38","أنشطة جمع النفايات ومعالجتها وتصريفها ، واسترجاع المواد","382","معالجة النفايات وتصريفها","3822","معالجة النفايات الخطرة وتصريفها","382203","التخلص النهائي من النفايات الخطرة",
"Q","إمدادات المياه وأنشطة الصرف الصحي وإدارة النفايات ومعالجتها","38","أنشطة جمع النفايات ومعالجتها وتصريفها ، واسترجاع المواد","382","معالجة النفايات وتصريفها","3822","معالجة النفايات الخطرة وتصريفها","382204","تخزين النفايات الصناعية الخطرة",
"Q","إمدادات المياه وأنشطة الصرف الصحي وإدارة النفايات ومعالجتها","38","أنشطة جمع النفايات ومعالجتها وتصريفها ، واسترجاع المواد","382","معالجة النفايات وتصريفها","3822","معالجة النفايات الخطرة وتصريفها","382205","تخزين النفايات الطبية الخطرة",
"Q","إمدادات المياه وأنشطة الصرف الصحي وإدارة النفايات ومعالجتها","38","أنشطة جمع النفايات ومعالجتها وتصريفها ، واسترجاع المواد","382","معالجة النفايات وتصريفها","3822","معالجة النفايات الخطرة وتصريفها","382206","تخزين الزيوت المستعملة","نشاط التخزين المؤقت للنفايات الخطرة"
"Q","إمدادات المياه وأنشطة الصرف الصحي وإدارة النفايات ومعالجتها","38","أنشطة جمع النفايات ومعالجتها وتصريفها ، واسترجاع المواد","382","معالجة النفايات وتصريفها","3822","معالجة النفايات الخطرة وتصريفها","382207","التخلص النهائي من الزيوت المستعملة",
"Q","إمدادات المياه وأنشطة الصرف الصحي وإدارة النفايات ومعالجتها","38","أنشطة جمع النفايات ومعالجتها وتصريفها ، واسترجاع المواد","382","معالجة النفايات وتصريفها","3822","معالجة النفايات الخطرة وتصريفها","382208","تشغيل مرافق معالجة الزيوت المستعملة",
"Q","إمدادات المياه وأنشطة الصرف الصحي وإدارة النفايات ومعالجتها","38","أنشطة جمع النفايات ومعالجتها وتصريفها ، واسترجاع المواد","383","استرجاع المواد","3830","استرجاع المواد","383001","تجهيز النفايات والخردة الفلزية وأصناف المعادن لاستخدامها كمواد أولية",
"Q","إمدادات المياه وأنشطة الصرف الصحي وإدارة النفايات ومعالجتها","38","أنشطة جمع النفايات ومعالجتها وتصريفها ، واسترجاع المواد","383","استرجاع المواد","3830","استرجاع المواد","383002","فصل وفرز النفايات والخردة الفلزية وأصناف المعادن لاستخدامها كمواد أولية",
"Q","إمدادات المياه وأنشطة الصرف الصحي وإدارة النفايات ومعالجتها","38","أنشطة جمع النفايات ومعالجتها وتصريفها ، واسترجاع المواد","383","استرجاع المواد","3830","استرجاع المواد","383005","التدوير وإعادة استخدام النفايات البلدية","تصريح منشآت تدوير النفايات"
"Q","إمدادات المياه وأنشطة الصرف الصحي وإدارة النفايات ومعالجتها","38","أنشطة جمع النفايات ومعالجتها وتصريفها ، واسترجاع المواد","383","استرجاع المواد","3830","استرجاع المواد","383006","التدوير وإعادة استخدام النفايات الخطرة",
"Q","إمدادات المياه وأنشطة الصرف الصحي وإدارة النفايات ومعالجتها","38","أنشطة جمع النفايات ومعالجتها وتصريفها ، واسترجاع المواد","383","استرجاع المواد","3830","استرجاع المواد","383007","التدوير وإعادة استخدام النفايات الصناعية الغير خطرة",
"Q","إمدادات المياه وأنشطة الصرف الصحي وإدارة النفايات ومعالجتها","38","أنشطة جمع النفايات ومعالجتها وتصريفها ، واسترجاع المواد","383","استرجاع المواد","3830","استرجاع المواد","383008","التدوير وإعادة استخدام الزيوت والنفايات البترولية",
"Q","إمدادات المياه وأنشطة الصرف الصحي وإدارة النفايات ومعالجتها","38","أنشطة جمع النفايات ومعالجتها وتصريفها ، واسترجاع المواد","383","استرجاع المواد","3830","استرجاع المواد","383011","استعادة المطاط من الاطارات المستهلكة على شكل بودرة أو حبيبات","عملية تحويل الإطارات المستعملة والبالية إلى مواد خام قابلة لإعادة الاستخدام. يتم ذلك عن طريق تقطيع الإطارات إلى أجزاء صغيرة ثم طحنها وفرزها للحصول على بودرة أو حبيبات مطاطية."
"Q","إمدادات المياه وأنشطة الصرف الصحي وإدارة النفايات ومعالجتها","39","أنشطة المعالجة وخدمات إدارة النفايات الأخرى","390","أنشطة المٌعالجة وخدمات إدارة النفايات الأخرى","3900","أنشطة المٌعالجة وخدمات إدارة النفايات الأخرى","390001","تطهير وإعادة تأهيل التربة في مواقع التلوث",
"Q","إمدادات المياه وأنشطة الصرف الصحي وإدارة النفايات ومعالجتها","39","أنشطة المعالجة وخدمات إدارة النفايات الأخرى","390","أنشطة المٌعالجة وخدمات إدارة النفايات الأخرى","3900","أنشطة المٌعالجة وخدمات إدارة النفايات الأخرى","390002","تنظيف وتطهير وإعادة تأهيل الشواطئ من الملوثات",
"Q","إمدادات المياه وأنشطة الصرف الصحي وإدارة النفايات ومعالجتها","39","أنشطة المعالجة وخدمات إدارة النفايات الأخرى","390","أنشطة المٌعالجة وخدمات إدارة النفايات الأخرى","3900","أنشطة المٌعالجة وخدمات إدارة النفايات الأخرى","390003","إزالة الملوثات عن المياه الجوفية",
"Q","إمدادات المياه وأنشطة الصرف الصحي وإدارة النفايات ومعالجتها","39","أنشطة المعالجة وخدمات إدارة النفايات الأخرى","390","أنشطة المٌعالجة وخدمات إدارة النفايات الأخرى","3900","أنشطة المٌعالجة وخدمات إدارة النفايات الأخرى","390004","مكافحة التلوث بالزيت أو المواد الكيميائية أو المواد الضارة",
"Q","إمدادات المياه وأنشطة الصرف الصحي وإدارة النفايات ومعالجتها","39","أنشطة المعالجة وخدمات إدارة النفايات الأخرى","390","أنشطة المٌعالجة وخدمات إدارة النفايات الأخرى","3900","أنشطة المٌعالجة وخدمات إدارة النفايات الأخرى","390005","تفكيك وتخزين الاسبستوس",
"Q","إمدادات المياه وأنشطة الصرف الصحي وإدارة النفايات ومعالجتها","39","أنشطة المعالجة وخدمات إدارة النفايات الأخرى","390","أنشطة المٌعالجة وخدمات إدارة النفايات الأخرى","3900","أنشطة المٌعالجة وخدمات إدارة النفايات الأخرى","390006","إزالة الألغام وما شابهها ، يشمل ( تفجير الألغام )",
"Q","إمدادات المياه وأنشطة الصرف الصحي وإدارة النفايات ومعالجتها","39","أنشطة المعالجة وخدمات إدارة النفايات الأخرى","390","أنشطة المٌعالجة وخدمات إدارة النفايات الأخرى","3900","أنشطة المٌعالجة وخدمات إدارة النفايات الأخرى","390007","التخلص من الاسبستوس",
"R","التشييد","41","تشييد المباني","410","تشييدٌ المباني","4100","تشييدٌ المباني","410010","الإنشاءات العامة للمباني السكنية",
"R","التشييد","41","تشييد المباني","410","تشييدٌ المباني","4100","تشييدٌ المباني","410021","الانشاءات العامة للمباني غير السكنية (مثل المدارس والمستشفيات والفنادق ....الخ)",
"R","التشييد","41","تشييد المباني","410","تشييدٌ المباني","4100","تشييدٌ المباني","410022","إنشاء المطارات ومرافقها","ترخيص للكيانات والإشراف على انشاء المطارات بما يشمل المباني والمنشآت والمعدات المخصصة كليا أو جزئيا لخدمة الركاب و الطائرات"
"R","التشييد","41","تشييد المباني","410","تشييدٌ المباني","4100","تشييدٌ المباني","410023","الإنشاءات العامة للمباني الحكومية",
"R","التشييد","41","تشييد المباني","410","تشييدٌ المباني","4100","تشييدٌ المباني","410030","إنشاءات المباني الجاهزة في المواقع",
"R","التشييد","41","تشييد المباني","410","تشييدٌ المباني","4100","تشييدٌ المباني","410040","ترميمات المباني السكنية والغير سكنية",
"R","التشييد","42","الهندسة المدنية","421","إنشاء الطرق وخطوط السكك الحديدية","4210","إنشاء الطرق وخطوط السكك الحديدية","421010","إنشاء الطرق والشوارع والارصفة ومستلزمات الطرق",
"R","التشييد","42","الهندسة المدنية","421","إنشاء الطرق وخطوط السكك الحديدية","4210","إنشاء الطرق وخطوط السكك الحديدية","421020","إنشاء الجسور والانفاق",
"R","التشييد","42","الهندسة المدنية","421","إنشاء الطرق وخطوط السكك الحديدية","4210","إنشاء الطرق وخطوط السكك الحديدية","421030","إنشاء خطوط السكك الحديدية",
"R","التشييد","42","الهندسة المدنية","421","إنشاء الطرق وخطوط السكك الحديدية","4210","إنشاء الطرق وخطوط السكك الحديدية","421040","إنشاء مهابط الطائرات","ترخيص للكيانات والإشراف على انشاء المهابط والمعدات المخصصة كليا أو جزئيا لوصول الطائرات او تحركها او مغادرتها"
"R","التشييد","42","الهندسة المدنية","421","إنشاء الطرق وخطوط السكك الحديدية","4210","إنشاء الطرق وخطوط السكك الحديدية","421051","إصلاح وصيانة الطرق والشوارع والأرصفة ومستلزمات الطرق",
"R","التشييد","42","الهندسة المدنية","421","إنشاء الطرق وخطوط السكك الحديدية","4210","إنشاء الطرق وخطوط السكك الحديدية","421052","إصلاح وصيانة الجسور والأنفاق",
"R","التشييد","42","الهندسة المدنية","422","تشييد المشاريع الخاصة بالمنافع","4220","تشييد المشاريع الخاصة بالمنافع","422010","تمديد الانابيب باختلاف انواعها للكهرباء والاتصالات وغيرها",
"R","التشييد","42","الهندسة المدنية","422","تشييد المشاريع الخاصة بالمنافع","4220","تشييد المشاريع الخاصة بالمنافع","422020","تمديد انابيب النفط والغاز",
"R","التشييد","42","الهندسة المدنية","422","تشييد المشاريع الخاصة بالمنافع","4220","تشييد المشاريع الخاصة بالمنافع","422031","تمديدات خطوط المياه بين المدن وداخلها وإنشاء شبكات جديدة",
"R","التشييد","42","الهندسة المدنية","422","تشييد المشاريع الخاصة بالمنافع","4220","تشييد المشاريع الخاصة بالمنافع","422032","إنشاء المحطات والخطوط الرئيسية لتوزيع المياه",
"R","التشييد","42","الهندسة المدنية","422","تشييد المشاريع الخاصة بالمنافع","4220","تشييد المشاريع الخاصة بالمنافع","422033","إصلاح وصيانة المحطات والشبكات والخطوط الرئيسية لتوزيع المياه",
"R","التشييد","42","الهندسة المدنية","422","تشييد المشاريع الخاصة بالمنافع","4220","تشييد المشاريع الخاصة بالمنافع","422041","إنشاء قنوات الري والسقي وأبراج تخزين المياه الرئيسية",
"R","التشييد","42","الهندسة المدنية","422","تشييد المشاريع الخاصة بالمنافع","4220","تشييد المشاريع الخاصة بالمنافع","422042","حفر آبار المياه الأنبوبية",
"R","التشييد","42","الهندسة المدنية","422","تشييد المشاريع الخاصة بالمنافع","4220","تشييد المشاريع الخاصة بالمنافع","422043","حفر آبار المياه اليدوية",
"R","التشييد","42","الهندسة المدنية","422","تشييد المشاريع الخاصة بالمنافع","4220","تشييد المشاريع الخاصة بالمنافع","422044","إصلاح وصيانة قنوات الري والسقي وأبراج تخزين المياه الرئيسية",
"R","التشييد","42","الهندسة المدنية","422","تشييد المشاريع الخاصة بالمنافع","4220","تشييد المشاريع الخاصة بالمنافع","422045","إصلاح وصيانة محطات ومشاريع الصرف الصحي وشبكات المجاري والمضخات",
"R","التشييد","42","الهندسة المدنية","422","تشييد المشاريع الخاصة بالمنافع","4220","تشييد المشاريع الخاصة بالمنافع","422046","إصلاح وصيانة محطات الطاقة الكهربائية والمحولات",
"R","التشييد","42","الهندسة المدنية","422","تشييد المشاريع الخاصة بالمنافع","4220","تشييد المشاريع الخاصة بالمنافع","422047","إصلاح وصيانة محطات وأبراج الاتصالات السلكية واللاسلكية والرادار",
"R","التشييد","42","الهندسة المدنية","422","تشييد المشاريع الخاصة بالمنافع","4220","تشييد المشاريع الخاصة بالمنافع","422050","إنشاء محطات ومشاريع الصرف الصحي وشبكات المجاري والمضخات",
"R","التشييد","42","الهندسة المدنية","422","تشييد المشاريع الخاصة بالمنافع","4220","تشييد المشاريع الخاصة بالمنافع","422060","إنشاء وإقامة محطات الطاقة الكهربائية والمحولات",
"R","التشييد","42","الهندسة المدنية","422","تشييد المشاريع الخاصة بالمنافع","4220","تشييد المشاريع الخاصة بالمنافع","422070","إنشاء وإقامة محطات وأبراج الاتصالات السلكية واللاسلكية والرادار",
"R","التشييد","42","الهندسة المدنية","429","أعمال التشييد المتعلقة بمشاريع الهندسة المدنية الأخرى","4290","أعمال التشييد المتعلقة بمشاريع الهندسة المدنية الأخرى","429010","إنشاء محطات التكرير والبتروكيماويات والمصافي",
"R","التشييد","42","الهندسة المدنية","429","أعمال التشييد المتعلقة بمشاريع الهندسة المدنية الأخرى","4290","أعمال التشييد المتعلقة بمشاريع الهندسة المدنية الأخرى","429020","إنشاء أرصفة الموانئ والمرافق البحرية","هو نشاط اقتصادي يتضمن بناء أرصفة الموانئ والمرافق البحرية والبنية التحتية ذات الصلة، ويشمل الأعمال والخدمات المتعلقة بتطوير، وإنشاء أرصفة الموانئ والمرافق البحرية. ويتضمن هذا النشاط إجراءات البناء والتشييد، والتجهيزات الهندسية والتقنية المتعلقة بالموانئ والمرافق البحرية، مثل التجريف، وبناء المرافق البحرية مثل الأرصفة والمحطات، ، والتحسينات الهيكلية والميكانيكية للموانئ والمرافق البحرية بالإضافة إلى إنشاء واستخدام الأرصفة الخاصة بالشركات خارج حدود الموانئ العامة من أجل استخدامها لتصدير منتجاتها"
"R","التشييد","42","الهندسة المدنية","429","أعمال التشييد المتعلقة بمشاريع الهندسة المدنية الأخرى","4290","أعمال التشييد المتعلقة بمشاريع الهندسة المدنية الأخرى","429030","إنشاء المواني والمراسي السياحية (المارينا)",
"R","التشييد","42","الهندسة المدنية","429","أعمال التشييد المتعلقة بمشاريع الهندسة المدنية الأخرى","4290","أعمال التشييد المتعلقة بمشاريع الهندسة المدنية الأخرى","429040","إنشاء السدود",
"R","التشييد","42","الهندسة المدنية","429","أعمال التشييد المتعلقة بمشاريع الهندسة المدنية الأخرى","4290","أعمال التشييد المتعلقة بمشاريع الهندسة المدنية الأخرى","429050","تنظيف الممرات المائية",
"R","التشييد","42","الهندسة المدنية","429","أعمال التشييد المتعلقة بمشاريع الهندسة المدنية الأخرى","4290","أعمال التشييد المتعلقة بمشاريع الهندسة المدنية الأخرى","429060","إنشاء كاسرات الأمواج والحماية للأرصفة",
"R","التشييد","42","الهندسة المدنية","429","أعمال التشييد المتعلقة بمشاريع الهندسة المدنية الأخرى","4290","أعمال التشييد المتعلقة بمشاريع الهندسة المدنية الأخرى","429071","الانشاءات العامة الرياضية وتشمل الملاعب",
"R","التشييد","42","الهندسة المدنية","429","أعمال التشييد المتعلقة بمشاريع الهندسة المدنية الأخرى","4290","أعمال التشييد المتعلقة بمشاريع الهندسة المدنية الأخرى","429072","أعمال تشييد الميادين العسكرية","تشمل جميع أنواع الميادين العسكرية"
"R","التشييد","42","الهندسة المدنية","429","أعمال التشييد المتعلقة بمشاريع الهندسة المدنية الأخرى","4290","أعمال التشييد المتعلقة بمشاريع الهندسة المدنية الأخرى","429073","إصلاح وصيانة السدود",
"R","التشييد","42","الهندسة المدنية","429","أعمال التشييد المتعلقة بمشاريع الهندسة المدنية الأخرى","4290","أعمال التشييد المتعلقة بمشاريع الهندسة المدنية الأخرى","429074","إصلاح وصيانة أرصفة الموانئ والمرافق البحرية",
"R","التشييد","42","الهندسة المدنية","429","أعمال التشييد المتعلقة بمشاريع الهندسة المدنية الأخرى","4290","أعمال التشييد المتعلقة بمشاريع الهندسة المدنية الأخرى","429075","الإشارات الضوئية البحرية (المساعدات الملاحية)","هو نشاط اقتصادي يسمح بتقديم خدمات صيانة وتركيب وسائل المساعدات الملاحية مثل: الإشارات الضوئية، والعوامات، والمنارات، وغيرها، لضمان سلامة ملاحة السفن في مياه المملكة وفق المعايير المحلية والدولية، مما يعزز أمن وسلامة وكفاءة الملاحة والبيئة البحرية"
"R","التشييد","43","أنشطة التشييد المتخصصة","431","أعمال الهدم وتحضير المواقع","4311","الهدم","431101","هدم وإزالة المباني وغيرها",
"R","التشييد","43","أنشطة التشييد المتخصصة","431","أعمال الهدم وتحضير المواقع","4312","تحضير الموقع","431210","اعداد وتجهيز المواقع من الحفر والتسوية",
"R","التشييد","43","أنشطة التشييد المتخصصة","431","أعمال الهدم وتحضير المواقع","4312","تحضير الموقع","431220","صب القواعد والاساسات",
"R","التشييد","43","أنشطة التشييد المتخصصة","431","أعمال الهدم وتحضير المواقع","4312","تحضير الموقع","431230","سحب المياه الجوفية وتجفيف المواقع",
"R","التشييد","43","أنشطة التشييد المتخصصة","431","أعمال الهدم وتحضير المواقع","4312","تحضير الموقع","431240","القطع الصخري باستخدام المواد المتفجرة","الشركات والمؤسسات الراغبة في أعمال إزالة الصخور باستخدام المتفجرات المدنية في القطاعات (الانشائية والعمرانية - المناجم والمحاجر - حفر الأبار - المسح الزلزالي)"
"R","التشييد","43","أنشطة التشييد المتخصصة","432","أعمال الكهرباء والسباكة وغيرها من الأنشطة الإنشائية","4321","التركيبات الكهربائية","432111","تمديد الاسلاك الكهربائية",
"R","التشييد","43","أنشطة التشييد المتخصصة","432","أعمال الكهرباء والسباكة وغيرها من الأنشطة الإنشائية","4321","التركيبات الكهربائية","432112","تمديد اسلاك الاتصالات",
"R","التشييد","43","أنشطة التشييد المتخصصة","432","أعمال الكهرباء والسباكة وغيرها من الأنشطة الإنشائية","4321","التركيبات الكهربائية","432113","تمديدات الشبكات",
"R","التشييد","43","أنشطة التشييد المتخصصة","432","أعمال الكهرباء والسباكة وغيرها من الأنشطة الإنشائية","4321","التركيبات الكهربائية","432121","تركيب وتمديد شبكات التلفزيون والستلايت",
"R","التشييد","43","أنشطة التشييد المتخصصة","432","أعمال الكهرباء والسباكة وغيرها من الأنشطة الإنشائية","4321","التركيبات الكهربائية","432122","تركيب وتمديد شبكات الكمبيوتر والاتصالات",
"R","التشييد","43","أنشطة التشييد المتخصصة","432","أعمال الكهرباء والسباكة وغيرها من الأنشطة الإنشائية","4321","التركيبات الكهربائية","432131","تركيب انظمة الاضاءة",
"R","التشييد","43","أنشطة التشييد المتخصصة","432","أعمال الكهرباء والسباكة وغيرها من الأنشطة الإنشائية","4321","التركيبات الكهربائية","432132","تركيب وصيانة أجهزة ومعدات الإنذار من الحريق","نشاط تركيب وصيانة أجهزة ومعدات الإنذار من الحريق"
"R","التشييد","43","أنشطة التشييد المتخصصة","432","أعمال الكهرباء والسباكة وغيرها من الأنشطة الإنشائية","4321","التركيبات الكهربائية","432134","تركيب وصيانة الأجهزة الأمنية","نشاط تركيب وصيانة الأجهزة الأمنية يشمل النشاط على (7) أنشطة فرعية : (كاميرات المراقبة الأمنية/أنظمة الدوائر التليفزيونية المغلقة/أجهزة وأنظمة الإنذار ضد السرقة /أجهزة وبوابات الكشف عن المعادن/أجهزة تفتيش الحقائب والطرود /أجهزة بوابات الدخول والخروج بالبطاقات الممغنطة والبصمة/السياج الأمني)"
"R","التشييد","43","أنشطة التشييد المتخصصة","432","أعمال الكهرباء والسباكة وغيرها من الأنشطة الإنشائية","4321","التركيبات الكهربائية","432135","تركيب وصيانة أجهزة السلامة المرورية","تركيب وصيانة أجهزة السلامة المرورية ييشمل النشاط على (9) أنشطة فرعية: اللوحات الإرشادية والتحذيرية والتنظيمية (المعدنية والمضاءة) بجميع أنواعها الثابتة والمتحركة. / وسائل السلامة والتوعية المرورية. / معدات تنظيم المرور الثابتة والمتحركة والمعدنية والمضاءة والعاكسة. / السفتيات الصغيرة (الدائرية). /الأعمال الكهربائية فيما يتعلق بصيانة وتركيب لوحات الإرشادات الضوئية. / أجهزة مراقبة السرعة./ الأجهزة الالكترونية للدلالة على حالة الطريق. /أجهزة كاميرات ضبط السرعة./ أجهزة التحكم بالإشارات الضوئية وما يدخل في حكمها."
"R","التشييد","43","أنشطة التشييد المتخصصة","432","أعمال الكهرباء والسباكة وغيرها من الأنشطة الإنشائية","4322","أعمال السباكة والتدفئة وتكييف الهواء","432210","تركيب انظمة التدفئة بالكهرباء اوالغاز اوالزيت وصيانتها واصلاحها",
"R","التشييد","43","أنشطة التشييد المتخصصة","432","أعمال الكهرباء والسباكة وغيرها من الأنشطة الإنشائية","4322","أعمال السباكة والتدفئة وتكييف الهواء","432220","تركيب شبكات الطاقة الشمسية وصيانتها واصلاحها",
"R","التشييد","43","أنشطة التشييد المتخصصة","432","أعمال الكهرباء والسباكة وغيرها من الأنشطة الإنشائية","4322","أعمال السباكة والتدفئة وتكييف الهواء","432230","تركيب الادوات الصحية وصيانتها واصلاحها",
"R","التشييد","43","أنشطة التشييد المتخصصة","432","أعمال الكهرباء والسباكة وغيرها من الأنشطة الإنشائية","4322","أعمال السباكة والتدفئة وتكييف الهواء","432240","تركيب انظمة التبريد وتكييف الهواء وصيانتها واصلاحها",
"R","التشييد","43","أنشطة التشييد المتخصصة","432","أعمال الكهرباء والسباكة وغيرها من الأنشطة الإنشائية","4322","أعمال السباكة والتدفئة وتكييف الهواء","432251","تمديدات انابيب الغاز وصيانتها واصلاحها",
"R","التشييد","43","أنشطة التشييد المتخصصة","432","أعمال الكهرباء والسباكة وغيرها من الأنشطة الإنشائية","4322","أعمال السباكة والتدفئة وتكييف الهواء","432252","تمديدات انابيب البخار وصيانتها واصلاحها",
"R","التشييد","43","أنشطة التشييد المتخصصة","432","أعمال الكهرباء والسباكة وغيرها من الأنشطة الإنشائية","4322","أعمال السباكة والتدفئة وتكييف الهواء","432253","تمديدات انابيب الحريق وصيانتها واصلاحها",
"R","التشييد","43","أنشطة التشييد المتخصصة","432","أعمال الكهرباء والسباكة وغيرها من الأنشطة الإنشائية","4322","أعمال السباكة والتدفئة وتكييف الهواء","432254","تمديدات انابيب الري وصيانتها واصلاحها",
"R","التشييد","43","أنشطة التشييد المتخصصة","432","أعمال الكهرباء والسباكة وغيرها من الأنشطة الإنشائية","4322","أعمال السباكة والتدفئة وتكييف الهواء","432260","تركيب وتمديد انابيب تكييف الهواء وصيانتها واصلاحها",
"R","التشييد","43","أنشطة التشييد المتخصصة","432","أعمال الكهرباء والسباكة وغيرها من الأنشطة الإنشائية","4329","تركيبات إنشائية أخرى","432911","تركيب وصيانة المصاعد","نشاط تركيب وصيانة المصاعد"
"R","التشييد","43","أنشطة التشييد المتخصصة","432","أعمال الكهرباء والسباكة وغيرها من الأنشطة الإنشائية","4329","تركيبات إنشائية أخرى","432912","تركيب وإصلاح وصيانة السلالم المتحركة والسيور الناقلة و الارضية",
"R","التشييد","43","أنشطة التشييد المتخصصة","432","أعمال الكهرباء والسباكة وغيرها من الأنشطة الإنشائية","4329","تركيبات إنشائية أخرى","432920","تركيب وإصلاح وصيانة الابواب الاوتوماتيكية",
"R","التشييد","43","أنشطة التشييد المتخصصة","432","أعمال الكهرباء والسباكة وغيرها من الأنشطة الإنشائية","4329","تركيبات إنشائية أخرى","432930","تركيب وإصلاح وصيانة مانعه الصواعق",
"R","التشييد","43","أنشطة التشييد المتخصصة","432","أعمال الكهرباء والسباكة وغيرها من الأنشطة الإنشائية","4329","تركيبات إنشائية أخرى","432940","تركيب وإصلاح وصيانة انظمة التنظيف المركزية",
"R","التشييد","43","أنشطة التشييد المتخصصة","432","أعمال الكهرباء والسباكة وغيرها من الأنشطة الإنشائية","4329","تركيبات إنشائية أخرى","432950","تركيب وإصلاح وصيانة أنظمة العوازل الحرارية والمائية",
"R","التشييد","43","أنشطة التشييد المتخصصة","432","أعمال الكهرباء والسباكة وغيرها من الأنشطة الإنشائية","4329","تركيبات إنشائية أخرى","432961","تركيب وصيانة أجهزة الحماية المدنية من الأليات والمعدات الثقيلة الخاصة للتدخل في حوادث انهيارات المباني والزلازل ومعدات ووسائل الوقاية الفردية","نشاط تركيب وصيانة أجهزة الحماية المدنية من الأليات والمعدات الثقيلة الخاصة للتدخل في حوادث انهيارات المباني والزلازل ومعدات ووسائل الوقاية الفردية"
"R","التشييد","43","أنشطة التشييد المتخصصة","432","أعمال الكهرباء والسباكة وغيرها من الأنشطة الإنشائية","4329","تركيبات إنشائية أخرى","432962","تركيب وصيانة صافرات الإنذار المبكر ومراكز التحكم بها","نشاط تركيب وصيانة صافرات الإنذار المبكر ومراكز التحكم بها"
"R","التشييد","43","أنشطة التشييد المتخصصة","432","أعمال الكهرباء والسباكة وغيرها من الأنشطة الإنشائية","4329","تركيبات إنشائية أخرى","432963","تركيب وصيانة أجهزة ومعدات الإطفاء","نشاط تركيب وصيانة أجهزة ومعدات الإطفاء"
"R","التشييد","43","أنشطة التشييد المتخصصة","432","أعمال الكهرباء والسباكة وغيرها من الأنشطة الإنشائية","4329","تركيبات إنشائية أخرى","432972","تركيب وصيانة أنظمة الرفوف والتخزين",": هي أنظمة رفوف التخزين وذلك لان رفوف التخزين متنوعه بحيث منها أنظمة التخزين العادية وهي هي عباره عن رفوف (مثل الرفوف الموجودة في المحلات التجارية و غيرها ) و هناك أنظمة تخزين كبيره و مؤتمته و شبه اتوماتيكية والتي تكون عادة موجوده في المستودعات الرئيسية مثل مستودعات بنده وايكيا و النهدي وزمزم"
"R","التشييد","43","أنشطة التشييد المتخصصة","433","اكمال المباني وتشطيبها","4330","اكمال المباني وتشطيبها","433010","تشطيب المباني",
"R","التشييد","43","أنشطة التشييد المتخصصة","433","اكمال المباني وتشطيبها","4330","اكمال المباني وتشطيبها","433021","تركيب الابواب والشبابيك وإطارات الابواب ( الشرشوب ) والدربزينات والسلالم والمطابخ الخشبية",
"R","التشييد","43","أنشطة التشييد المتخصصة","433","اكمال المباني وتشطيبها","4330","اكمال المباني وتشطيبها","433022","تركيب الابواب والشبابيك وإطارات الابواب ( الشرشوب ) والدربزينات والسلالم والمطابخ الالمونيوم",
"R","التشييد","43","أنشطة التشييد المتخصصة","433","اكمال المباني وتشطيبها","4330","اكمال المباني وتشطيبها","433023","تركيب الابواب والشبابيك وإطارات الابواب ( الشرشوب ) والدربزينات والسلالم والمطابخ المعدنية",
"R","التشييد","43","أنشطة التشييد المتخصصة","433","اكمال المباني وتشطيبها","4330","اكمال المباني وتشطيبها","433024","تركيب المظلات والسواتر",
"R","التشييد","43","أنشطة التشييد المتخصصة","433","اكمال المباني وتشطيبها","4330","اكمال المباني وتشطيبها","433030","تركيب الاسقف الداخلية والحواجز وتلبيس الجدران بالأخشاب",
"R","التشييد","43","أنشطة التشييد المتخصصة","433","اكمال المباني وتشطيبها","4330","اكمال المباني وتشطيبها","433041","تركيب السيراميك والكاشي",
"R","التشييد","43","أنشطة التشييد المتخصصة","433","اكمال المباني وتشطيبها","4330","اكمال المباني وتشطيبها","433042","تركيب الرخام",
"R","التشييد","43","أنشطة التشييد المتخصصة","433","اكمال المباني وتشطيبها","4330","اكمال المباني وتشطيبها","433043","تركيب الحجر",
"R","التشييد","43","أنشطة التشييد المتخصصة","433","اكمال المباني وتشطيبها","4330","اكمال المباني وتشطيبها","433044","تركيب القرميد",
"R","التشييد","43","أنشطة التشييد المتخصصة","433","اكمال المباني وتشطيبها","4330","اكمال المباني وتشطيبها","433045","جلي وتلميع البلاط والرخام",
"R","التشييد","43","أنشطة التشييد المتخصصة","433","اكمال المباني وتشطيبها","4330","اكمال المباني وتشطيبها","433051","تغطية الارضيات خشب الباركيه",
"R","التشييد","43","أنشطة التشييد المتخصصة","433","اكمال المباني وتشطيبها","4330","اكمال المباني وتشطيبها","433052","تغطية الارضيات بالمطاط والمشمع والبلاستيك",
"R","التشييد","43","أنشطة التشييد المتخصصة","433","اكمال المباني وتشطيبها","4330","اكمال المباني وتشطيبها","433061","أعمال وتركيب الديكورات المختلفة",
"R","التشييد","43","أنشطة التشييد المتخصصة","433","اكمال المباني وتشطيبها","4330","اكمال المباني وتشطيبها","433062","أعمال التزيين ولصق ورق الحائط",
"R","التشييد","43","أنشطة التشييد المتخصصة","433","اكمال المباني وتشطيبها","4330","اكمال المباني وتشطيبها","433071","أعمال التجصيص والمساح",
"R","التشييد","43","أنشطة التشييد المتخصصة","433","اكمال المباني وتشطيبها","4330","اكمال المباني وتشطيبها","433072","أعمال الدهانات والطلاء للمباني الداخلية والخارجية",
"R","التشييد","43","أنشطة التشييد المتخصصة","433","اكمال المباني وتشطيبها","4330","اكمال المباني وتشطيبها","433073","أعمال الدهانات والطلاء لهياكل الهندسة الحديثة",
"R","التشييد","43","أنشطة التشييد المتخصصة","433","اكمال المباني وتشطيبها","4330","اكمال المباني وتشطيبها","433081","تركيب الزجاج والمرايا للمباني",
"R","التشييد","43","أنشطة التشييد المتخصصة","433","اكمال المباني وتشطيبها","4330","اكمال المباني وتشطيبها","433082","تركيب زجاج واجهات الابراج",
"R","التشييد","43","أنشطة التشييد المتخصصة","433","اكمال المباني وتشطيبها","4330","اكمال المباني وتشطيبها","433091","تنظيف المباني الجديدة بعد الإنشاء",
"R","التشييد","43","أنشطة التشييد المتخصصة","433","اكمال المباني وتشطيبها","4330","اكمال المباني وتشطيبها","433092","التركيبات الداخلية للمحلات والمباني المتحركة والقوارب",
"R","التشييد","43","أنشطة التشييد المتخصصة","433","اكمال المباني وتشطيبها","4330","اكمال المباني وتشطيبها","433093","تركيب الأثاث",
"R","التشييد","43","أنشطة التشييد المتخصصة","439","أنشطة التشييد المتخصصة الأخرى","4390","أنشطة التشييد المتخصصة الأخرى","439011","أعمال تركيب الطابوق",
"R","التشييد","43","أنشطة التشييد المتخصصة","439","أنشطة التشييد المتخصصة الأخرى","4390","أنشطة التشييد المتخصصة الأخرى","439012","أعمال تركيب الصخور",
"R","التشييد","43","أنشطة التشييد المتخصصة","439","أنشطة التشييد المتخصصة الأخرى","4390","أنشطة التشييد المتخصصة الأخرى","439020","أعمال تركيب السقالات",
"R","التشييد","43","أنشطة التشييد المتخصصة","439","أنشطة التشييد المتخصصة الأخرى","4390","أنشطة التشييد المتخصصة الأخرى","439030","إنشاء حمامات السباحة",
"R","التشييد","43","أنشطة التشييد المتخصصة","439","أنشطة التشييد المتخصصة الأخرى","4390","أنشطة التشييد المتخصصة الأخرى","439040","تنظيف المباني بالبخار وتسخين الرمل",
"R","التشييد","43","أنشطة التشييد المتخصصة","439","أنشطة التشييد المتخصصة الأخرى","4390","أنشطة التشييد المتخصصة الأخرى","439050","تأجير معدات التشييد والبناء مع مشغل",
"R","التشييد","43","أنشطة التشييد المتخصصة","439","أنشطة التشييد المتخصصة الأخرى","4390","أنشطة التشييد المتخصصة الأخرى","439061","تركيب وصيانة الوحدات المسبقة الشد لإجهادات الخرسانة",
"F","تجارة الجملة والتجزئة وإصلاح المركبات ذات المحركات والدرجات النارية","45","تجارة الجملة والتجزئة ، وإصلاح المركبات ذات المحركات والدراجات النارية","451","بيع المركبات ذات المحركات","4510","بيع المركبات ذات المحركات","451011","البيع بالجملة والتجزئة للسيارات الخاصة الجديدة ، يشمل ( سيارات الإسعاف والباصات الصغيرة والدفع الرباعي )",
"F","تجارة الجملة والتجزئة وإصلاح المركبات ذات المحركات والدرجات النارية","45","تجارة الجملة والتجزئة ، وإصلاح المركبات ذات المحركات والدراجات النارية","451","بيع المركبات ذات المحركات","4510","بيع المركبات ذات المحركات","451012","البيع بالجملة والتجزئة للسيارات الخاصة المستعملة ، يشمل ( سيارات الإسعاف والباصات الصغيرة والدفع الرباعي )",
"F","تجارة الجملة والتجزئة وإصلاح المركبات ذات المحركات والدرجات النارية","45","تجارة الجملة والتجزئة ، وإصلاح المركبات ذات المحركات والدراجات النارية","451","بيع المركبات ذات المحركات","4510","بيع المركبات ذات المحركات","451013","البيع بالجملة والتجزئة لسيارات النقل الثقيل الجديدة مثل (الترلات والهاف لوري)",
"F","تجارة الجملة والتجزئة وإصلاح المركبات ذات المحركات والدرجات النارية","45","تجارة الجملة والتجزئة ، وإصلاح المركبات ذات المحركات والدراجات النارية","451","بيع المركبات ذات المحركات","4510","بيع المركبات ذات المحركات","451014","البيع بالجملة والتجزئة لسيارات النقل الثقيل المستعملة (تريلات وهاف لوري)",
"F","تجارة الجملة والتجزئة وإصلاح المركبات ذات المحركات والدرجات النارية","45","تجارة الجملة والتجزئة ، وإصلاح المركبات ذات المحركات والدراجات النارية","451","بيع المركبات ذات المحركات","4510","بيع المركبات ذات المحركات","451015","البيع بالجملة والتجزئه لسيارات الرحلات والمخيمات الجديدة ، يشمل ( الكرفانات )",
"F","تجارة الجملة والتجزئة وإصلاح المركبات ذات المحركات والدرجات النارية","45","تجارة الجملة والتجزئة ، وإصلاح المركبات ذات المحركات والدراجات النارية","451","بيع المركبات ذات المحركات","4510","بيع المركبات ذات المحركات","451016","البيع بالجملة والتجزئه لسيارات الرحلات والمخيمات المستعملة ، يشمل ( الكرفانات )",
"F","تجارة الجملة والتجزئة وإصلاح المركبات ذات المحركات والدرجات النارية","45","تجارة الجملة والتجزئة ، وإصلاح المركبات ذات المحركات والدراجات النارية","451","بيع المركبات ذات المحركات","4510","بيع المركبات ذات المحركات","451021","وكلاء بيع السيارات الخفيفة بالعمولة",
"F","تجارة الجملة والتجزئة وإصلاح المركبات ذات المحركات والدرجات النارية","45","تجارة الجملة والتجزئة ، وإصلاح المركبات ذات المحركات والدراجات النارية","451","بيع المركبات ذات المحركات","4510","بيع المركبات ذات المحركات","451022","وكلاء بيع السيارات الثقيلة بالعمولة",
"F","تجارة الجملة والتجزئة وإصلاح المركبات ذات المحركات والدرجات النارية","45","تجارة الجملة والتجزئة ، وإصلاح المركبات ذات المحركات والدراجات النارية","451","بيع المركبات ذات المحركات","4510","بيع المركبات ذات المحركات","451030","مزادات السيارات والمعدات",
"F","تجارة الجملة والتجزئة وإصلاح المركبات ذات المحركات والدرجات النارية","45","تجارة الجملة والتجزئة ، وإصلاح المركبات ذات المحركات والدراجات النارية","451","بيع المركبات ذات المحركات","4510","بيع المركبات ذات المحركات","451041","استيراد السيارات المصفحة","نشاط استيراد السيارات المصفحة (للمنافسات الحكومية فقط)"
"F","تجارة الجملة والتجزئة وإصلاح المركبات ذات المحركات والدرجات النارية","45","تجارة الجملة والتجزئة ، وإصلاح المركبات ذات المحركات والدراجات النارية","452","صيانة وإصلاح المركبات ذات المحركات","4520","صيانة وإصلاح المركبات ذات المحركات","452011","إصلاح ماكينات السيارات",
"F","تجارة الجملة والتجزئة وإصلاح المركبات ذات المحركات والدرجات النارية","45","تجارة الجملة والتجزئة ، وإصلاح المركبات ذات المحركات والدراجات النارية","452","صيانة وإصلاح المركبات ذات المحركات","4520","صيانة وإصلاح المركبات ذات المحركات","452012","إصلاح جيرات السيارات",
"F","تجارة الجملة والتجزئة وإصلاح المركبات ذات المحركات والدرجات النارية","45","تجارة الجملة والتجزئة ، وإصلاح المركبات ذات المحركات والدراجات النارية","452","صيانة وإصلاح المركبات ذات المحركات","4520","صيانة وإصلاح المركبات ذات المحركات","452013","إصلاح كهرباء السيارات",
"F","تجارة الجملة والتجزئة وإصلاح المركبات ذات المحركات والدرجات النارية","45","تجارة الجملة والتجزئة ، وإصلاح المركبات ذات المحركات والدراجات النارية","452","صيانة وإصلاح المركبات ذات المحركات","4520","صيانة وإصلاح المركبات ذات المحركات","452014","إصلاح الكترونيات السيارات",
"F","تجارة الجملة والتجزئة وإصلاح المركبات ذات المحركات والدرجات النارية","45","تجارة الجملة والتجزئة ، وإصلاح المركبات ذات المحركات والدراجات النارية","452","صيانة وإصلاح المركبات ذات المحركات","4520","صيانة وإصلاح المركبات ذات المحركات","452015","إصلاح مكيفات السيارات",
"F","تجارة الجملة والتجزئة وإصلاح المركبات ذات المحركات والدرجات النارية","45","تجارة الجملة والتجزئة ، وإصلاح المركبات ذات المحركات والدراجات النارية","452","صيانة وإصلاح المركبات ذات المحركات","4520","صيانة وإصلاح المركبات ذات المحركات","452021","اصلاح ميكانيكا وكهرباء السيارات",
"F","تجارة الجملة والتجزئة وإصلاح المركبات ذات المحركات والدرجات النارية","45","تجارة الجملة والتجزئة ، وإصلاح المركبات ذات المحركات والدراجات النارية","452","صيانة وإصلاح المركبات ذات المحركات","4520","صيانة وإصلاح المركبات ذات المحركات","452022","اصلاح ميكانيكا وكهرباء وسمكرة ودهان السيارات",
"F","تجارة الجملة والتجزئة وإصلاح المركبات ذات المحركات والدرجات النارية","45","تجارة الجملة والتجزئة ، وإصلاح المركبات ذات المحركات والدراجات النارية","452","صيانة وإصلاح المركبات ذات المحركات","4520","صيانة وإصلاح المركبات ذات المحركات","452023","أنشطة مراكز خدمات وصيانة السيارات",
"F","تجارة الجملة والتجزئة وإصلاح المركبات ذات المحركات والدرجات النارية","45","تجارة الجملة والتجزئة ، وإصلاح المركبات ذات المحركات والدراجات النارية","452","صيانة وإصلاح المركبات ذات المحركات","4520","صيانة وإصلاح المركبات ذات المحركات","452024","أنشطة خراطة أجزاء السيارات",
"F","تجارة الجملة والتجزئة وإصلاح المركبات ذات المحركات والدرجات النارية","45","تجارة الجملة والتجزئة ، وإصلاح المركبات ذات المحركات والدراجات النارية","452","صيانة وإصلاح المركبات ذات المحركات","4520","صيانة وإصلاح المركبات ذات المحركات","452031","ورش حدادة السيارات",
"F","تجارة الجملة والتجزئة وإصلاح المركبات ذات المحركات والدرجات النارية","45","تجارة الجملة والتجزئة ، وإصلاح المركبات ذات المحركات والدراجات النارية","452","صيانة وإصلاح المركبات ذات المحركات","4520","صيانة وإصلاح المركبات ذات المحركات","452032","ورش سمكرة السيارات وتشمل معالجة الصدأ",
"F","تجارة الجملة والتجزئة وإصلاح المركبات ذات المحركات والدرجات النارية","45","تجارة الجملة والتجزئة ، وإصلاح المركبات ذات المحركات والدراجات النارية","452","صيانة وإصلاح المركبات ذات المحركات","4520","صيانة وإصلاح المركبات ذات المحركات","452033","ورش طلاء ودهان السيارات",
"F","تجارة الجملة والتجزئة وإصلاح المركبات ذات المحركات والدرجات النارية","45","تجارة الجملة والتجزئة ، وإصلاح المركبات ذات المحركات والدراجات النارية","452","صيانة وإصلاح المركبات ذات المحركات","4520","صيانة وإصلاح المركبات ذات المحركات","452034","تجهيز السيارات لكبار السن والمعاقين وتعديل القيادة",
"F","تجارة الجملة والتجزئة وإصلاح المركبات ذات المحركات والدرجات النارية","45","تجارة الجملة والتجزئة ، وإصلاح المركبات ذات المحركات والدراجات النارية","452","صيانة وإصلاح المركبات ذات المحركات","4520","صيانة وإصلاح المركبات ذات المحركات","452041","تبديل الزيوت",
"F","تجارة الجملة والتجزئة وإصلاح المركبات ذات المحركات والدرجات النارية","45","تجارة الجملة والتجزئة ، وإصلاح المركبات ذات المحركات والدراجات النارية","452","صيانة وإصلاح المركبات ذات المحركات","4520","صيانة وإصلاح المركبات ذات المحركات","452042","تبديل السفايف",
"F","تجارة الجملة والتجزئة وإصلاح المركبات ذات المحركات والدرجات النارية","45","تجارة الجملة والتجزئة ، وإصلاح المركبات ذات المحركات والدراجات النارية","452","صيانة وإصلاح المركبات ذات المحركات","4520","صيانة وإصلاح المركبات ذات المحركات","452043","ميزان السيارات",
"F","تجارة الجملة والتجزئة وإصلاح المركبات ذات المحركات والدرجات النارية","45","تجارة الجملة والتجزئة ، وإصلاح المركبات ذات المحركات والدراجات النارية","452","صيانة وإصلاح المركبات ذات المحركات","4520","صيانة وإصلاح المركبات ذات المحركات","452051","غسيل وتشحيم السيارات",
"F","تجارة الجملة والتجزئة وإصلاح المركبات ذات المحركات والدرجات النارية","45","تجارة الجملة والتجزئة ، وإصلاح المركبات ذات المحركات والدراجات النارية","452","صيانة وإصلاح المركبات ذات المحركات","4520","صيانة وإصلاح المركبات ذات المحركات","452052","تلميع السيارات (البوليش)",
"F","تجارة الجملة والتجزئة وإصلاح المركبات ذات المحركات والدرجات النارية","45","تجارة الجملة والتجزئة ، وإصلاح المركبات ذات المحركات والدراجات النارية","452","صيانة وإصلاح المركبات ذات المحركات","4520","صيانة وإصلاح المركبات ذات المحركات","452053","تركيب عزل حراري لزجاج السيارات",
"F","تجارة الجملة والتجزئة وإصلاح المركبات ذات المحركات والدرجات النارية","45","تجارة الجملة والتجزئة ، وإصلاح المركبات ذات المحركات والدراجات النارية","452","صيانة وإصلاح المركبات ذات المحركات","4520","صيانة وإصلاح المركبات ذات المحركات","452061","إصلاح الراديترات",
"F","تجارة الجملة والتجزئة وإصلاح المركبات ذات المحركات والدرجات النارية","45","تجارة الجملة والتجزئة ، وإصلاح المركبات ذات المحركات والدراجات النارية","452","صيانة وإصلاح المركبات ذات المحركات","4520","صيانة وإصلاح المركبات ذات المحركات","452062","إصلاح عوادم السيارات",
"F","تجارة الجملة والتجزئة وإصلاح المركبات ذات المحركات والدرجات النارية","45","تجارة الجملة والتجزئة ، وإصلاح المركبات ذات المحركات والدراجات النارية","452","صيانة وإصلاح المركبات ذات المحركات","4520","صيانة وإصلاح المركبات ذات المحركات","452063","إصلاح مقاعد السيارات","هي الورش الخفيفة التي تقوم بإصلاح وتنجيد المقصورة الداخلية للسيارات"
"F","تجارة الجملة والتجزئة وإصلاح المركبات ذات المحركات والدرجات النارية","45","تجارة الجملة والتجزئة ، وإصلاح المركبات ذات المحركات والدراجات النارية","452","صيانة وإصلاح المركبات ذات المحركات","4520","صيانة وإصلاح المركبات ذات المحركات","452064","إصلاح هيدروليك السيارات",
"F","تجارة الجملة والتجزئة وإصلاح المركبات ذات المحركات والدرجات النارية","45","تجارة الجملة والتجزئة ، وإصلاح المركبات ذات المحركات والدراجات النارية","452","صيانة وإصلاح المركبات ذات المحركات","4520","صيانة وإصلاح المركبات ذات المحركات","452065","إصلاح محاور وفرامل السيارات",
"F","تجارة الجملة والتجزئة وإصلاح المركبات ذات المحركات والدرجات النارية","45","تجارة الجملة والتجزئة ، وإصلاح المركبات ذات المحركات والدراجات النارية","452","صيانة وإصلاح المركبات ذات المحركات","4520","صيانة وإصلاح المركبات ذات المحركات","452070","إصلاح وتركيب زجاج السيارات",
"F","تجارة الجملة والتجزئة وإصلاح المركبات ذات المحركات والدرجات النارية","45","تجارة الجملة والتجزئة ، وإصلاح المركبات ذات المحركات والدراجات النارية","452","صيانة وإصلاح المركبات ذات المحركات","4520","صيانة وإصلاح المركبات ذات المحركات","452081","صيانة وإصلاح وتبديل اطارات السيارات الخفيفة (البنشر)",
"F","تجارة الجملة والتجزئة وإصلاح المركبات ذات المحركات والدرجات النارية","45","تجارة الجملة والتجزئة ، وإصلاح المركبات ذات المحركات والدراجات النارية","452","صيانة وإصلاح المركبات ذات المحركات","4520","صيانة وإصلاح المركبات ذات المحركات","452082","صيانة وإصلاح وتبديل اطارات السيارات الثقيلة (البنشر)",
"F","تجارة الجملة والتجزئة وإصلاح المركبات ذات المحركات والدرجات النارية","45","تجارة الجملة والتجزئة ، وإصلاح المركبات ذات المحركات والدراجات النارية","453","بيع قطع غيار المركبات ذات المحركات وملحقاتها","4530","بيع قطع غيار المركبات ذات المحركات وملحقاتها","453011","البيع بالجملة والتجزئة لقطع الغيار الجديده للسيارات وتوابعها (وتشمل زينة السيارات)",
"F","تجارة الجملة والتجزئة وإصلاح المركبات ذات المحركات والدرجات النارية","45","تجارة الجملة والتجزئة ، وإصلاح المركبات ذات المحركات والدراجات النارية","453","بيع قطع غيار المركبات ذات المحركات وملحقاتها","4530","بيع قطع غيار المركبات ذات المحركات وملحقاتها","453012","البيع بالجملة والتجزئة لقطع الغيار المستعملة للسيارات وتوابعها",
"F","تجارة الجملة والتجزئة وإصلاح المركبات ذات المحركات والدرجات النارية","45","تجارة الجملة والتجزئة ، وإصلاح المركبات ذات المحركات والدراجات النارية","453","بيع قطع غيار المركبات ذات المحركات وملحقاتها","4530","بيع قطع غيار المركبات ذات المحركات وملحقاتها","453020","البيع بالجملة والتجزئة لاطارات السيارات وتوابعها",
"F","تجارة الجملة والتجزئة وإصلاح المركبات ذات المحركات والدرجات النارية","45","تجارة الجملة والتجزئة ، وإصلاح المركبات ذات المحركات والدراجات النارية","453","بيع قطع غيار المركبات ذات المحركات وملحقاتها","4530","بيع قطع غيار المركبات ذات المحركات وملحقاتها","453031","البيع بالجملة والتجزئة لبطاريات المركبات والشمعات وتوابعها",
"F","تجارة الجملة والتجزئة وإصلاح المركبات ذات المحركات والدرجات النارية","45","تجارة الجملة والتجزئة ، وإصلاح المركبات ذات المحركات والدراجات النارية","453","بيع قطع غيار المركبات ذات المحركات وملحقاتها","4530","بيع قطع غيار المركبات ذات المحركات وملحقاتها","453032","البيع بالجملة والتجزئة لقطع غيار الشاحنات والنقل الثقيل",
"F","تجارة الجملة والتجزئة وإصلاح المركبات ذات المحركات والدرجات النارية","45","تجارة الجملة والتجزئة ، وإصلاح المركبات ذات المحركات والدراجات النارية","453","بيع قطع غيار المركبات ذات المحركات وملحقاتها","4530","بيع قطع غيار المركبات ذات المحركات وملحقاتها","453033","البيع بالجملة والتجزئة لشواحن المركبات الكهربائية","بيع للمؤسسات (بيع أجهزة شحن المركبات الكهربائية بما في ذلك الموصلات (الموصلات الطورية، والحيادية، وموصلات تأريض الدائرة الكهربائية)، (الوحدات المحمولة على الأعمدة أو المعلقة على الحائط) (محطة شحن كهربائية ، شاحن كهربائي يعمل بتيار مستمر ، شاحن كهربائي يعمل بتيار متردد ، شاحن كهربائي يعمل بتيار متردد ومستمر ، شاحن كهربائي متنقل ، قابسات ومقابس شواحن المركبات كهربائية ، توصيلات شواحن السيارات الكهربائية ، مهائيات شواحن المركبات كهربائية ، كابلات شحن المركبات كهربائية ، موصلات شواحن المركبات كهربائية، قارنات شواحن المركبات كهربائية، معدات كهربائية لحماية شواحن المركبات كهربائية ، معدات قياس ومعايرة شواحن المركبات كهربائية ، صندوق التحكم بكابلات شواحن المركبات كهربائية، اجهزة تحكم وإغلاق شواحن المركبات كهربائية ، أجهزة مراقبة اداء شواحن المركبات كهربائية ، شاشات شواحن المركبات كهربائية , أجهزة اتصالات شواحن مركبات كهربائية، معدات شواحن مركبات كهربائية متنقلة (المعدات الكهربائية التي يتم نقلها أثناء التشغيل أو يمكن نقلها بسهولة من مكان إلى آخر أثناء توصيلها بالمصدر ثابت أو متنقل ثابت،مهايئات أو ملحقات أخرى يمكن حملها بواسطة شخص واحد ومصممة للحمل داخل المركبة الكهربائية ,وجميع الملحقات الأخرى المرتبطة بشواحن المركبات كهربائية) ويستثنى من ذلك قطع المركبات الكهربائية."
"F","تجارة الجملة والتجزئة وإصلاح المركبات ذات المحركات والدرجات النارية","45","تجارة الجملة والتجزئة ، وإصلاح المركبات ذات المحركات والدراجات النارية","454","بيع وصيانة وإصلاح الدراجات النارية وقطع غيارها وملحقاتها","4540","بيع وصيانة وإصلاح الدراجات النارية وقطع غيارها وملحقاتها","454010","البيع بالجملة والتجزئة للدراجات النارية وذات المحركات البخارية الصغيرة",
"F","تجارة الجملة والتجزئة وإصلاح المركبات ذات المحركات والدرجات النارية","45","تجارة الجملة والتجزئة ، وإصلاح المركبات ذات المحركات والدراجات النارية","454","بيع وصيانة وإصلاح الدراجات النارية وقطع غيارها وملحقاتها","4540","بيع وصيانة وإصلاح الدراجات النارية وقطع غيارها وملحقاتها","454020","البيع لقطع غيار الدراجات النارية بالجملة والتجزئة ، يشمل ( البيع بالعمولة ووكالات تنفيذ الطلبات عن طريق البريد )",
"F","تجارة الجملة والتجزئة وإصلاح المركبات ذات المحركات والدرجات النارية","45","تجارة الجملة والتجزئة ، وإصلاح المركبات ذات المحركات والدراجات النارية","454","بيع وصيانة وإصلاح الدراجات النارية وقطع غيارها وملحقاتها","4540","بيع وصيانة وإصلاح الدراجات النارية وقطع غيارها وملحقاتها","454030","إصلاح وصيانة الدراجات النارية وما في حكمها",
"F","تجارة الجملة والتجزئة وإصلاح المركبات ذات المحركات والدرجات النارية","46","تجارة الجملة ، باستثناء المركبات ذات المحركات والدراجات النارية","461","البيع بالجملة نظير رسم أو على أساس عقد","4610","البيع بالجملة نظير رسم أو على أساس عقد","461011","وكلاء البيع في المواد الخام الزراعية",
"F","تجارة الجملة والتجزئة وإصلاح المركبات ذات المحركات والدرجات النارية","46","تجارة الجملة ، باستثناء المركبات ذات المحركات والدراجات النارية","461","البيع بالجملة نظير رسم أو على أساس عقد","4610","البيع بالجملة نظير رسم أو على أساس عقد","461013","وكلاء البيع في مواد النسيج الأولية",
"F","تجارة الجملة والتجزئة وإصلاح المركبات ذات المحركات والدرجات النارية","46","تجارة الجملة ، باستثناء المركبات ذات المحركات والدراجات النارية","461","البيع بالجملة نظير رسم أو على أساس عقد","4610","البيع بالجملة نظير رسم أو على أساس عقد","461014","وكلاء البيع في الوقود الخام والمعادن والكيميائية الصناعية بما في ذلك الأسمدة",
"F","تجارة الجملة والتجزئة وإصلاح المركبات ذات المحركات والدرجات النارية","46","تجارة الجملة ، باستثناء المركبات ذات المحركات والدراجات النارية","461","البيع بالجملة نظير رسم أو على أساس عقد","4610","البيع بالجملة نظير رسم أو على أساس عقد","461015","وكلاء البيع في الأغذية والمشروبات",
"F","تجارة الجملة والتجزئة وإصلاح المركبات ذات المحركات والدرجات النارية","46","تجارة الجملة ، باستثناء المركبات ذات المحركات والدراجات النارية","461","البيع بالجملة نظير رسم أو على أساس عقد","4610","البيع بالجملة نظير رسم أو على أساس عقد","461016","وكلاء البيع في المنسوجات والملبوسات",
"F","تجارة الجملة والتجزئة وإصلاح المركبات ذات المحركات والدرجات النارية","46","تجارة الجملة ، باستثناء المركبات ذات المحركات والدراجات النارية","461","البيع بالجملة نظير رسم أو على أساس عقد","4610","البيع بالجملة نظير رسم أو على أساس عقد","461017","وكلاء البيع للآلات بما في ذلك الآلات المكتبية والحواسيب والمعدات الصناعية",
"F","تجارة الجملة والتجزئة وإصلاح المركبات ذات المحركات والدرجات النارية","46","تجارة الجملة ، باستثناء المركبات ذات المحركات والدراجات النارية","461","البيع بالجملة نظير رسم أو على أساس عقد","4610","البيع بالجملة نظير رسم أو على أساس عقد","461018","وكلاء البيع للأثاث والسلع المنزلية",
"F","تجارة الجملة والتجزئة وإصلاح المركبات ذات المحركات والدرجات النارية","46","تجارة الجملة ، باستثناء المركبات ذات المحركات والدراجات النارية","461","البيع بالجملة نظير رسم أو على أساس عقد","4610","البيع بالجملة نظير رسم أو على أساس عقد","461021","الدلالين وسماسرة المزادات لجميع السلع",
"F","تجارة الجملة والتجزئة وإصلاح المركبات ذات المحركات والدرجات النارية","46","تجارة الجملة ، باستثناء المركبات ذات المحركات والدراجات النارية","461","البيع بالجملة نظير رسم أو على أساس عقد","4610","البيع بالجملة نظير رسم أو على أساس عقد","461023","بيع الأصول الثابتة والمنقولة",
"F","تجارة الجملة والتجزئة وإصلاح المركبات ذات المحركات والدرجات النارية","46","تجارة الجملة ، باستثناء المركبات ذات المحركات والدراجات النارية","461","البيع بالجملة نظير رسم أو على أساس عقد","4610","البيع بالجملة نظير رسم أو على أساس عقد","461024","المعارض الدائمة لمنتجات المصانع","يشمل المعارض التي تؤسسها المؤسسات بغرض عرض المنتجات الصناعية التي تنتجها المصانع في المملكة في هذا المعرض ، وذلك على أن يكون المعرض متواجد بشكل دائم ويقتصر عمله على عرض المنتجات وتقديم الخدمات المتعلقة بالمعروض مثل توفير البيانات والمواصفات التفصيلية وتسهيل الاتصال بين الأطراف لإجراء التعاقدات التجارية."
"F","تجارة الجملة والتجزئة وإصلاح المركبات ذات المحركات والدرجات النارية","46","تجارة الجملة ، باستثناء المركبات ذات المحركات والدراجات النارية","461","البيع بالجملة نظير رسم أو على أساس عقد","4610","البيع بالجملة نظير رسم أو على أساس عقد","461030","أنشطة بيوت التصدير","يشمل المنشآت المرخصة التي تقوم بدور تقديم الخدمات للمصدرين في كافة جوانب التصدير ومنها الخدمات الاستشارية وخدمات الوساطة في بيع المنتجات والخدمات نيابة عن المصانع والشركات المحلية للمشترين الدوليين والتعاقد مع الشركات والمؤسسات التي تعمل في النقل والتخزين وما يتعلق بها من عمليات مكملة لنشاط التصدير ويشمل استيراد المنتجات والمواد الخام والسلع والخدمات بهدف التصدير وإعادة التصدير، ولا يشمل ذلك البيع بالجملة أو التجزئة مباشرة على المستهلك المحلي"
"F","تجارة الجملة والتجزئة وإصلاح المركبات ذات المحركات والدرجات النارية","46","تجارة الجملة ، باستثناء المركبات ذات المحركات والدراجات النارية","461","البيع بالجملة نظير رسم أو على أساس عقد","4610","البيع بالجملة نظير رسم أو على أساس عقد","461032","أنشطة الاستيراد",
"F","تجارة الجملة والتجزئة وإصلاح المركبات ذات المحركات والدرجات النارية","46","تجارة الجملة ، باستثناء المركبات ذات المحركات والدراجات النارية","461","البيع بالجملة نظير رسم أو على أساس عقد","4610","البيع بالجملة نظير رسم أو على أساس عقد","461041","وكلاء البيع في الأدوية","هي المنشأة التي تقوم بإستيراد وتوزيع بالجملة للمستحضرات الصيدلانية وقد يقوم بالبيع بالجملة"
"F","تجارة الجملة والتجزئة وإصلاح المركبات ذات المحركات والدرجات النارية","46","تجارة الجملة ، باستثناء المركبات ذات المحركات والدراجات النارية","461","البيع بالجملة نظير رسم أو على أساس عقد","4610","البيع بالجملة نظير رسم أو على أساس عقد","461042","وكلاء البيع في مستحضرات التجميل","هي المنشأة التي تقوم بإستيراد وتوزيع بالجملة للمستحضرات التجميلية وقد يقوم بالبيع بالجملة"
"F","تجارة الجملة والتجزئة وإصلاح المركبات ذات المحركات والدرجات النارية","46","تجارة الجملة ، باستثناء المركبات ذات المحركات والدراجات النارية","461","البيع بالجملة نظير رسم أو على أساس عقد","4610","البيع بالجملة نظير رسم أو على أساس عقد","461043","استيراد المواد الصيدلانية المشعة",
"F","تجارة الجملة والتجزئة وإصلاح المركبات ذات المحركات والدرجات النارية","46","تجارة الجملة ، باستثناء المركبات ذات المحركات والدراجات النارية","461","البيع بالجملة نظير رسم أو على أساس عقد","4610","البيع بالجملة نظير رسم أو على أساس عقد","461051","البيع بالجملة لقطع غيار الطائرات والأجهزة التشبيهية","ترخيص لاستيراد وبيع قطع غيار الطائرات و الأجهزة التشبيهية وملحقاتها بالجملة"
"F","تجارة الجملة والتجزئة وإصلاح المركبات ذات المحركات والدرجات النارية","46","تجارة الجملة ، باستثناء المركبات ذات المحركات والدراجات النارية","461","البيع بالجملة نظير رسم أو على أساس عقد","4610","البيع بالجملة نظير رسم أو على أساس عقد","461052","البيع بالجملة للأسلحة الهوائية وأسلحة الصيد","نشاط البيع بالجملة لأسلحة الرماية الهوائية دون بارود التي ينطلق مقذوفها بواسطة ضغط الهواء أو دفع نابض بالإضافة للأسلحة المصممة لأغراض الصيد."
"F","تجارة الجملة والتجزئة وإصلاح المركبات ذات المحركات والدرجات النارية","46","تجارة الجملة ، باستثناء المركبات ذات المحركات والدراجات النارية","461","البيع بالجملة نظير رسم أو على أساس عقد","4610","البيع بالجملة نظير رسم أو على أساس عقد","461053","البيع بالجملة للطائرات بدون طيار","استيراد وبيع الجملة للطائرات بدون طيار وملحقاتها"
"F","تجارة الجملة والتجزئة وإصلاح المركبات ذات المحركات والدرجات النارية","46","تجارة الجملة ، باستثناء المركبات ذات المحركات والدراجات النارية","461","البيع بالجملة نظير رسم أو على أساس عقد","4610","البيع بالجملة نظير رسم أو على أساس عقد","461054","البيع بالجملة للأسلحة النارية الفردية وأسلحة الصيد ولوازمها",
"F","تجارة الجملة والتجزئة وإصلاح المركبات ذات المحركات والدرجات النارية","46","تجارة الجملة ، باستثناء المركبات ذات المحركات والدراجات النارية","461","البيع بالجملة نظير رسم أو على أساس عقد","4610","البيع بالجملة نظير رسم أو على أساس عقد","461055","البيع بالجملة للمتفجرات التجارية",
"F","تجارة الجملة والتجزئة وإصلاح المركبات ذات المحركات والدرجات النارية","46","تجارة الجملة ، باستثناء المركبات ذات المحركات والدراجات النارية","461","البيع بالجملة نظير رسم أو على أساس عقد","4610","البيع بالجملة نظير رسم أو على أساس عقد","461056","البيع بالجملة للألعاب النارية",
"F","تجارة الجملة والتجزئة وإصلاح المركبات ذات المحركات والدرجات النارية","46","تجارة الجملة ، باستثناء المركبات ذات المحركات والدراجات النارية","461","البيع بالجملة نظير رسم أو على أساس عقد","4610","البيع بالجملة نظير رسم أو على أساس عقد","461057","توريد الأسلحة النارية الثقيلة","تشمل القاذفات بجميع أنواعها والرشاشات الثقيلة"
"F","تجارة الجملة والتجزئة وإصلاح المركبات ذات المحركات والدرجات النارية","46","تجارة الجملة ، باستثناء المركبات ذات المحركات والدراجات النارية","461","البيع بالجملة نظير رسم أو على أساس عقد","4610","البيع بالجملة نظير رسم أو على أساس عقد","461058","توريد المتفجرات العسكرية","تشمل جميع أنواع المتفجرات للاستخدام العسكري"
"F","تجارة الجملة والتجزئة وإصلاح المركبات ذات المحركات والدرجات النارية","46","تجارة الجملة ، باستثناء المركبات ذات المحركات والدراجات النارية","461","البيع بالجملة نظير رسم أو على أساس عقد","4610","البيع بالجملة نظير رسم أو على أساس عقد","461061","توريد المركبات العسكرية","تشمل المركبات العسكرية المصفحة والبرمائية والدبابات ومركبات النقل العسكرية ومركبات القتال العسكرية الأخرى والمكونات الهيكلية للمركبات العسكرية والمركبات العسكرية المسيرة"
"F","تجارة الجملة والتجزئة وإصلاح المركبات ذات المحركات والدرجات النارية","46","تجارة الجملة ، باستثناء المركبات ذات المحركات والدراجات النارية","461","البيع بالجملة نظير رسم أو على أساس عقد","4610","البيع بالجملة نظير رسم أو على أساس عقد","461062","توريد السفن العسكرية","تشمل جميع أنواع السفن العسكرية والزوارق العسكرية والقوارب العسكرية والمكونات الهيكلية للسفن والزوارق والقوارب العسكرية والسفن العسكرية المسيرة"
"F","تجارة الجملة والتجزئة وإصلاح المركبات ذات المحركات والدرجات النارية","46","تجارة الجملة ، باستثناء المركبات ذات المحركات والدراجات النارية","461","البيع بالجملة نظير رسم أو على أساس عقد","4610","البيع بالجملة نظير رسم أو على أساس عقد","461063","توريد الطائرات العسكرية","تشمل الطائرات العسكرية المجنحة والطائرات العسكرية المروحية والطائرات العسكرية بدون طيار وطائرات النقل العسكري والمكونات الهيكلية لجميع أنواع الطائرات العسكرية"
"F","تجارة الجملة والتجزئة وإصلاح المركبات ذات المحركات والدرجات النارية","46","تجارة الجملة ، باستثناء المركبات ذات المحركات والدراجات النارية","461","البيع بالجملة نظير رسم أو على أساس عقد","4610","البيع بالجملة نظير رسم أو على أساس عقد","461064","توريد قطع غيار المنظومات العسكرية (المركبات والطائرات والسفن العسكرية)","تشمل قطع غيار جميع أنواع المركبات العسكرية والطائرات العسكرية والسفن العسكرية"
"F","تجارة الجملة والتجزئة وإصلاح المركبات ذات المحركات والدرجات النارية","46","تجارة الجملة ، باستثناء المركبات ذات المحركات والدراجات النارية","461","البيع بالجملة نظير رسم أو على أساس عقد","4610","البيع بالجملة نظير رسم أو على أساس عقد","461065","توريد الذخائر التقليدية للأسلحة النارية (للمنافسات الحكومية فقط)","تشمل جميع أنواع الذخائر التقليدية للأسلحة النارية"
"F","تجارة الجملة والتجزئة وإصلاح المركبات ذات المحركات والدرجات النارية","46","تجارة الجملة ، باستثناء المركبات ذات المحركات والدراجات النارية","461","البيع بالجملة نظير رسم أو على أساس عقد","4610","البيع بالجملة نظير رسم أو على أساس عقد","461066","توريد القنابل اليدوية والصواريخ والذخائر الذكية","جميع أنواع القنابل اليدوية والصواريخ والذخائر الموجهة"
"F","تجارة الجملة والتجزئة وإصلاح المركبات ذات المحركات والدرجات النارية","46","تجارة الجملة ، باستثناء المركبات ذات المحركات والدراجات النارية","461","البيع بالجملة نظير رسم أو على أساس عقد","4610","البيع بالجملة نظير رسم أو على أساس عقد","461067","توريد الأسلحة الفردية العسكرية الخفيفة (أسلحة مكافحة الشغب)","تشمل المعدات المستخدمة لاحتواء أعمال الشغب مثل بدلة مكافحة الشغب، خوذة مكافحة الشغب، درع مكافحة الشغب، سترة واقية، خوذة واقية، واقي وجه مضاد للرصاص، وعصي كهربائية"
"F","تجارة الجملة والتجزئة وإصلاح المركبات ذات المحركات والدرجات النارية","46","تجارة الجملة ، باستثناء المركبات ذات المحركات والدراجات النارية","461","البيع بالجملة نظير رسم أو على أساس عقد","4610","البيع بالجملة نظير رسم أو على أساس عقد","461068","توريد المستلزمات الفردية العسكرية","تشمل الخوذ والستر الواقية من الرصاص والعلامات والرتب العسكرية من المعدن والأحذية والمناظير العسكرية"
"F","تجارة الجملة والتجزئة وإصلاح المركبات ذات المحركات والدرجات النارية","46","تجارة الجملة ، باستثناء المركبات ذات المحركات والدراجات النارية","461","البيع بالجملة نظير رسم أو على أساس عقد","4610","البيع بالجملة نظير رسم أو على أساس عقد","461071","توريد الأجهزة التشبيهية (المحاكاة) وأجهزة ومعدات القياس والفحص والاختبار والملاجئ العسكرية","تشمل أجهزة المحاكاة التدريبية المخصصة للاستخدام العسكري وكاشفات الألغام وأجهزة القياس وجميع أنواع الملاجئ العسكرية"
"F","تجارة الجملة والتجزئة وإصلاح المركبات ذات المحركات والدرجات النارية","46","تجارة الجملة ، باستثناء المركبات ذات المحركات والدراجات النارية","461","البيع بالجملة نظير رسم أو على أساس عقد","4610","البيع بالجملة نظير رسم أو على أساس عقد","461072","توريد الإلكترونيات وأجهزة الاتصالات وأنظمة القيادة والتوجيه والتحكم العسكرية","تشمل الأنظمة والمعدات الإلكترونية المصممة خصيصًا لغرض الاتصال، والتحكم في الاستخبارات العسكرية، أو المعدات المصممة لمنع هذه السيطرة بالإضافة إلى الأنظمة والمعدات الإلكترونية المصممة خصيصًا لأغراض التوجيه والتتبع والمراقبة، بما في ذلك معدات معالجة"
"F","تجارة الجملة والتجزئة وإصلاح المركبات ذات المحركات والدرجات النارية","46","تجارة الجملة ، باستثناء المركبات ذات المحركات والدراجات النارية","461","البيع بالجملة نظير رسم أو على أساس عقد","4610","البيع بالجملة نظير رسم أو على أساس عقد","461073","توريد الأسلحة النارية الخفيفة (للمنافسات الحكومية فقط)","تشمل المسدسات والرشاشات النارية"
"F","تجارة الجملة والتجزئة وإصلاح المركبات ذات المحركات والدرجات النارية","46","تجارة الجملة ، باستثناء المركبات ذات المحركات والدراجات النارية","462","تجارة المواد الخام الزراعية والحيوانات الحية بالجملة","4620","تجارة المواد الخام الزراعية والحيوانات الحية بالجملة","462011","البيع بالجملة للشعير  ",
"F","تجارة الجملة والتجزئة وإصلاح المركبات ذات المحركات والدرجات النارية","46","تجارة الجملة ، باستثناء المركبات ذات المحركات والدراجات النارية","462","تجارة المواد الخام الزراعية والحيوانات الحية بالجملة","4620","تجارة المواد الخام الزراعية والحيوانات الحية بالجملة","462012","البيع بالجملة للبذور ماعدا الشعير",
"F","تجارة الجملة والتجزئة وإصلاح المركبات ذات المحركات والدرجات النارية","46","تجارة الجملة ، باستثناء المركبات ذات المحركات والدراجات النارية","462","تجارة المواد الخام الزراعية والحيوانات الحية بالجملة","4620","تجارة المواد الخام الزراعية والحيوانات الحية بالجملة","462013","البيع بالجملة للحبوب ماعدا الشعير",
"F","تجارة الجملة والتجزئة وإصلاح المركبات ذات المحركات والدرجات النارية","46","تجارة الجملة ، باستثناء المركبات ذات المحركات والدراجات النارية","462","تجارة المواد الخام الزراعية والحيوانات الحية بالجملة","4620","تجارة المواد الخام الزراعية والحيوانات الحية بالجملة","462020","البيع بالجملة للفواكة والثمار الزيتية",
"F","تجارة الجملة والتجزئة وإصلاح المركبات ذات المحركات والدرجات النارية","46","تجارة الجملة ، باستثناء المركبات ذات المحركات والدراجات النارية","462","تجارة المواد الخام الزراعية والحيوانات الحية بالجملة","4620","تجارة المواد الخام الزراعية والحيوانات الحية بالجملة","462031","البيع بالجملة للزهور",
"F","تجارة الجملة والتجزئة وإصلاح المركبات ذات المحركات والدرجات النارية","46","تجارة الجملة ، باستثناء المركبات ذات المحركات والدراجات النارية","462","تجارة المواد الخام الزراعية والحيوانات الحية بالجملة","4620","تجارة المواد الخام الزراعية والحيوانات الحية بالجملة","462032","البيع بالجملة للنباتات الخارجية",
"F","تجارة الجملة والتجزئة وإصلاح المركبات ذات المحركات والدرجات النارية","46","تجارة الجملة ، باستثناء المركبات ذات المحركات والدراجات النارية","462","تجارة المواد الخام الزراعية والحيوانات الحية بالجملة","4620","تجارة المواد الخام الزراعية والحيوانات الحية بالجملة","462033","البيع بالجملة للنباتات الداخلية",
"F","تجارة الجملة والتجزئة وإصلاح المركبات ذات المحركات والدرجات النارية","46","تجارة الجملة ، باستثناء المركبات ذات المحركات والدراجات النارية","462","تجارة المواد الخام الزراعية والحيوانات الحية بالجملة","4620","تجارة المواد الخام الزراعية والحيوانات الحية بالجملة","462034","البيع بالجملة للشتلات الزراعية",
"F","تجارة الجملة والتجزئة وإصلاح المركبات ذات المحركات والدرجات النارية","46","تجارة الجملة ، باستثناء المركبات ذات المحركات والدراجات النارية","462","تجارة المواد الخام الزراعية والحيوانات الحية بالجملة","4620","تجارة المواد الخام الزراعية والحيوانات الحية بالجملة","462051","البيع بالجملة للأسماك والاحياء المائية",
"F","تجارة الجملة والتجزئة وإصلاح المركبات ذات المحركات والدرجات النارية","46","تجارة الجملة ، باستثناء المركبات ذات المحركات والدراجات النارية","462","تجارة المواد الخام الزراعية والحيوانات الحية بالجملة","4620","تجارة المواد الخام الزراعية والحيوانات الحية بالجملة","462052","البيع بالجملة للطيور","بيع الطيور المستوردة بالجملة وتوزيعها وبيعها على محلات البيع بالتجزئة"
"F","تجارة الجملة والتجزئة وإصلاح المركبات ذات المحركات والدرجات النارية","46","تجارة الجملة ، باستثناء المركبات ذات المحركات والدراجات النارية","462","تجارة المواد الخام الزراعية والحيوانات الحية بالجملة","4620","تجارة المواد الخام الزراعية والحيوانات الحية بالجملة","462054","البيع بالجملة للاغنام",
"F","تجارة الجملة والتجزئة وإصلاح المركبات ذات المحركات والدرجات النارية","46","تجارة الجملة ، باستثناء المركبات ذات المحركات والدراجات النارية","462","تجارة المواد الخام الزراعية والحيوانات الحية بالجملة","4620","تجارة المواد الخام الزراعية والحيوانات الحية بالجملة","462055","البيع بالجملة للابقار",
"F","تجارة الجملة والتجزئة وإصلاح المركبات ذات المحركات والدرجات النارية","46","تجارة الجملة ، باستثناء المركبات ذات المحركات والدراجات النارية","462","تجارة المواد الخام الزراعية والحيوانات الحية بالجملة","4620","تجارة المواد الخام الزراعية والحيوانات الحية بالجملة","462056","البيع بالجملة للجمال",
"F","تجارة الجملة والتجزئة وإصلاح المركبات ذات المحركات والدرجات النارية","46","تجارة الجملة ، باستثناء المركبات ذات المحركات والدراجات النارية","462","تجارة المواد الخام الزراعية والحيوانات الحية بالجملة","4620","تجارة المواد الخام الزراعية والحيوانات الحية بالجملة","462057","البيع بالجملة للخيول",
"F","تجارة الجملة والتجزئة وإصلاح المركبات ذات المحركات والدرجات النارية","46","تجارة الجملة ، باستثناء المركبات ذات المحركات والدراجات النارية","462","تجارة المواد الخام الزراعية والحيوانات الحية بالجملة","4620","تجارة المواد الخام الزراعية والحيوانات الحية بالجملة","462058","البيع بالجملة للنحل",
"F","تجارة الجملة والتجزئة وإصلاح المركبات ذات المحركات والدرجات النارية","46","تجارة الجملة ، باستثناء المركبات ذات المحركات والدراجات النارية","462","تجارة المواد الخام الزراعية والحيوانات الحية بالجملة","4620","تجارة المواد الخام الزراعية والحيوانات الحية بالجملة","462063","البيع بالجملة لمخلفات الحيوانات باستثناء الجلود",
"F","تجارة الجملة والتجزئة وإصلاح المركبات ذات المحركات والدرجات النارية","46","تجارة الجملة ، باستثناء المركبات ذات المحركات والدراجات النارية","462","تجارة المواد الخام الزراعية والحيوانات الحية بالجملة","4620","تجارة المواد الخام الزراعية والحيوانات الحية بالجملة","462071","الإتجار بالجملة للحيوانات الفطرية ومنتجاتها",
"F","تجارة الجملة والتجزئة وإصلاح المركبات ذات المحركات والدرجات النارية","46","تجارة الجملة ، باستثناء المركبات ذات المحركات والدراجات النارية","462","تجارة المواد الخام الزراعية والحيوانات الحية بالجملة","4620","تجارة المواد الخام الزراعية والحيوانات الحية بالجملة","462091","البيع بالجملة لأعلاف الماشية الخاصة بالإضافات العلفية الدوائية","هي المنشأة التي تقوم ببيع الإضافات العلفية الدوائية التي توضع بالأعلاف"
"F","تجارة الجملة والتجزئة وإصلاح المركبات ذات المحركات والدرجات النارية","46","تجارة الجملة ، باستثناء المركبات ذات المحركات والدراجات النارية","462","تجارة المواد الخام الزراعية والحيوانات الحية بالجملة","4620","تجارة المواد الخام الزراعية والحيوانات الحية بالجملة","462092","البيع بالجملة للأعلاف والإضافات العلفية غير الدوائية",
"F","تجارة الجملة والتجزئة وإصلاح المركبات ذات المحركات والدرجات النارية","46","تجارة الجملة ، باستثناء المركبات ذات المحركات والدراجات النارية","463","بيع الأغذية والمشروبات والتبغ بالجملة","4630","بيع الأغذية والمشروبات والتبغ بالجملة","463011","البيع بالجملة للفواكه",
"F","تجارة الجملة والتجزئة وإصلاح المركبات ذات المحركات والدرجات النارية","46","تجارة الجملة ، باستثناء المركبات ذات المحركات والدراجات النارية","463","بيع الأغذية والمشروبات والتبغ بالجملة","4630","بيع الأغذية والمشروبات والتبغ بالجملة","463012","البيع بالجملة للخضراوات",
"F","تجارة الجملة والتجزئة وإصلاح المركبات ذات المحركات والدرجات النارية","46","تجارة الجملة ، باستثناء المركبات ذات المحركات والدراجات النارية","463","بيع الأغذية والمشروبات والتبغ بالجملة","4630","بيع الأغذية والمشروبات والتبغ بالجملة","463013","البيع بالجملة للتمور",
"F","تجارة الجملة والتجزئة وإصلاح المركبات ذات المحركات والدرجات النارية","46","تجارة الجملة ، باستثناء المركبات ذات المحركات والدراجات النارية","463","بيع الأغذية والمشروبات والتبغ بالجملة","4630","بيع الأغذية والمشروبات والتبغ بالجملة","463021","البيع بالجملة لمنتجات الألبان",
"F","تجارة الجملة والتجزئة وإصلاح المركبات ذات المحركات والدرجات النارية","46","تجارة الجملة ، باستثناء المركبات ذات المحركات والدراجات النارية","463","بيع الأغذية والمشروبات والتبغ بالجملة","4630","بيع الأغذية والمشروبات والتبغ بالجملة","463022","البيع بالجملة للبيض ومنتجاته",
"F","تجارة الجملة والتجزئة وإصلاح المركبات ذات المحركات والدرجات النارية","46","تجارة الجملة ، باستثناء المركبات ذات المحركات والدراجات النارية","463","بيع الأغذية والمشروبات والتبغ بالجملة","4630","بيع الأغذية والمشروبات والتبغ بالجملة","463031","البيع بالجملة للزيوت والشحوم الحيوانية",
"F","تجارة الجملة والتجزئة وإصلاح المركبات ذات المحركات والدرجات النارية","46","تجارة الجملة ، باستثناء المركبات ذات المحركات والدراجات النارية","463","بيع الأغذية والمشروبات والتبغ بالجملة","4630","بيع الأغذية والمشروبات والتبغ بالجملة","463032","البيع بالجملة للزيوت النباتية",
"F","تجارة الجملة والتجزئة وإصلاح المركبات ذات المحركات والدرجات النارية","46","تجارة الجملة ، باستثناء المركبات ذات المحركات والدراجات النارية","463","بيع الأغذية والمشروبات والتبغ بالجملة","4630","بيع الأغذية والمشروبات والتبغ بالجملة","463041","البيع بالجملة للحوم",
"F","تجارة الجملة والتجزئة وإصلاح المركبات ذات المحركات والدرجات النارية","46","تجارة الجملة ، باستثناء المركبات ذات المحركات والدراجات النارية","463","بيع الأغذية والمشروبات والتبغ بالجملة","4630","بيع الأغذية والمشروبات والتبغ بالجملة","463042","البيع بالجملة لمنتجات اللحوم",
"F","تجارة الجملة والتجزئة وإصلاح المركبات ذات المحركات والدرجات النارية","46","تجارة الجملة ، باستثناء المركبات ذات المحركات والدراجات النارية","463","بيع الأغذية والمشروبات والتبغ بالجملة","4630","بيع الأغذية والمشروبات والتبغ بالجملة","463043","البيع بالجملة لمنتجات الأسماك",
"F","تجارة الجملة والتجزئة وإصلاح المركبات ذات المحركات والدرجات النارية","46","تجارة الجملة ، باستثناء المركبات ذات المحركات والدراجات النارية","463","بيع الأغذية والمشروبات والتبغ بالجملة","4630","بيع الأغذية والمشروبات والتبغ بالجملة","463044","البيع بالجملة للحوم والدواجن المجمدة",
"F","تجارة الجملة والتجزئة وإصلاح المركبات ذات المحركات والدرجات النارية","46","تجارة الجملة ، باستثناء المركبات ذات المحركات والدراجات النارية","463","بيع الأغذية والمشروبات والتبغ بالجملة","4630","بيع الأغذية والمشروبات والتبغ بالجملة","463051","البيع بالجملة للسكر ومنتجاتها",
"F","تجارة الجملة والتجزئة وإصلاح المركبات ذات المحركات والدرجات النارية","46","تجارة الجملة ، باستثناء المركبات ذات المحركات والدراجات النارية","463","بيع الأغذية والمشروبات والتبغ بالجملة","4630","بيع الأغذية والمشروبات والتبغ بالجملة","463052","البيع بالجملة للشوكلاته والكاكاو",
"F","تجارة الجملة والتجزئة وإصلاح المركبات ذات المحركات والدرجات النارية","46","تجارة الجملة ، باستثناء المركبات ذات المحركات والدراجات النارية","463","بيع الأغذية والمشروبات والتبغ بالجملة","4630","بيع الأغذية والمشروبات والتبغ بالجملة","463053","البيع بالجملة لمنتجات القهوة والشاي",
"F","تجارة الجملة والتجزئة وإصلاح المركبات ذات المحركات والدرجات النارية","46","تجارة الجملة ، باستثناء المركبات ذات المحركات والدراجات النارية","463","بيع الأغذية والمشروبات والتبغ بالجملة","4630","بيع الأغذية والمشروبات والتبغ بالجملة","463054","البيع بالجملة للبهارات",
"F","تجارة الجملة والتجزئة وإصلاح المركبات ذات المحركات والدرجات النارية","46","تجارة الجملة ، باستثناء المركبات ذات المحركات والدراجات النارية","463","بيع الأغذية والمشروبات والتبغ بالجملة","4630","بيع الأغذية والمشروبات والتبغ بالجملة","463055","البيع بالجملة للعسل",
"F","تجارة الجملة والتجزئة وإصلاح المركبات ذات المحركات والدرجات النارية","46","تجارة الجملة ، باستثناء المركبات ذات المحركات والدراجات النارية","463","بيع الأغذية والمشروبات والتبغ بالجملة","4630","بيع الأغذية والمشروبات والتبغ بالجملة","463060","البيع بالجملة لمنتجات المخابز",
"F","تجارة الجملة والتجزئة وإصلاح المركبات ذات المحركات والدرجات النارية","46","تجارة الجملة ، باستثناء المركبات ذات المحركات والدراجات النارية","463","بيع الأغذية والمشروبات والتبغ بالجملة","4630","بيع الأغذية والمشروبات والتبغ بالجملة","463071","البيع بالجملة للمياه المعبأة بأنواعها","المحلات البيع بالجملة للمياه الطبيعية والمعقمة والمعالجة لتصبح صالحة للاستهلاك الآدمي وتتم تعبئتها في عبوات مختلفة الأشكال والأحجام."
"F","تجارة الجملة والتجزئة وإصلاح المركبات ذات المحركات والدرجات النارية","46","تجارة الجملة ، باستثناء المركبات ذات المحركات والدراجات النارية","463","بيع الأغذية والمشروبات والتبغ بالجملة","4630","بيع الأغذية والمشروبات والتبغ بالجملة","463072","البيع بالجملة للمياه الغازية والعصائر","المحلات الخاصة بتجهيز وبيع العصائر سواء الطبيعية المحضرة من ثمار الفواكه أو عصير القصب أو السوبيا والدخن أو المياه الغازية الخالية من الكحول والمحضرة من محلول سكري مضاف إليه واحد أو أكثر من مكسبات الطعم والرائحة الطبيعية أو الاصطناعية ومشبع بغاز ثاني أكسيد الكربون ومكونة من الشراب الأساسي وماء الصودا"
"F","تجارة الجملة والتجزئة وإصلاح المركبات ذات المحركات والدرجات النارية","46","تجارة الجملة ، باستثناء المركبات ذات المحركات والدراجات النارية","463","بيع الأغذية والمشروبات والتبغ بالجملة","4630","بيع الأغذية والمشروبات والتبغ بالجملة","463073","البيع بالجملة لمنتجات التبغ وتشمل مستلزمات الشيشة والجراك",
"F","تجارة الجملة والتجزئة وإصلاح المركبات ذات المحركات والدرجات النارية","46","تجارة الجملة ، باستثناء المركبات ذات المحركات والدراجات النارية","463","بيع الأغذية والمشروبات والتبغ بالجملة","4630","بيع الأغذية والمشروبات والتبغ بالجملة","463074","البيع بالجملة للثلج",
"F","تجارة الجملة والتجزئة وإصلاح المركبات ذات المحركات والدرجات النارية","46","تجارة الجملة ، باستثناء المركبات ذات المحركات والدراجات النارية","463","بيع الأغذية والمشروبات والتبغ بالجملة","4630","بيع الأغذية والمشروبات والتبغ بالجملة","463075","البيع بالجملة للمياه المحلاة","المحلات البيع بالجملة للمياه التي تتم معالجتها بالتخلص من الأملاح الذائبة والمواد العالقة والشوائب بحيث يكون الناتج النهائي مياه صالحة للاستخدام النهائي"
"F","تجارة الجملة والتجزئة وإصلاح المركبات ذات المحركات والدرجات النارية","46","تجارة الجملة ، باستثناء المركبات ذات المحركات والدراجات النارية","463","بيع الأغذية والمشروبات والتبغ بالجملة","4630","بيع الأغذية والمشروبات والتبغ بالجملة","463076","البيع بالجملة للأغذية والمشروبات",
"F","تجارة الجملة والتجزئة وإصلاح المركبات ذات المحركات والدرجات النارية","46","تجارة الجملة ، باستثناء المركبات ذات المحركات والدراجات النارية","463","بيع الأغذية والمشروبات والتبغ بالجملة","4630","بيع الأغذية والمشروبات والتبغ بالجملة","463077","مراكز التوزيع للأغذية والمشروبات",
"F","تجارة الجملة والتجزئة وإصلاح المركبات ذات المحركات والدرجات النارية","46","تجارة الجملة ، باستثناء المركبات ذات المحركات والدراجات النارية","463","بيع الأغذية والمشروبات والتبغ بالجملة","4630","بيع الأغذية والمشروبات والتبغ بالجملة","463080","البيع بالجملة لاغذية واعلاف الحيوانات المنزلية","هي عملية تشمل البيع والاستيراد والتصدير لاعلاف الحيوانات الاليفة"
"F","تجارة الجملة والتجزئة وإصلاح المركبات ذات المحركات والدرجات النارية","46","تجارة الجملة ، باستثناء المركبات ذات المحركات والدراجات النارية","464","بيع السلع المنزلية بالجملة","4641","بيع المنسوجات والملبوسات والأحذية بالجملة","464111","البيع بالجملة للمواد الاولية للنسيج",
"F","تجارة الجملة والتجزئة وإصلاح المركبات ذات المحركات والدرجات النارية","46","تجارة الجملة ، باستثناء المركبات ذات المحركات والدراجات النارية","464","بيع السلع المنزلية بالجملة","4641","بيع المنسوجات والملبوسات والأحذية بالجملة","464112","البيع بالجملة للمنسوجات والأقمشة بأنواعها (غيرالملبوسات)",
"F","تجارة الجملة والتجزئة وإصلاح المركبات ذات المحركات والدرجات النارية","46","تجارة الجملة ، باستثناء المركبات ذات المحركات والدراجات النارية","464","بيع السلع المنزلية بالجملة","4641","بيع المنسوجات والملبوسات والأحذية بالجملة","464121","البيع بالجملة للاقمشة الرجالية",
"F","تجارة الجملة والتجزئة وإصلاح المركبات ذات المحركات والدرجات النارية","46","تجارة الجملة ، باستثناء المركبات ذات المحركات والدراجات النارية","464","بيع السلع المنزلية بالجملة","4641","بيع المنسوجات والملبوسات والأحذية بالجملة","464122","البيع بالجملة للاقمشة النسائية",
"F","تجارة الجملة والتجزئة وإصلاح المركبات ذات المحركات والدرجات النارية","46","تجارة الجملة ، باستثناء المركبات ذات المحركات والدراجات النارية","464","بيع السلع المنزلية بالجملة","4641","بيع المنسوجات والملبوسات والأحذية بالجملة","464130","البيع بالجملة للبطاطين والبياضات الجاهزة والشراشف",
"F","تجارة الجملة والتجزئة وإصلاح المركبات ذات المحركات والدرجات النارية","46","تجارة الجملة ، باستثناء المركبات ذات المحركات والدراجات النارية","464","بيع السلع المنزلية بالجملة","4641","بيع المنسوجات والملبوسات والأحذية بالجملة","464140","البيع بالجملة لمستلزمات الخياطة","مكاتب الشركات والمؤسسات أو المحلات التي تقوم ببيع مستلزمات الخياطة بالجملة"
"F","تجارة الجملة والتجزئة وإصلاح المركبات ذات المحركات والدرجات النارية","46","تجارة الجملة ، باستثناء المركبات ذات المحركات والدراجات النارية","464","بيع السلع المنزلية بالجملة","4641","بيع المنسوجات والملبوسات والأحذية بالجملة","464150","البيع بالجملة للملابس الجاهزة",
"F","تجارة الجملة والتجزئة وإصلاح المركبات ذات المحركات والدرجات النارية","46","تجارة الجملة ، باستثناء المركبات ذات المحركات والدراجات النارية","464","بيع السلع المنزلية بالجملة","4641","بيع المنسوجات والملبوسات والأحذية بالجملة","464151","البيع بالجملة للملابس الرجالية",
"F","تجارة الجملة والتجزئة وإصلاح المركبات ذات المحركات والدرجات النارية","46","تجارة الجملة ، باستثناء المركبات ذات المحركات والدراجات النارية","464","بيع السلع المنزلية بالجملة","4641","بيع المنسوجات والملبوسات والأحذية بالجملة","464152","البيع بالجملة للملابس النسائية",
"F","تجارة الجملة والتجزئة وإصلاح المركبات ذات المحركات والدرجات النارية","46","تجارة الجملة ، باستثناء المركبات ذات المحركات والدراجات النارية","464","بيع السلع المنزلية بالجملة","4641","بيع المنسوجات والملبوسات والأحذية بالجملة","464153","البيع بالجملة لملابس الأطفال",
"F","تجارة الجملة والتجزئة وإصلاح المركبات ذات المحركات والدرجات النارية","46","تجارة الجملة ، باستثناء المركبات ذات المحركات والدراجات النارية","464","بيع السلع المنزلية بالجملة","4641","بيع المنسوجات والملبوسات والأحذية بالجملة","464154","البيع بالجملة للمشالح الرجالية والفراء وأنواعه",
"F","تجارة الجملة والتجزئة وإصلاح المركبات ذات المحركات والدرجات النارية","46","تجارة الجملة ، باستثناء المركبات ذات المحركات والدراجات النارية","464","بيع السلع المنزلية بالجملة","4641","بيع المنسوجات والملبوسات والأحذية بالجملة","464155","البيع بالجملة للملابس الرياضية",
"F","تجارة الجملة والتجزئة وإصلاح المركبات ذات المحركات والدرجات النارية","46","تجارة الجملة ، باستثناء المركبات ذات المحركات والدراجات النارية","464","بيع السلع المنزلية بالجملة","4641","بيع المنسوجات والملبوسات والأحذية بالجملة","464156","توريد الملابس والرتب والبريهات العسكرية (للمنافسات الحكومية فقط)","تشمل الرتب العسكرية والبريهات العسكرية"
"F","تجارة الجملة والتجزئة وإصلاح المركبات ذات المحركات والدرجات النارية","46","تجارة الجملة ، باستثناء المركبات ذات المحركات والدراجات النارية","464","بيع السلع المنزلية بالجملة","4641","بيع المنسوجات والملبوسات والأحذية بالجملة","464157","البيع للجملة للعبايات النسائية",
"F","تجارة الجملة والتجزئة وإصلاح المركبات ذات المحركات والدرجات النارية","46","تجارة الجملة ، باستثناء المركبات ذات المحركات والدراجات النارية","464","بيع السلع المنزلية بالجملة","4641","بيع المنسوجات والملبوسات والأحذية بالجملة","464161","البيع بالجملة لاكسسوارات الملابس مثل القفازات، أربطة العنق، حمالات البنطال وكذلك السبح",
"F","تجارة الجملة والتجزئة وإصلاح المركبات ذات المحركات والدرجات النارية","46","تجارة الجملة ، باستثناء المركبات ذات المحركات والدراجات النارية","464","بيع السلع المنزلية بالجملة","4641","بيع المنسوجات والملبوسات والأحذية بالجملة","464162","البيع بالجملة للزي الموحد",
"F","تجارة الجملة والتجزئة وإصلاح المركبات ذات المحركات والدرجات النارية","46","تجارة الجملة ، باستثناء المركبات ذات المحركات والدراجات النارية","464","بيع السلع المنزلية بالجملة","4641","بيع المنسوجات والملبوسات والأحذية بالجملة","464171","البيع بالجملة للأحذيه",
"F","تجارة الجملة والتجزئة وإصلاح المركبات ذات المحركات والدرجات النارية","46","تجارة الجملة ، باستثناء المركبات ذات المحركات والدراجات النارية","464","بيع السلع المنزلية بالجملة","4641","بيع المنسوجات والملبوسات والأحذية بالجملة","464172","البيع بالجملة للأحذيه الرياضية",
"F","تجارة الجملة والتجزئة وإصلاح المركبات ذات المحركات والدرجات النارية","46","تجارة الجملة ، باستثناء المركبات ذات المحركات والدراجات النارية","464","بيع السلع المنزلية بالجملة","4649","بيع السلع المنزلية الأخرى بالجملة","464911","البيع بالجملة لخزانات المياة ، يشمل ( خزانات الفيبرجلاس ومستلزماتها)","مكاتب الشركات والمؤسسات او المحلات المتخصصة في بيع خزانات المياه بالجملة"
"F","تجارة الجملة والتجزئة وإصلاح المركبات ذات المحركات والدرجات النارية","46","تجارة الجملة ، باستثناء المركبات ذات المحركات والدراجات النارية","464","بيع السلع المنزلية بالجملة","4649","بيع السلع المنزلية الأخرى بالجملة","464912","البيع بالجملة للأثاث المنزلي والموبيليا",
"F","تجارة الجملة والتجزئة وإصلاح المركبات ذات المحركات والدرجات النارية","46","تجارة الجملة ، باستثناء المركبات ذات المحركات والدراجات النارية","464","بيع السلع المنزلية بالجملة","4649","بيع السلع المنزلية الأخرى بالجملة","464921","البيع بالجملة للأجهزة الالكترونية والكهربائية المنزلية",
"F","تجارة الجملة والتجزئة وإصلاح المركبات ذات المحركات والدرجات النارية","46","تجارة الجملة ، باستثناء المركبات ذات المحركات والدراجات النارية","464","بيع السلع المنزلية بالجملة","4649","بيع السلع المنزلية الأخرى بالجملة","464922","البيع بالجملة لقطع الغيار الخاصة بأجهزة التكييف والتبريد","مكاتب الشركات والمؤسسات او المحلات التي تقوم بالبيع بالجملة لقطع الغيار الخاصة بأجهزة التكييف والتبريد"
"F","تجارة الجملة والتجزئة وإصلاح المركبات ذات المحركات والدرجات النارية","46","تجارة الجملة ، باستثناء المركبات ذات المحركات والدراجات النارية","464","بيع السلع المنزلية بالجملة","4649","بيع السلع المنزلية الأخرى بالجملة","464923","البيع بالجملة لأجهزة الاستقبال التلفزيوني ويشمل الاستيراد",
"F","تجارة الجملة والتجزئة وإصلاح المركبات ذات المحركات والدرجات النارية","46","تجارة الجملة ، باستثناء المركبات ذات المحركات والدراجات النارية","464","بيع السلع المنزلية بالجملة","4649","بيع السلع المنزلية الأخرى بالجملة","464931","البيع بالجملة للنجف وأصناف الإضاءة",
"F","تجارة الجملة والتجزئة وإصلاح المركبات ذات المحركات والدرجات النارية","46","تجارة الجملة ، باستثناء المركبات ذات المحركات والدراجات النارية","464","بيع السلع المنزلية بالجملة","4649","بيع السلع المنزلية الأخرى بالجملة","464933","البيع بالجملة لمستلزمات الخيل","مكاتب الشركات والمؤسسات او المحلات التي تقوم بالبيع بالجملة لمستلزمات الخيل"
"F","تجارة الجملة والتجزئة وإصلاح المركبات ذات المحركات والدرجات النارية","46","تجارة الجملة ، باستثناء المركبات ذات المحركات والدراجات النارية","464","بيع السلع المنزلية بالجملة","4649","بيع السلع المنزلية الأخرى بالجملة","464934","البيع بالجملة للحقائب",
"F","تجارة الجملة والتجزئة وإصلاح المركبات ذات المحركات والدرجات النارية","46","تجارة الجملة ، باستثناء المركبات ذات المحركات والدراجات النارية","464","بيع السلع المنزلية بالجملة","4649","بيع السلع المنزلية الأخرى بالجملة","464935","البيع بالجملة لمستلزمات وأدوات العناية بالأطفال","بيع المستلزمات والأدوات التي تستخدم لأغراض العناية بالأطفال والمواليد كالمهود والمقاعد والأسرة والمشايات والعربات والسلال والمفارش والأغطية الخاصة بها والحفائظ والرضاعات ومستلزماتها"
"F","تجارة الجملة والتجزئة وإصلاح المركبات ذات المحركات والدرجات النارية","46","تجارة الجملة ، باستثناء المركبات ذات المحركات والدراجات النارية","464","بيع السلع المنزلية بالجملة","4649","بيع السلع المنزلية الأخرى بالجملة","464940","البيع بالجملة للاواني المنزلية وملحقات الموائد",
"F","تجارة الجملة والتجزئة وإصلاح المركبات ذات المحركات والدرجات النارية","46","تجارة الجملة ، باستثناء المركبات ذات المحركات والدراجات النارية","464","بيع السلع المنزلية بالجملة","4649","بيع السلع المنزلية الأخرى بالجملة","464951","البيع بالجملة للمستحضرات الصيدلانية والعشبية","المنشأة التي تقوم بإستيراد وتوزيع وبيع بالجملة للمستحضرات الصيدلانية والعشبية"
"F","تجارة الجملة والتجزئة وإصلاح المركبات ذات المحركات والدرجات النارية","46","تجارة الجملة ، باستثناء المركبات ذات المحركات والدراجات النارية","464","بيع السلع المنزلية بالجملة","4649","بيع السلع المنزلية الأخرى بالجملة","464952","البيع بالجملة لمستحضرات وصابون التجميل","هي عبارة عن مستودع يقوم بالبيع بالجملة لمستحضرات التجميل وصابون التجميل"
"F","تجارة الجملة والتجزئة وإصلاح المركبات ذات المحركات والدرجات النارية","46","تجارة الجملة ، باستثناء المركبات ذات المحركات والدراجات النارية","464","بيع السلع المنزلية بالجملة","4649","بيع السلع المنزلية الأخرى بالجملة","464953","البيع بالجملة لأعواد الأراك",
"F","تجارة الجملة والتجزئة وإصلاح المركبات ذات المحركات والدرجات النارية","46","تجارة الجملة ، باستثناء المركبات ذات المحركات والدراجات النارية","464","بيع السلع المنزلية بالجملة","4649","بيع السلع المنزلية الأخرى بالجملة","464954","البيع بالجملة لأدوات التجميل",
"F","تجارة الجملة والتجزئة وإصلاح المركبات ذات المحركات والدرجات النارية","46","تجارة الجملة ، باستثناء المركبات ذات المحركات والدراجات النارية","464","بيع السلع المنزلية بالجملة","4649","بيع السلع المنزلية الأخرى بالجملة","464955","البيع بالجملة للعود والبخور",
"F","تجارة الجملة والتجزئة وإصلاح المركبات ذات المحركات والدرجات النارية","46","تجارة الجملة ، باستثناء المركبات ذات المحركات والدراجات النارية","464","بيع السلع المنزلية بالجملة","4649","بيع السلع المنزلية الأخرى بالجملة","464956","البيع بالجملة للأجهزة والمعدات والمستلزمات الطبية","البيع بالجملة للأجهزة اوالمنتجات الطبية بما فيها المنتجات والملحقات المرتبطة بها وكذلك الأجهزة الطبية للاستخدام المنزلي مثل: أجزة قياس ضغط الدم والسكر وملحقاتها والسماعات الطبية والمنتجات ذات الاستهلاك الواحد مثل الكمامات والأقنعة الطبية والقفارات"
"F","تجارة الجملة والتجزئة وإصلاح المركبات ذات المحركات والدرجات النارية","46","تجارة الجملة ، باستثناء المركبات ذات المحركات والدراجات النارية","464","بيع السلع المنزلية بالجملة","4649","بيع السلع المنزلية الأخرى بالجملة","464957","البيع بالجملة للأجهزة المخبرية والتشخيصية الطبية","البيع بالجملة للأجهزة المخبرية والتشخيصية الطبية المستخدمة لغرض طبي مثل المحاليل الطبية المستخدمة في المختبرات للفحص وكذلك أجهزة فصل مكونات الدم ومنتجات سحب الدم"
"F","تجارة الجملة والتجزئة وإصلاح المركبات ذات المحركات والدرجات النارية","46","تجارة الجملة ، باستثناء المركبات ذات المحركات والدراجات النارية","464","بيع السلع المنزلية بالجملة","4649","بيع السلع المنزلية الأخرى بالجملة","464958","البيع بالجملة للعطور","محلات الجملة التي تقوم ببيع العطور الشرقية والغربية"
"F","تجارة الجملة والتجزئة وإصلاح المركبات ذات المحركات والدرجات النارية","46","تجارة الجملة ، باستثناء المركبات ذات المحركات والدراجات النارية","464","بيع السلع المنزلية بالجملة","4649","بيع السلع المنزلية الأخرى بالجملة","464961","البيع بالجملة للكتب والمجلات والصحف والوسائل التعليمية المساعدة ( ويشمل : استيراد الإنتاج الفكري المكتوب أو المرسوم أو المصور )",
"F","تجارة الجملة والتجزئة وإصلاح المركبات ذات المحركات والدرجات النارية","46","تجارة الجملة ، باستثناء المركبات ذات المحركات والدراجات النارية","464","بيع السلع المنزلية بالجملة","4649","بيع السلع المنزلية الأخرى بالجملة","464962","البيع بالجملة للأدوات المكتبية (القرطاسية)","مكاتب الشركات والمؤسسات او المحلات التي تقوم ببيع الأدوات المكتبية (القرطاسية) بالجملة"
"F","تجارة الجملة والتجزئة وإصلاح المركبات ذات المحركات والدرجات النارية","46","تجارة الجملة ، باستثناء المركبات ذات المحركات والدراجات النارية","464","بيع السلع المنزلية بالجملة","4649","بيع السلع المنزلية الأخرى بالجملة","464963","البيع بالجملة للكروت مسبقة الدفع","مكاتب الشركات والمؤسسات او المحلات التي تقوم بالبيع بالجملة للكروت مسبقة الدفع"
"F","تجارة الجملة والتجزئة وإصلاح المركبات ذات المحركات والدرجات النارية","46","تجارة الجملة ، باستثناء المركبات ذات المحركات والدراجات النارية","464","بيع السلع المنزلية بالجملة","4649","بيع السلع المنزلية الأخرى بالجملة","464964","البيع بالجملة للأدوات الفنية الخاصة بالرسم","مكاتب الشركات والمؤسسات او المحلات التي تقوم بالبيع بالجملة للأدوات الفنية الخاصة بالرسم"
"F","تجارة الجملة والتجزئة وإصلاح المركبات ذات المحركات والدرجات النارية","46","تجارة الجملة ، باستثناء المركبات ذات المحركات والدراجات النارية","464","بيع السلع المنزلية بالجملة","4649","بيع السلع المنزلية الأخرى بالجملة","464971","البيع بالجملة للسلع الفوتوغرافية والبصرية ( النظارات ) والمكبرات والمناظير","البيع بالجملة للسلع الفوتوغرافية والبصرية ( النظارات ) والمكبرات والمناظير ذات الاستخدام الطبي بما فيها المنتجات والملحقات المرتبطة بها"
"F","تجارة الجملة والتجزئة وإصلاح المركبات ذات المحركات والدرجات النارية","46","تجارة الجملة ، باستثناء المركبات ذات المحركات والدراجات النارية","464","بيع السلع المنزلية بالجملة","4649","بيع السلع المنزلية الأخرى بالجملة","464972","البيع بالجملة لاشرطة الكاست والفيديو dvd/cd",
"F","تجارة الجملة والتجزئة وإصلاح المركبات ذات المحركات والدرجات النارية","46","تجارة الجملة ، باستثناء المركبات ذات المحركات والدراجات النارية","464","بيع السلع المنزلية بالجملة","4649","بيع السلع المنزلية الأخرى بالجملة","464981","البيع بالجملة للساعات",
"F","تجارة الجملة والتجزئة وإصلاح المركبات ذات المحركات والدرجات النارية","46","تجارة الجملة ، باستثناء المركبات ذات المحركات والدراجات النارية","464","بيع السلع المنزلية بالجملة","4649","بيع السلع المنزلية الأخرى بالجملة","464982","البيع بالجملة للمجوهرات",
"F","تجارة الجملة والتجزئة وإصلاح المركبات ذات المحركات والدرجات النارية","46","تجارة الجملة ، باستثناء المركبات ذات المحركات والدراجات النارية","464","بيع السلع المنزلية بالجملة","4649","بيع السلع المنزلية الأخرى بالجملة","464991","البيع بالجملة للمنتجات الخشبية والفلينية والبلاستيكية","مكاتب الشركات والمؤسسات او المحلات التي تقوم ببيع المنتجات الخشبية أو الفلينية أو البلاستيكية بالجملة"
"F","تجارة الجملة والتجزئة وإصلاح المركبات ذات المحركات والدرجات النارية","46","تجارة الجملة ، باستثناء المركبات ذات المحركات والدراجات النارية","464","بيع السلع المنزلية بالجملة","4649","بيع السلع المنزلية الأخرى بالجملة","464992","البيع بالجملة للدراجات الهوائية وقطع الغيار والاكسسوارات","مكاتب الشركات والمؤسسات او المحلات المتخصصة في بيع الدراجات الهوائية وقطع غيارها وإكسسواراتها بالجملة"
"F","تجارة الجملة والتجزئة وإصلاح المركبات ذات المحركات والدرجات النارية","46","تجارة الجملة ، باستثناء المركبات ذات المحركات والدراجات النارية","464","بيع السلع المنزلية بالجملة","4649","بيع السلع المنزلية الأخرى بالجملة","464993","البيع بالجملة للسلع الجلدية وتوابع السفر",
"F","تجارة الجملة والتجزئة وإصلاح المركبات ذات المحركات والدرجات النارية","46","تجارة الجملة ، باستثناء المركبات ذات المحركات والدراجات النارية","464","بيع السلع المنزلية بالجملة","4649","بيع السلع المنزلية الأخرى بالجملة","464994","البيع بالجملة للآلات الموسيقية","مكاتب الشركات والمؤسسات او المحلات المتخصصة في بيع الآلات الموسيقية بالجملة"
"F","تجارة الجملة والتجزئة وإصلاح المركبات ذات المحركات والدرجات النارية","46","تجارة الجملة ، باستثناء المركبات ذات المحركات والدراجات النارية","464","بيع السلع المنزلية بالجملة","4649","بيع السلع المنزلية الأخرى بالجملة","464995","البيع بالجملة لالعاب الأطفال","مكاتب الشركات والمؤسسات او المحلات المتخصصة في بيع ألعاب الأطفال بالجملة"
"F","تجارة الجملة والتجزئة وإصلاح المركبات ذات المحركات والدرجات النارية","46","تجارة الجملة ، باستثناء المركبات ذات المحركات والدراجات النارية","464","بيع السلع المنزلية بالجملة","4649","بيع السلع المنزلية الأخرى بالجملة","464996","البيع بالجملة للألعاب الإلكترونية ويشمل الاستيراد",
"F","تجارة الجملة والتجزئة وإصلاح المركبات ذات المحركات والدرجات النارية","46","تجارة الجملة ، باستثناء المركبات ذات المحركات والدراجات النارية","464","بيع السلع المنزلية بالجملة","4649","بيع السلع المنزلية الأخرى بالجملة","464997","البيع بالجملة للسلع والادوات الرياضية",
"F","تجارة الجملة والتجزئة وإصلاح المركبات ذات المحركات والدرجات النارية","46","تجارة الجملة ، باستثناء المركبات ذات المحركات والدراجات النارية","464","بيع السلع المنزلية بالجملة","4649","بيع السلع المنزلية الأخرى بالجملة","464998","البيع بالجملة للسجاد والموكيت",
"F","تجارة الجملة والتجزئة وإصلاح المركبات ذات المحركات والدرجات النارية","46","تجارة الجملة ، باستثناء المركبات ذات المحركات والدراجات النارية","465","بيع الآلات والمعدات واللوازم بالجملة","4651","بيع الحواسيب والمعدات الطرفية للحواسيب والبرمجيات بالجملة","465101","البيع بالجملة للحواسيب ومستلزماتها ، يشمل (بيع الطابعات وأحبارها)",
"F","تجارة الجملة والتجزئة وإصلاح المركبات ذات المحركات والدرجات النارية","46","تجارة الجملة ، باستثناء المركبات ذات المحركات والدراجات النارية","465","بيع الآلات والمعدات واللوازم بالجملة","4651","بيع الحواسيب والمعدات الطرفية للحواسيب والبرمجيات بالجملة","465102","البيع بالجملة للبرمجيات ويشمل الاستيراد",
"F","تجارة الجملة والتجزئة وإصلاح المركبات ذات المحركات والدرجات النارية","46","تجارة الجملة ، باستثناء المركبات ذات المحركات والدراجات النارية","465","بيع الآلات والمعدات واللوازم بالجملة","4652","بيع المعدات الإلكترونية ومعدات الاتصالات وقطع غيارها بالجملة","465201","البيع بالجملة لقطع غيار المعدات والاجزاء الالكترونية الخاصة بالاتصالات وتشمل الانابيب الالكترونية والدوائر الكهربائية المدمجة والمطبوعة",
"F","تجارة الجملة والتجزئة وإصلاح المركبات ذات المحركات والدرجات النارية","46","تجارة الجملة ، باستثناء المركبات ذات المحركات والدراجات النارية","465","بيع الآلات والمعدات واللوازم بالجملة","4652","بيع المعدات الإلكترونية ومعدات الاتصالات وقطع غيارها بالجملة","465202","البيع بالجملة لاشرطة التسجيل المرئية والسمعية الممغنطة (الخالية)",
"F","تجارة الجملة والتجزئة وإصلاح المركبات ذات المحركات والدرجات النارية","46","تجارة الجملة ، باستثناء المركبات ذات المحركات والدراجات النارية","465","بيع الآلات والمعدات واللوازم بالجملة","4652","بيع المعدات الإلكترونية ومعدات الاتصالات وقطع غيارها بالجملة","465203","البيع بالجملة لأجهزة الهواتف ومعدات الاتصال",
"F","تجارة الجملة والتجزئة وإصلاح المركبات ذات المحركات والدرجات النارية","46","تجارة الجملة ، باستثناء المركبات ذات المحركات والدراجات النارية","465","بيع الآلات والمعدات واللوازم بالجملة","4652","بيع المعدات الإلكترونية ومعدات الاتصالات وقطع غيارها بالجملة","465204","البيع بالجملة لمعدات الراديو والتلفزيون",
"F","تجارة الجملة والتجزئة وإصلاح المركبات ذات المحركات والدرجات النارية","46","تجارة الجملة ، باستثناء المركبات ذات المحركات والدراجات النارية","465","بيع الآلات والمعدات واللوازم بالجملة","4652","بيع المعدات الإلكترونية ومعدات الاتصالات وقطع غيارها بالجملة",465205,"البيع بالجملة لأجهزة التسجيل والعرض","بيع أجهزة تشغيل وأجهزة عرض الأقراص المدمجة وأقراص الفيديو الرقمية بالجملة"
"F","تجارة الجملة والتجزئة وإصلاح المركبات ذات المحركات والدرجات النارية","46","تجارة الجملة ، باستثناء المركبات ذات المحركات والدراجات النارية","465","بيع الآلات والمعدات واللوازم بالجملة","4652","بيع المعدات الإلكترونية ومعدات الاتصالات وقطع غيارها بالجملة","465206","البيع بالجملة لأشباه الموصلات",
"F","تجارة الجملة والتجزئة وإصلاح المركبات ذات المحركات والدرجات النارية","46","تجارة الجملة ، باستثناء المركبات ذات المحركات والدراجات النارية","465","بيع الآلات والمعدات واللوازم بالجملة","4652","بيع المعدات الإلكترونية ومعدات الاتصالات وقطع غيارها بالجملة","465207","البيع بالجملة لكاميرات التصوير ومستلزماتها",
"F","تجارة الجملة والتجزئة وإصلاح المركبات ذات المحركات والدرجات النارية","46","تجارة الجملة ، باستثناء المركبات ذات المحركات والدراجات النارية","465","بيع الآلات والمعدات واللوازم بالجملة","4652","بيع المعدات الإلكترونية ومعدات الاتصالات وقطع غيارها بالجملة","465208","البيع بالجملة لأجهزة الخرائط الرقمية",
"F","تجارة الجملة والتجزئة وإصلاح المركبات ذات المحركات والدرجات النارية","46","تجارة الجملة ، باستثناء المركبات ذات المحركات والدراجات النارية","465","بيع الآلات والمعدات واللوازم بالجملة","4652","بيع المعدات الإلكترونية ومعدات الاتصالات وقطع غيارها بالجملة","465211","البيع بالجملة في اكسسوارات الهواتف النقالة",
"F","تجارة الجملة والتجزئة وإصلاح المركبات ذات المحركات والدرجات النارية","46","تجارة الجملة ، باستثناء المركبات ذات المحركات والدراجات النارية","465","بيع الآلات والمعدات واللوازم بالجملة","4652","بيع المعدات الإلكترونية ومعدات الاتصالات وقطع غيارها بالجملة","465212","البيع بالجملة لقطع غيار الهواتف النقالة",
"F","تجارة الجملة والتجزئة وإصلاح المركبات ذات المحركات والدرجات النارية","46","تجارة الجملة ، باستثناء المركبات ذات المحركات والدراجات النارية","465","بيع الآلات والمعدات واللوازم بالجملة","4653","بيع الآلات والمعدات واللوازم الزراعية بالجملة","465302","البيع بالجملة لآلات الحلب وتربية الدواجن",
"F","تجارة الجملة والتجزئة وإصلاح المركبات ذات المحركات والدرجات النارية","46","تجارة الجملة ، باستثناء المركبات ذات المحركات والدراجات النارية","465","بيع الآلات والمعدات واللوازم بالجملة","4653","بيع الآلات والمعدات واللوازم الزراعية بالجملة","465303","البيع بالجملة لآلات ومعدات المناحل وجمع العسل",
"F","تجارة الجملة والتجزئة وإصلاح المركبات ذات المحركات والدرجات النارية","46","تجارة الجملة ، باستثناء المركبات ذات المحركات والدراجات النارية","465","بيع الآلات والمعدات واللوازم بالجملة","4653","بيع الآلات والمعدات واللوازم الزراعية بالجملة","465304","البيع بالجملة للآلات والجرارات الزراعية وملحقاتها المستخدمة في الزراعة والتشجير وقص الحشائش","استيراد وتصدير الآلات والمعدات الزراعية بجميع انواعها مثل: الجرارات والحصادات والبذارات والرافعات والمحاريث والكاشطات والجرافات والدرّاسة والحفّارة والقشّارة والمكائن والمضخات بالإضافة الى الملحقات الزراعية."
"F","تجارة الجملة والتجزئة وإصلاح المركبات ذات المحركات والدرجات النارية","46","تجارة الجملة ، باستثناء المركبات ذات المحركات والدراجات النارية","465","بيع الآلات والمعدات واللوازم بالجملة","4653","بيع الآلات والمعدات واللوازم الزراعية بالجملة","465305","البيع بالجملة لقطع غيار المعدات والآلات الزراعية","مكاتب الشركات والمؤسسات أو المحلات التي تقوم بالبيع بالجملة لقطع غيار المعدات والآلات الزراعية"
"F","تجارة الجملة والتجزئة وإصلاح المركبات ذات المحركات والدرجات النارية","46","تجارة الجملة ، باستثناء المركبات ذات المحركات والدراجات النارية","465","بيع الآلات والمعدات واللوازم بالجملة","4659","بيع الآلات والمعدات الأخرى بالجملة","465910","البيع بالجملة للمعدات والآلات المكتبية ماعدا الحواسيب ومستلزماتها",
"F","تجارة الجملة والتجزئة وإصلاح المركبات ذات المحركات والدرجات النارية","46","تجارة الجملة ، باستثناء المركبات ذات المحركات والدراجات النارية","465","بيع الآلات والمعدات واللوازم بالجملة","4659","بيع الآلات والمعدات الأخرى بالجملة","465920","البيع بالجملة للاثاث المكتبي",
"F","تجارة الجملة والتجزئة وإصلاح المركبات ذات المحركات والدرجات النارية","46","تجارة الجملة ، باستثناء المركبات ذات المحركات والدراجات النارية","465","بيع الآلات والمعدات واللوازم بالجملة","4659","بيع الآلات والمعدات الأخرى بالجملة","465931","البيع بالجملة للعربات الكهربائية والكراسي المتحركة وعربات القولف","مكاتب الشركات والمؤسسات أو المحلات التي تقوم بالبيع بالجملة للعربات الكهربائية والكراسي المتحركة وعربات القولف"
"F","تجارة الجملة والتجزئة وإصلاح المركبات ذات المحركات والدرجات النارية","46","تجارة الجملة ، باستثناء المركبات ذات المحركات والدراجات النارية","465","بيع الآلات والمعدات واللوازم بالجملة","4659","بيع الآلات والمعدات الأخرى بالجملة","465932","البيع بالجملة لمعدات النقل ماعدا السيارات والدراجات النارية والكهربائية",
"F","تجارة الجملة والتجزئة وإصلاح المركبات ذات المحركات والدرجات النارية","46","تجارة الجملة ، باستثناء المركبات ذات المحركات والدراجات النارية","465","بيع الآلات والمعدات واللوازم بالجملة","4659","بيع الآلات والمعدات الأخرى بالجملة","465933","البيع بالجملة للأجهزة الأمنية","نشاط البيع بالجملة للأجهزة الأمنية يشمل النشاط على (7) أنشطة فرعية : (كاميرات المراقبة الأمنية/أنظمة الدوائر التليفزيونية المغلقة/أجهزة وأنظمة الإنذار ضد السرقة /أجهزة وبوابات الكشف عن المعادن/أجهزة تفتيش الحقائب والطرود /أجهزة بوابات الدخول والخروج بالبطاقات الممغنطة والبصمة/السياج الأمني)"
"F","تجارة الجملة والتجزئة وإصلاح المركبات ذات المحركات والدرجات النارية","46","تجارة الجملة ، باستثناء المركبات ذات المحركات والدراجات النارية","465","بيع الآلات والمعدات واللوازم بالجملة","4659","بيع الآلات والمعدات الأخرى بالجملة","465934","البيع بالجملة للمعدات والتجهيزات الأمنية (للمنافسات الحكومية فقط)","يشمل النشاط على (9) نشاط فرعي: (قيود الأيدي والأرجل بأنواعها/ معدات فتح الأبواب/أجهزة الكشف عن المخدرات/ معدات ووسائل التدريب المدنية/ الكشافات/ كمامات الغاز/ أجهزة إعاقة المركبات/ أجهزة تفتيش أسفل السيارات (مرايا التفتيش))"""
"F","تجارة الجملة والتجزئة وإصلاح المركبات ذات المحركات والدرجات النارية","46","تجارة الجملة ، باستثناء المركبات ذات المحركات والدراجات النارية","465","بيع الآلات والمعدات واللوازم بالجملة","4659","بيع الآلات والمعدات الأخرى بالجملة","465935","البيع بالجملة لأجهزة السلامة المرورية","نشاط البيع بالجملة لأجهزة السلامة المرورية ييشمل النشاط على (9) أنشطة فرعية: اللوحات الإرشادية والتحذيرية والتنظيمية (المعدنية والمضاءة) بجميع أنواعها الثابتة والمتحركة. / وسائل السلامة والتوعية المرورية. / معدات تنظيم المرور الثابتة والمتحركة والمعدنية والمضاءة والعاكسة. / السفتيات الصغيرة (الدائرية). /الأعمال الكهربائية فيما يتعلق بصيانة وتركيب لوحات الإرشادات الضوئية. / أجهزة مراقبة السرعة./ الأجهزة الالكترونية للدلالة على حالة الطريق. /أجهزة كاميرات ضبط السرعة./ أجهزة التحكم بالإشارات الضوئية وما يدخل في حكمها."
"F","تجارة الجملة والتجزئة وإصلاح المركبات ذات المحركات والدرجات النارية","46","تجارة الجملة ، باستثناء المركبات ذات المحركات والدراجات النارية","465","بيع الآلات والمعدات واللوازم بالجملة","4659","بيع الآلات والمعدات الأخرى بالجملة","465936","البيع بالجملة في الاجهزة العلمية",
"F","تجارة الجملة والتجزئة وإصلاح المركبات ذات المحركات والدرجات النارية","46","تجارة الجملة ، باستثناء المركبات ذات المحركات والدراجات النارية","465","بيع الآلات والمعدات واللوازم بالجملة","4659","بيع الآلات والمعدات الأخرى بالجملة","465937","البيع بالجملة لأجهزة ولوازم تقنيات التحكم في التلوث ويشمل الاستيراد",
"F","تجارة الجملة والتجزئة وإصلاح المركبات ذات المحركات والدرجات النارية","46","تجارة الجملة ، باستثناء المركبات ذات المحركات والدراجات النارية","465","بيع الآلات والمعدات واللوازم بالجملة","4659","بيع الآلات والمعدات الأخرى بالجملة","465938","البيع بالجملة لمعدات مكافحة التلوث ويشمل الاستيراد",
"F","تجارة الجملة والتجزئة وإصلاح المركبات ذات المحركات والدرجات النارية","46","تجارة الجملة ، باستثناء المركبات ذات المحركات والدراجات النارية","465","بيع الآلات والمعدات واللوازم بالجملة","4659","بيع الآلات والمعدات الأخرى بالجملة","465940","البيع بالجملة للأسلاك والمفاتيح الكهربائية ومعدات التوصيل","مكاتب الشركات والمؤسسات أو محلات الجملة التي تقوم ببيع الأسلاك والمفاتيح الكهربائية ومعدات التوصيل"
"F","تجارة الجملة والتجزئة وإصلاح المركبات ذات المحركات والدرجات النارية","46","تجارة الجملة ، باستثناء المركبات ذات المحركات والدراجات النارية","465","بيع الآلات والمعدات واللوازم بالجملة","4659","بيع الآلات والمعدات الأخرى بالجملة","465950","البيع بالجملة للمولدات والمحولات الكهربائية",
"F","تجارة الجملة والتجزئة وإصلاح المركبات ذات المحركات والدرجات النارية","46","تجارة الجملة ، باستثناء المركبات ذات المحركات والدراجات النارية","465","بيع الآلات والمعدات واللوازم بالجملة","4659","بيع الآلات والمعدات الأخرى بالجملة","465963","البيع بالجملة لأجهزة ومعدات ومواد الوقاية والحماية من الحريق","نشاط البيع بالجملة لأجهزة ومعدات ومواد الوقاية والحماية من الحريق"
"F","تجارة الجملة والتجزئة وإصلاح المركبات ذات المحركات والدرجات النارية","46","تجارة الجملة ، باستثناء المركبات ذات المحركات والدراجات النارية","465","بيع الآلات والمعدات واللوازم بالجملة","4659","بيع الآلات والمعدات الأخرى بالجملة","465964","البيع بالجملة لمعدات الإطفاء والإنقاذ","نشاط البيع بالجملة لمعدات الإطفاء والإنقاذ"
"F","تجارة الجملة والتجزئة وإصلاح المركبات ذات المحركات والدرجات النارية","46","تجارة الجملة ، باستثناء المركبات ذات المحركات والدراجات النارية","465","بيع الآلات والمعدات واللوازم بالجملة","4659","بيع الآلات والمعدات الأخرى بالجملة","465965","البيع بالجملة لأجهزة الحماية المدنية من الأليات والمعدات الثقيلة الخاصة للتدخل في حوادث انهيارات المباني والزلازل ومعدات ووسائل الوقاية الفردية","نشاط البيع بالجملة لأجهزة الحماية المدنية من الأليات والمعدات الثقيلة الخاصة للتدخل في حوادث انهيارات المباني والزلازل ومعدات ووسائل الوقاية الفردية"
"F","تجارة الجملة والتجزئة وإصلاح المركبات ذات المحركات والدرجات النارية","46","تجارة الجملة ، باستثناء المركبات ذات المحركات والدراجات النارية","465","بيع الآلات والمعدات واللوازم بالجملة","4659","بيع الآلات والمعدات الأخرى بالجملة","465966","البيع بالجملة لصافرات الإنذار المبكر ومراكز التحكم بها","نشاط البيع بالجملة لصافرات الإنذار المبكر ومراكز التحكم بها"
"F","تجارة الجملة والتجزئة وإصلاح المركبات ذات المحركات والدرجات النارية","46","تجارة الجملة ، باستثناء المركبات ذات المحركات والدراجات النارية","465","بيع الآلات والمعدات واللوازم بالجملة","4659","بيع الآلات والمعدات الأخرى بالجملة","465971","البيع بالجملة للمعدات وأدوات التحكم بالحواسيب",
"F","تجارة الجملة والتجزئة وإصلاح المركبات ذات المحركات والدرجات النارية","46","تجارة الجملة ، باستثناء المركبات ذات المحركات والدراجات النارية","465","بيع الآلات والمعدات واللوازم بالجملة","4659","بيع الآلات والمعدات الأخرى بالجملة","465972","البيع بالجملة للماكينات التحكم في الحواسيب لاستخدام الصناعة والخياطة والحياكة","تقديم خدمات البيع بالجملة للأجهزة والبرامج الحاسوبية التي تراقب وتتحكم بالمعدات والعمليات التشغيلية التي تستخدم في القطاعات الإنتاجية المتعددة. مثلاُ في أنظمة التحكم الصناعي"
"F","تجارة الجملة والتجزئة وإصلاح المركبات ذات المحركات والدرجات النارية","46","تجارة الجملة ، باستثناء المركبات ذات المحركات والدراجات النارية","465","بيع الآلات والمعدات واللوازم بالجملة","4659","بيع الآلات والمعدات الأخرى بالجملة","465973","البيع بالجملة لمعدات اخذ المقاييس",
"F","تجارة الجملة والتجزئة وإصلاح المركبات ذات المحركات والدرجات النارية","46","تجارة الجملة ، باستثناء المركبات ذات المحركات والدراجات النارية","465","بيع الآلات والمعدات واللوازم بالجملة","4659","بيع الآلات والمعدات الأخرى بالجملة","465981","البيع بالجملة للمصاعد والسلالم والسيور المتحركة","نشاط البيع بالجملة للمصاعد والسلالم والسيور المتحركة"
"F","تجارة الجملة والتجزئة وإصلاح المركبات ذات المحركات والدرجات النارية","46","تجارة الجملة ، باستثناء المركبات ذات المحركات والدراجات النارية","465","بيع الآلات والمعدات واللوازم بالجملة","4659","بيع الآلات والمعدات الأخرى بالجملة","465982","البيع بالجملة لأنظمة الرصد والمراقبة البيئية ويشمل الاستيراد",
"F","تجارة الجملة والتجزئة وإصلاح المركبات ذات المحركات والدرجات النارية","46","تجارة الجملة ، باستثناء المركبات ذات المحركات والدراجات النارية","465","بيع الآلات والمعدات واللوازم بالجملة","4659","بيع الآلات والمعدات الأخرى بالجملة","465983","البيع بالجملة للأجهزة والأدوات المعملية البيئية ويشمل الاستيراد",
"F","تجارة الجملة والتجزئة وإصلاح المركبات ذات المحركات والدرجات النارية","46","تجارة الجملة ، باستثناء المركبات ذات المحركات والدراجات النارية","465","بيع الآلات والمعدات واللوازم بالجملة","4659","بيع الآلات والمعدات الأخرى بالجملة","465984","البيع بالجملة للأجهزة والمعدات الالية المصرفية والنقدية","الاستيراد والتصدير للمعدات والأجهزة الالكترونية والميكانيكية ولوازمها المرتبطة بالمعدات المصرفية والنقدية "
"F","تجارة الجملة والتجزئة وإصلاح المركبات ذات المحركات والدرجات النارية","46","تجارة الجملة ، باستثناء المركبات ذات المحركات والدراجات النارية","465","بيع الآلات والمعدات واللوازم بالجملة","4659","بيع الآلات والمعدات الأخرى بالجملة","465991","البيع بالجملة للمنتجات الآلية ذات التشغيل الآلي -الانسان الآلي",
"F","تجارة الجملة والتجزئة وإصلاح المركبات ذات المحركات والدرجات النارية","46","تجارة الجملة ، باستثناء المركبات ذات المحركات والدراجات النارية","465","بيع الآلات والمعدات واللوازم بالجملة","4659","بيع الآلات والمعدات الأخرى بالجملة","465992","البيع بالجملة للآلات الصناعية ، يشمل بيع المناجر والمناشر",
"F","تجارة الجملة والتجزئة وإصلاح المركبات ذات المحركات والدرجات النارية","46","تجارة الجملة ، باستثناء المركبات ذات المحركات والدراجات النارية","465","بيع الآلات والمعدات واللوازم بالجملة","4659","بيع الآلات والمعدات الأخرى بالجملة","465993","البيع بالجملة لألآت ومعدات التشييد والبناء والهندسة المدنية",
"F","تجارة الجملة والتجزئة وإصلاح المركبات ذات المحركات والدرجات النارية","46","تجارة الجملة ، باستثناء المركبات ذات المحركات والدراجات النارية","465","بيع الآلات والمعدات واللوازم بالجملة","4659","بيع الآلات والمعدات الأخرى بالجملة","465994","البيع بالجملة لمعدات وأدوات التغليف",
"F","تجارة الجملة والتجزئة وإصلاح المركبات ذات المحركات والدرجات النارية","46","تجارة الجملة ، باستثناء المركبات ذات المحركات والدراجات النارية","465","بيع الآلات والمعدات واللوازم بالجملة","4659","بيع الآلات والمعدات الأخرى بالجملة","465995","البيع بالجملة لقطع غيار المعدات والآلات الصناعية",
"F","تجارة الجملة والتجزئة وإصلاح المركبات ذات المحركات والدرجات النارية","46","تجارة الجملة ، باستثناء المركبات ذات المحركات والدراجات النارية","465","بيع الآلات والمعدات واللوازم بالجملة","4659","بيع الآلات والمعدات الأخرى بالجملة","465996","البيع بالجملة لقطع غيار معدات وآلات البناء",
"F","تجارة الجملة والتجزئة وإصلاح المركبات ذات المحركات والدرجات النارية","46","تجارة الجملة ، باستثناء المركبات ذات المحركات والدراجات النارية","465","بيع الآلات والمعدات واللوازم بالجملة","4659","بيع الآلات والمعدات الأخرى بالجملة","465998","البيع بالجملة لآلات تصنيع واستنساخ المفاتيح","نشاط البيع بالجملة للآلات والأدوات الخاصة بتصنيع و بتصليح ونسخ كافة أنواع المفاتيح."
"F","تجارة الجملة والتجزئة وإصلاح المركبات ذات المحركات والدرجات النارية","46","تجارة الجملة ، باستثناء المركبات ذات المحركات والدراجات النارية","466","بيع أنواع المبيعات المتخصصة الأخرى بالجملة","4661","بيع أنواع الوقود الصلبة والسائلة والغازية وما يتصل بها من منتجات بالجملة","466110","البيع بالجملة لأنواع الوقود الصلبة ، يشمل ( بيع الفحم النباتي والحجري والاخشاب والنافثا )",
"F","تجارة الجملة والتجزئة وإصلاح المركبات ذات المحركات والدرجات النارية","46","تجارة الجملة ، باستثناء المركبات ذات المحركات والدراجات النارية","466","بيع أنواع المبيعات المتخصصة الأخرى بالجملة","4661","بيع أنواع الوقود الصلبة والسائلة والغازية وما يتصل بها من منتجات بالجملة","466120","البيع بالجملة لأنواع الوقود السائلة ، يشمل ( بيع البترول الخام ومنتجات تكرير البترول )",
"F","تجارة الجملة والتجزئة وإصلاح المركبات ذات المحركات والدرجات النارية","46","تجارة الجملة ، باستثناء المركبات ذات المحركات والدراجات النارية","466","بيع أنواع المبيعات المتخصصة الأخرى بالجملة","4661","بيع أنواع الوقود الصلبة والسائلة والغازية وما يتصل بها من منتجات بالجملة","466130","البيع الجملة لأنواع الوقود الغازية",
"F","تجارة الجملة والتجزئة وإصلاح المركبات ذات المحركات والدرجات النارية","46","تجارة الجملة ، باستثناء المركبات ذات المحركات والدراجات النارية","466","بيع أنواع المبيعات المتخصصة الأخرى بالجملة","4661","بيع أنواع الوقود الصلبة والسائلة والغازية وما يتصل بها من منتجات بالجملة","466140","البيع بالجملة لزيوت التشحيم والمنتجات النفطية المتكررة",
"F","تجارة الجملة والتجزئة وإصلاح المركبات ذات المحركات والدرجات النارية","46","تجارة الجملة ، باستثناء المركبات ذات المحركات والدراجات النارية","466","بيع أنواع المبيعات المتخصصة الأخرى بالجملة","4662","بيع المعادن وركازات المعادن بالجملة","466210","البيع بالجملة لشرائح ومسحوبات وكتل معدنية وحديدية",
"F","تجارة الجملة والتجزئة وإصلاح المركبات ذات المحركات والدرجات النارية","46","تجارة الجملة ، باستثناء المركبات ذات المحركات والدراجات النارية","466","بيع أنواع المبيعات المتخصصة الأخرى بالجملة","4662","بيع المعادن وركازات المعادن بالجملة","466220","البيع بالجملة للأنابيب المعدنية والحديدية","مكاتب الشركات والمؤسسات او المحلات التي تقوم بالبيع بالجملة للأنابيب المعدنية والحديدية"
"F","تجارة الجملة والتجزئة وإصلاح المركبات ذات المحركات والدرجات النارية","46","تجارة الجملة ، باستثناء المركبات ذات المحركات والدراجات النارية","466","بيع أنواع المبيعات المتخصصة الأخرى بالجملة","4662","بيع المعادن وركازات المعادن بالجملة","466231","البيع بالجملة للمعادن الثمينة والأحجار الكريمة",
"F","تجارة الجملة والتجزئة وإصلاح المركبات ذات المحركات والدرجات النارية","46","تجارة الجملة ، باستثناء المركبات ذات المحركات والدراجات النارية","466","بيع أنواع المبيعات المتخصصة الأخرى بالجملة","4662","بيع المعادن وركازات المعادن بالجملة","466232","استيراد المعادن الثمينة والأحجار الكريمة",
"F","تجارة الجملة والتجزئة وإصلاح المركبات ذات المحركات والدرجات النارية","46","تجارة الجملة ، باستثناء المركبات ذات المحركات والدراجات النارية","466","بيع أنواع المبيعات المتخصصة الأخرى بالجملة","4662","بيع المعادن وركازات المعادن بالجملة","466241","تجارة الموارد الفضائية","يشمل المتاجرة بالموارد غير الحية الموجودة في الفضاء الخارجي بما في ذلك المعادن والماء والتي تشمل استخدامها وتملكها وشراؤها وبيعها وتداولها"
"F","تجارة الجملة والتجزئة وإصلاح المركبات ذات المحركات والدرجات النارية","46","تجارة الجملة ، باستثناء المركبات ذات المحركات والدراجات النارية","466","بيع أنواع المبيعات المتخصصة الأخرى بالجملة","4663","بيع مواد البناء والمواد الإنشائية المعدنية ومعدات السباكة والتدفئة ولوازمها بالجملة","466310","البيع بالجملة للخشب بجميع أنواعه","مكاتب الشركات والمؤسسات أو مواقع الجملة المتخصصة في بيع الأخشاب بجميع أنواعها"
"F","تجارة الجملة والتجزئة وإصلاح المركبات ذات المحركات والدرجات النارية","46","تجارة الجملة ، باستثناء المركبات ذات المحركات والدراجات النارية","466","بيع أنواع المبيعات المتخصصة الأخرى بالجملة","4663","بيع مواد البناء والمواد الإنشائية المعدنية ومعدات السباكة والتدفئة ولوازمها بالجملة","466320","البيع بالجملة للأدوات للحديدة والأقفال","مكاتب الشركات والمؤسسات أو المحلات التي تقوم بالبيع بالجملة للأدوات للحديدة والأقفال"
"F","تجارة الجملة والتجزئة وإصلاح المركبات ذات المحركات والدرجات النارية","46","تجارة الجملة ، باستثناء المركبات ذات المحركات والدراجات النارية","466","بيع أنواع المبيعات المتخصصة الأخرى بالجملة","4663","بيع مواد البناء والمواد الإنشائية المعدنية ومعدات السباكة والتدفئة ولوازمها بالجملة","466331","البيع بالجملة للاسمنت والجص وما شابه",
"F","تجارة الجملة والتجزئة وإصلاح المركبات ذات المحركات والدرجات النارية","46","تجارة الجملة ، باستثناء المركبات ذات المحركات والدراجات النارية","466","بيع أنواع المبيعات المتخصصة الأخرى بالجملة","4663","بيع مواد البناء والمواد الإنشائية المعدنية ومعدات السباكة والتدفئة ولوازمها بالجملة","466332","البيع بالجملة للرمل والبحص بأنواعها",
"F","تجارة الجملة والتجزئة وإصلاح المركبات ذات المحركات والدرجات النارية","46","تجارة الجملة ، باستثناء المركبات ذات المحركات والدراجات النارية","466","بيع أنواع المبيعات المتخصصة الأخرى بالجملة","4663","بيع مواد البناء والمواد الإنشائية المعدنية ومعدات السباكة والتدفئة ولوازمها بالجملة","466333","البيع بالجملة للطابوق والبلك والبلاط والحجر والرخام والسيراميك والبورسلان",
"F","تجارة الجملة والتجزئة وإصلاح المركبات ذات المحركات والدرجات النارية","46","تجارة الجملة ، باستثناء المركبات ذات المحركات والدراجات النارية","466","بيع أنواع المبيعات المتخصصة الأخرى بالجملة","4663","بيع مواد البناء والمواد الإنشائية المعدنية ومعدات السباكة والتدفئة ولوازمها بالجملة","466334","البيع بالجملة لألواح الزجاج",
"F","تجارة الجملة والتجزئة وإصلاح المركبات ذات المحركات والدرجات النارية","46","تجارة الجملة ، باستثناء المركبات ذات المحركات والدراجات النارية","466","بيع أنواع المبيعات المتخصصة الأخرى بالجملة","4663","بيع مواد البناء والمواد الإنشائية المعدنية ومعدات السباكة والتدفئة ولوازمها بالجملة","466340","البيع بالجملة للأدوات الصحية وتمديداتها وسخانات وصهاريج المياه",
"F","تجارة الجملة والتجزئة وإصلاح المركبات ذات المحركات والدرجات النارية","46","تجارة الجملة ، باستثناء المركبات ذات المحركات والدراجات النارية","466","بيع أنواع المبيعات المتخصصة الأخرى بالجملة","4663","بيع مواد البناء والمواد الإنشائية المعدنية ومعدات السباكة والتدفئة ولوازمها بالجملة","466351","البيع بالجملة للأصباغ والورنيش",
"F","تجارة الجملة والتجزئة وإصلاح المركبات ذات المحركات والدرجات النارية","46","تجارة الجملة ، باستثناء المركبات ذات المحركات والدراجات النارية","466","بيع أنواع المبيعات المتخصصة الأخرى بالجملة","4663","بيع مواد البناء والمواد الإنشائية المعدنية ومعدات السباكة والتدفئة ولوازمها بالجملة","466352","البيع بالجملة للمواد العازلة ومواد الحشو والتركيب",
"F","تجارة الجملة والتجزئة وإصلاح المركبات ذات المحركات والدرجات النارية","46","تجارة الجملة ، باستثناء المركبات ذات المحركات والدراجات النارية","466","بيع أنواع المبيعات المتخصصة الأخرى بالجملة","4663","بيع مواد البناء والمواد الإنشائية المعدنية ومعدات السباكة والتدفئة ولوازمها بالجملة","466360","البيع بالجملة لورق الحائط واغطية الارضيات",
"F","تجارة الجملة والتجزئة وإصلاح المركبات ذات المحركات والدرجات النارية","46","تجارة الجملة ، باستثناء المركبات ذات المحركات والدراجات النارية","466","بيع أنواع المبيعات المتخصصة الأخرى بالجملة","4663","بيع مواد البناء والمواد الإنشائية المعدنية ومعدات السباكة والتدفئة ولوازمها بالجملة","466370","البيع بالجملة للاسقف الصناعية المعدنية والابواب والشبابيك والمصنوعات المعدنية",
"F","تجارة الجملة والتجزئة وإصلاح المركبات ذات المحركات والدرجات النارية","46","تجارة الجملة ، باستثناء المركبات ذات المحركات والدراجات النارية","466","بيع أنواع المبيعات المتخصصة الأخرى بالجملة","4663","بيع مواد البناء والمواد الإنشائية المعدنية ومعدات السباكة والتدفئة ولوازمها بالجملة","466381","البيع بالجملة للاكسسوارات المعدنية والاقفال والمفصلات وغيرها",
"F","تجارة الجملة والتجزئة وإصلاح المركبات ذات المحركات والدرجات النارية","46","تجارة الجملة ، باستثناء المركبات ذات المحركات والدراجات النارية","466","بيع أنواع المبيعات المتخصصة الأخرى بالجملة","4663","بيع مواد البناء والمواد الإنشائية المعدنية ومعدات السباكة والتدفئة ولوازمها بالجملة","466382","البيع بالجملة للعدد والادوات اليدوية مثل المفك والمنشار والمطارق وغيرها",
"F","تجارة الجملة والتجزئة وإصلاح المركبات ذات المحركات والدرجات النارية","46","تجارة الجملة ، باستثناء المركبات ذات المحركات والدراجات النارية","466","بيع أنواع المبيعات المتخصصة الأخرى بالجملة","4669","بيع النفايات والخردة وغير ذلك من المنتجات غير المصنّفة في موضع آخر بالجملة","466910","البيع بالجملة للمواد الكيميائية",
"F","تجارة الجملة والتجزئة وإصلاح المركبات ذات المحركات والدرجات النارية","46","تجارة الجملة ، باستثناء المركبات ذات المحركات والدراجات النارية","466","بيع أنواع المبيعات المتخصصة الأخرى بالجملة","4669","بيع النفايات والخردة وغير ذلك من المنتجات غير المصنّفة في موضع آخر بالجملة","466921","البيع بالجملة للأسمدة الكيماوية ومحسنات التربة","استيراد الأسمدة المركبة مثل NPK واستيراد محسنات التربة مثل البتموس وبوتنج سويل. NPK 1- النيتروجين:N 2- الفوسفور:P 3- البوتاسيوم:K"
"F","تجارة الجملة والتجزئة وإصلاح المركبات ذات المحركات والدرجات النارية","46","تجارة الجملة ، باستثناء المركبات ذات المحركات والدراجات النارية","466","بيع أنواع المبيعات المتخصصة الأخرى بالجملة","4669","بيع النفايات والخردة وغير ذلك من المنتجات غير المصنّفة في موضع آخر بالجملة","466922","البيع بالجملة للمبيدات الحشرية",
"F","تجارة الجملة والتجزئة وإصلاح المركبات ذات المحركات والدرجات النارية","46","تجارة الجملة ، باستثناء المركبات ذات المحركات والدراجات النارية","466","بيع أنواع المبيعات المتخصصة الأخرى بالجملة","4669","بيع النفايات والخردة وغير ذلك من المنتجات غير المصنّفة في موضع آخر بالجملة","466923","البيع بالجملة لمبيدات آفات الصحة",
"F","تجارة الجملة والتجزئة وإصلاح المركبات ذات المحركات والدرجات النارية","46","تجارة الجملة ، باستثناء المركبات ذات المحركات والدراجات النارية","466","بيع أنواع المبيعات المتخصصة الأخرى بالجملة","4669","بيع النفايات والخردة وغير ذلك من المنتجات غير المصنّفة في موضع آخر بالجملة","466924","البيع بالجملة وتوريد المواد الكيميائية والطبيعية المستخدمة في مكافحة التلوث",
"F","تجارة الجملة والتجزئة وإصلاح المركبات ذات المحركات والدرجات النارية","46","تجارة الجملة ، باستثناء المركبات ذات المحركات والدراجات النارية","466","بيع أنواع المبيعات المتخصصة الأخرى بالجملة","4669","بيع النفايات والخردة وغير ذلك من المنتجات غير المصنّفة في موضع آخر بالجملة","466925","البيع بالجملة للمواد الكيميائية المستخدمة في المختبرات التعليمية",
"F","تجارة الجملة والتجزئة وإصلاح المركبات ذات المحركات والدرجات النارية","46","تجارة الجملة ، باستثناء المركبات ذات المحركات والدراجات النارية","466","بيع أنواع المبيعات المتخصصة الأخرى بالجملة","4669","بيع النفايات والخردة وغير ذلك من المنتجات غير المصنّفة في موضع آخر بالجملة","466926","البيع بالجملة للمبيدات الزراعية",
"F","تجارة الجملة والتجزئة وإصلاح المركبات ذات المحركات والدرجات النارية","46","تجارة الجملة ، باستثناء المركبات ذات المحركات والدراجات النارية","466","بيع أنواع المبيعات المتخصصة الأخرى بالجملة","4669","بيع النفايات والخردة وغير ذلك من المنتجات غير المصنّفة في موضع آخر بالجملة","466927","البيع بالجملة للغازات الطبيعية (الاولية) و الصناعية","البيع بالجملة وإعادة بيع للغازات الطبيعية و الاولية و الصناعية و الغازات السائلة المستخدمة في الأغراض التجارية والصناعية، وفي الورش كغازات لحام الحديد وغيرها وكذلك التي تعمل بها الآلات والمعدات والأجهزة التي تعمل بالغازات كالمكيفات والثلاجات وأجهزة السلامة والضواغط وغيرها، ويشمل (الأكسجين ، النيتروجين ، الأرجون ، الهيدروجين ، أكسيد النيتروز ، ثاني أكسيد الكربون ، الأسيتيلين ، CFC / HFC و FM200 ...إلخ)"
"F","تجارة الجملة والتجزئة وإصلاح المركبات ذات المحركات والدرجات النارية","46","تجارة الجملة ، باستثناء المركبات ذات المحركات والدراجات النارية","466","بيع أنواع المبيعات المتخصصة الأخرى بالجملة","4669","بيع النفايات والخردة وغير ذلك من المنتجات غير المصنّفة في موضع آخر بالجملة","466928","البيع بالجملة للأسطوانات والخزانات المركزية للغازات الطبيعية (الأولية) والصناعية ومستلزماتها وتعبئتها","المحلات التي تزاول البيع بالجملة للاسطوانات والخزانات المركزية للغازات الطبيعية (الأولية) والصناعية ومتطلباتها وتعبئتها."
"F","تجارة الجملة والتجزئة وإصلاح المركبات ذات المحركات والدرجات النارية","46","تجارة الجملة ، باستثناء المركبات ذات المحركات والدراجات النارية","466","بيع أنواع المبيعات المتخصصة الأخرى بالجملة","4669","بيع النفايات والخردة وغير ذلك من المنتجات غير المصنّفة في موضع آخر بالجملة","466930","البيع بالجملة للصابون والمنظفات",
"F","تجارة الجملة والتجزئة وإصلاح المركبات ذات المحركات والدرجات النارية","46","تجارة الجملة ، باستثناء المركبات ذات المحركات والدراجات النارية","466","بيع أنواع المبيعات المتخصصة الأخرى بالجملة","4669","بيع النفايات والخردة وغير ذلك من المنتجات غير المصنّفة في موضع آخر بالجملة","466940","البيع بالجملة للمواد البلاستيكية الاولية والمطاط والالياف الصناعية",
"F","تجارة الجملة والتجزئة وإصلاح المركبات ذات المحركات والدرجات النارية","46","تجارة الجملة ، باستثناء المركبات ذات المحركات والدراجات النارية","466","بيع أنواع المبيعات المتخصصة الأخرى بالجملة","4669","بيع النفايات والخردة وغير ذلك من المنتجات غير المصنّفة في موضع آخر بالجملة","466950","البيع بالجملة للأوراق (رولات الورق)",
"F","تجارة الجملة والتجزئة وإصلاح المركبات ذات المحركات والدرجات النارية","46","تجارة الجملة ، باستثناء المركبات ذات المحركات والدراجات النارية","466","بيع أنواع المبيعات المتخصصة الأخرى بالجملة","4669","بيع النفايات والخردة وغير ذلك من المنتجات غير المصنّفة في موضع آخر بالجملة","466992","البيع بالجملة للنفايات والخردة والمواد الخاصة بإعادة الدوران ، يشمل ( الجمع والتصنيف والتفصيل والتعرية والتخزين والتسليم والتوصيل )",
"F","تجارة الجملة والتجزئة وإصلاح المركبات ذات المحركات والدرجات النارية","46","تجارة الجملة ، باستثناء المركبات ذات المحركات والدراجات النارية","466","بيع أنواع المبيعات المتخصصة الأخرى بالجملة","4669","بيع النفايات والخردة وغير ذلك من المنتجات غير المصنّفة في موضع آخر بالجملة","466993","البيع بالجملة لقطع الغيار المستعملة وانتهاء عمرها الإفتراضي بعد تفكيكها للحصول على قطع غيار قابلة للإستخدام والإستفادة من بيعها للكمبيوتر",
"F","تجارة الجملة والتجزئة وإصلاح المركبات ذات المحركات والدرجات النارية","46","تجارة الجملة ، باستثناء المركبات ذات المحركات والدراجات النارية","466","بيع أنواع المبيعات المتخصصة الأخرى بالجملة","4669","بيع النفايات والخردة وغير ذلك من المنتجات غير المصنّفة في موضع آخر بالجملة","466994","البيع بالجملة لقطع الغيار المستعملة وانتهاء عمرها الإفتراضي بعد تفكيكها للحصول على قطع غيار قابلة للاستخدام والاستفادة من بيعها للسيارات","المحلات التي تقوم بالبيع بالجملة لقطع الغيار المستعملة وانتهاء عمرها الإفتراضي بعد تفكيكها للحصول على قطع غيار قابلة للاستخدام والاستفادة من بيعها للسيارات"
"F","تجارة الجملة والتجزئة وإصلاح المركبات ذات المحركات والدرجات النارية","46","تجارة الجملة ، باستثناء المركبات ذات المحركات والدراجات النارية","466","بيع أنواع المبيعات المتخصصة الأخرى بالجملة","4669","بيع النفايات والخردة وغير ذلك من المنتجات غير المصنّفة في موضع آخر بالجملة","466995","البيع بالجملة لقطع الغيار المستعملة وانتهاء عمرها الافتراضي بعد تفكيكها للحصول على قطع غيار قابلة للاستخدام والاستفادة من بيعها للتلفزيونات",
"F","تجارة الجملة والتجزئة وإصلاح المركبات ذات المحركات والدرجات النارية","46","تجارة الجملة ، باستثناء المركبات ذات المحركات والدراجات النارية","466","بيع أنواع المبيعات المتخصصة الأخرى بالجملة","4669","بيع النفايات والخردة وغير ذلك من المنتجات غير المصنّفة في موضع آخر بالجملة","466997","البيع بالجملة للزيوت المستعملة ويشمل التصدير",
"F","تجارة الجملة والتجزئة وإصلاح المركبات ذات المحركات والدرجات النارية","46","تجارة الجملة ، باستثناء المركبات ذات المحركات والدراجات النارية","469","تجارة الجملة غير المتخصصة","4690","تجارة الجملة غير المتخصصة","469010","البيع بالجملة لماكينات الخياطة",
"F","تجارة الجملة والتجزئة وإصلاح المركبات ذات المحركات والدرجات النارية","46","تجارة الجملة ، باستثناء المركبات ذات المحركات والدراجات النارية","469","تجارة الجملة غير المتخصصة","4690","تجارة الجملة غير المتخصصة","469020","البيع بالجملة للماكينات المحاسبية والإحصائية والكتابية ومعدات المكاتب ولوازمها",
"F","تجارة الجملة والتجزئة وإصلاح المركبات ذات المحركات والدرجات النارية","46","تجارة الجملة ، باستثناء المركبات ذات المحركات والدراجات النارية","469","تجارة الجملة غير المتخصصة","4690","تجارة الجملة غير المتخصصة","469030","البيع بالجملة لمعدات ووسائل تعليمية","مكاتب الشركات والمؤسسات أو المحلات التي تقوم بالبيع بالجملة لمعدات ووسائل تعليمية"
"F","تجارة الجملة والتجزئة وإصلاح المركبات ذات المحركات والدرجات النارية","46","تجارة الجملة ، باستثناء المركبات ذات المحركات والدراجات النارية","469","تجارة الجملة غير المتخصصة","4690","تجارة الجملة غير المتخصصة","469040","البيع بالجملة للهدايا والكماليات","مكاتب الشركات والمؤسسات أو المحلات التي تقوم ببيع الهدايا والكماليات بالجملة"
"F","تجارة الجملة والتجزئة وإصلاح المركبات ذات المحركات والدرجات النارية","46","تجارة الجملة ، باستثناء المركبات ذات المحركات والدراجات النارية","469","تجارة الجملة غير المتخصصة","4690","تجارة الجملة غير المتخصصة","469061","البيع بالجملة لأجهزة ولوازم الكيماويات والمختبرات",
"F","تجارة الجملة والتجزئة وإصلاح المركبات ذات المحركات والدرجات النارية","47","تجارة التجزئة، باستثناء المركبات ذات المحركات والدراجات النارية","471","تجارة التجزئة في المتاجر غير المتخصصة","4711","البيع بالتجزئة في المتاجر غير المتخصصة التي تبيع الأطعمة والمشروبات والتبغ أساساّ","471110","الجمعيات التعاونية",
"F","تجارة الجملة والتجزئة وإصلاح المركبات ذات المحركات والدرجات النارية","47","تجارة التجزئة، باستثناء المركبات ذات المحركات والدراجات النارية","471","تجارة التجزئة في المتاجر غير المتخصصة","4711","البيع بالتجزئة في المتاجر غير المتخصصة التي تبيع الأطعمة والمشروبات والتبغ أساساّ","471121","الأسواق المركزية للمواد الغذائية والاستهلاكية",
"F","تجارة الجملة والتجزئة وإصلاح المركبات ذات المحركات والدرجات النارية","47","تجارة التجزئة، باستثناء المركبات ذات المحركات والدراجات النارية","471","تجارة التجزئة في المتاجر غير المتخصصة","4711","البيع بالتجزئة في المتاجر غير المتخصصة التي تبيع الأطعمة والمشروبات والتبغ أساساّ","471131","البقالات",
"F","تجارة الجملة والتجزئة وإصلاح المركبات ذات المحركات والدرجات النارية","47","تجارة التجزئة، باستثناء المركبات ذات المحركات والدراجات النارية","471","تجارة التجزئة في المتاجر غير المتخصصة","4711","البيع بالتجزئة في المتاجر غير المتخصصة التي تبيع الأطعمة والمشروبات والتبغ أساساّ","471132","التموينات",
"F","تجارة الجملة والتجزئة وإصلاح المركبات ذات المحركات والدرجات النارية","47","تجارة التجزئة، باستثناء المركبات ذات المحركات والدراجات النارية","471","تجارة التجزئة في المتاجر غير المتخصصة","4719","أنواع البيع الأخرى بالتجزئة في المتاجر غير المتخصصة","471920","الأسواق الشعبية","هي الأسواق المفتوحة وتكون عبارة عن مبنى مكون من دور متصل او منفصل ، وتحتوي على مجموعة مختلفة من الأنشطة التجارية والحرفية ، التي يتم فيها بيع المنتجات الشعبية والحرفية بالتجزئة مثل (الملابس ، المنسوجات ، المفروشات ، الاواني المنزلية ، الزجاجية والخزفية والفخارية ، والمشغولات اليدوية والتحف والتماثيل والمجسمات المصنوعة من الخزف والفخار واصناف الزينة)"
"F","تجارة الجملة والتجزئة وإصلاح المركبات ذات المحركات والدرجات النارية","47","تجارة التجزئة، باستثناء المركبات ذات المحركات والدراجات النارية","471","تجارة التجزئة في المتاجر غير المتخصصة","4719","أنواع البيع الأخرى بالتجزئة في المتاجر غير المتخصصة","471930","مجمعات تجارية استهلاكية",
"F","تجارة الجملة والتجزئة وإصلاح المركبات ذات المحركات والدرجات النارية","47","تجارة التجزئة، باستثناء المركبات ذات المحركات والدراجات النارية","472","بيع الأغذية والمشروبات والتبغ في المتاجر المتخصصة","4721","بيع الأغذية بالتجزئة في المتاجر المتخصصة","472111","البيع بالتجزئة للفواكه والخضروات الطازجة والمحفوظة",
"F","تجارة الجملة والتجزئة وإصلاح المركبات ذات المحركات والدرجات النارية","47","تجارة التجزئة، باستثناء المركبات ذات المحركات والدراجات النارية","472","بيع الأغذية والمشروبات والتبغ في المتاجر المتخصصة","4721","بيع الأغذية بالتجزئة في المتاجر المتخصصة","472112","البيع بالتجزئة للتمور",
"F","تجارة الجملة والتجزئة وإصلاح المركبات ذات المحركات والدرجات النارية","47","تجارة التجزئة، باستثناء المركبات ذات المحركات والدراجات النارية","472","بيع الأغذية والمشروبات والتبغ في المتاجر المتخصصة","4721","بيع الأغذية بالتجزئة في المتاجر المتخصصة","472121","البيع بالتجزئة لمنتجات الألبان والبيض والزيتون والمخللات",
"F","تجارة الجملة والتجزئة وإصلاح المركبات ذات المحركات والدرجات النارية","47","تجارة التجزئة، باستثناء المركبات ذات المحركات والدراجات النارية","472","بيع الأغذية والمشروبات والتبغ في المتاجر المتخصصة","4721","بيع الأغذية بالتجزئة في المتاجر المتخصصة","472122","البيع بالتجزئة للعسل",
"F","تجارة الجملة والتجزئة وإصلاح المركبات ذات المحركات والدرجات النارية","47","تجارة التجزئة، باستثناء المركبات ذات المحركات والدراجات النارية","472","بيع الأغذية والمشروبات والتبغ في المتاجر المتخصصة","4721","بيع الأغذية بالتجزئة في المتاجر المتخصصة","472123","البيع بالتجزئة للحليب الطازج",
"F","تجارة الجملة والتجزئة وإصلاح المركبات ذات المحركات والدرجات النارية","47","تجارة التجزئة، باستثناء المركبات ذات المحركات والدراجات النارية","472","بيع الأغذية والمشروبات والتبغ في المتاجر المتخصصة","4721","بيع الأغذية بالتجزئة في المتاجر المتخصصة","472130","البيع بالتجزئة للحوم ومنتجات اللحوم",
"F","تجارة الجملة والتجزئة وإصلاح المركبات ذات المحركات والدرجات النارية","47","تجارة التجزئة، باستثناء المركبات ذات المحركات والدراجات النارية","472","بيع الأغذية والمشروبات والتبغ في المتاجر المتخصصة","4721","بيع الأغذية بالتجزئة في المتاجر المتخصصة","472141","البيع بالتجزئة للدواجن والبيض",
"F","تجارة الجملة والتجزئة وإصلاح المركبات ذات المحركات والدرجات النارية","47","تجارة التجزئة، باستثناء المركبات ذات المحركات والدراجات النارية","472","بيع الأغذية والمشروبات والتبغ في المتاجر المتخصصة","4721","بيع الأغذية بالتجزئة في المتاجر المتخصصة","472143","البيع بالتجزئة للحوم والدواجن المجمدة",
"F","تجارة الجملة والتجزئة وإصلاح المركبات ذات المحركات والدرجات النارية","47","تجارة التجزئة، باستثناء المركبات ذات المحركات والدراجات النارية","472","بيع الأغذية والمشروبات والتبغ في المتاجر المتخصصة","4721","بيع الأغذية بالتجزئة في المتاجر المتخصصة","472150","البيع بالتجزئة للأسماك وغيرها من المأكولات البحرية ومنتجاتها",
"F","تجارة الجملة والتجزئة وإصلاح المركبات ذات المحركات والدرجات النارية","47","تجارة التجزئة، باستثناء المركبات ذات المحركات والدراجات النارية","472","بيع الأغذية والمشروبات والتبغ في المتاجر المتخصصة","4721","بيع الأغذية بالتجزئة في المتاجر المتخصصة","472161","البيع بالتجزئة لمنتجات المخابز والحلويات السكرية",
"F","تجارة الجملة والتجزئة وإصلاح المركبات ذات المحركات والدرجات النارية","47","تجارة التجزئة، باستثناء المركبات ذات المحركات والدراجات النارية","472","بيع الأغذية والمشروبات والتبغ في المتاجر المتخصصة","4721","بيع الأغذية بالتجزئة في المتاجر المتخصصة","472162","البيع بالتجزئة للشوكولاتة و الكاكاو",
"F","تجارة الجملة والتجزئة وإصلاح المركبات ذات المحركات والدرجات النارية","47","تجارة التجزئة، باستثناء المركبات ذات المحركات والدراجات النارية","472","بيع الأغذية والمشروبات والتبغ في المتاجر المتخصصة","4721","بيع الأغذية بالتجزئة في المتاجر المتخصصة","472170","البيع بالتجزئة للمكسرات والبن والتوابل والعطارة",
"F","تجارة الجملة والتجزئة وإصلاح المركبات ذات المحركات والدرجات النارية","47","تجارة التجزئة، باستثناء المركبات ذات المحركات والدراجات النارية","472","بيع الأغذية والمشروبات والتبغ في المتاجر المتخصصة","4721","بيع الأغذية بالتجزئة في المتاجر المتخصصة","472181","البيع بالتجزئة للمواشي والاغنام والجمال الحية",
"F","تجارة الجملة والتجزئة وإصلاح المركبات ذات المحركات والدرجات النارية","47","تجارة التجزئة، باستثناء المركبات ذات المحركات والدراجات النارية","472","بيع الأغذية والمشروبات والتبغ في المتاجر المتخصصة","4721","بيع الأغذية بالتجزئة في المتاجر المتخصصة","472184","البيع بالتجزئة للشعير",
"F","تجارة الجملة والتجزئة وإصلاح المركبات ذات المحركات والدرجات النارية","47","تجارة التجزئة، باستثناء المركبات ذات المحركات والدراجات النارية","472","بيع الأغذية والمشروبات والتبغ في المتاجر المتخصصة","4721","بيع الأغذية بالتجزئة في المتاجر المتخصصة","472191","تجارة الحلوى ، تشمل ( الحلوى العمانية والبحرينية )",
"F","تجارة الجملة والتجزئة وإصلاح المركبات ذات المحركات والدرجات النارية","47","تجارة التجزئة، باستثناء المركبات ذات المحركات والدراجات النارية","472","بيع الأغذية والمشروبات والتبغ في المتاجر المتخصصة","4721","بيع الأغذية بالتجزئة في المتاجر المتخصصة","472192","تجارة الأغذية الخاصة والصحية",
"F","تجارة الجملة والتجزئة وإصلاح المركبات ذات المحركات والدرجات النارية","47","تجارة التجزئة، باستثناء المركبات ذات المحركات والدراجات النارية","472","بيع الأغذية والمشروبات والتبغ في المتاجر المتخصصة","4721","بيع الأغذية بالتجزئة في المتاجر المتخصصة","472193","البيع بالتجزئة للوجبات الجاهزة المحفوظة",
"F","تجارة الجملة والتجزئة وإصلاح المركبات ذات المحركات والدرجات النارية","47","تجارة التجزئة، باستثناء المركبات ذات المحركات والدراجات النارية","472","بيع الأغذية والمشروبات والتبغ في المتاجر المتخصصة","4722","بيع المشروبات بالتجزئة في المتاجر المتخصصة","472200","بيع المشروبات بالتجزئة في المتاجر المتخصصة",
"F","تجارة الجملة والتجزئة وإصلاح المركبات ذات المحركات والدرجات النارية","47","تجارة التجزئة، باستثناء المركبات ذات المحركات والدراجات النارية","472","بيع الأغذية والمشروبات والتبغ في المتاجر المتخصصة","4723","بيع منتجات التبغ بالتجزئة في المتاجر المتخصصة","472300","بيع منتجات التبغ بالتجزئة في المتاجر المتخصصة وبيع المعسل والجراك",
"F","تجارة الجملة والتجزئة وإصلاح المركبات ذات المحركات والدرجات النارية","47","تجارة التجزئة، باستثناء المركبات ذات المحركات والدراجات النارية","473","بيع وقود السيارات بالتجزئة في المتاجر المتخصصة","4730","بيع وقود السيارات بالتجزئة في المتاجر المتخصصة","473010","البيع بالتجزئة لوقود السيارات والدراجات النارية (محطات الوقود)","هو المكان المخصص لممارسة نشاط بيع الوقود بمختلف أنواعه بالتجزئة (مثل الديزل و البنزين و الهيدروجين)."
"F","تجارة الجملة والتجزئة وإصلاح المركبات ذات المحركات والدرجات النارية","47","تجارة التجزئة، باستثناء المركبات ذات المحركات والدراجات النارية","473","بيع وقود السيارات بالتجزئة في المتاجر المتخصصة","4730","بيع وقود السيارات بالتجزئة في المتاجر المتخصصة","473020","البيع بالتجزئة للزيوت والتشحيم",
"F","تجارة الجملة والتجزئة وإصلاح المركبات ذات المحركات والدرجات النارية","47","تجارة التجزئة، باستثناء المركبات ذات المحركات والدراجات النارية","473","بيع وقود السيارات بالتجزئة في المتاجر المتخصصة","4730","بيع وقود السيارات بالتجزئة في المتاجر المتخصصة","473030","البيع بالتجزئة لمياه التبريد",
"F","تجارة الجملة والتجزئة وإصلاح المركبات ذات المحركات والدرجات النارية","47","تجارة التجزئة، باستثناء المركبات ذات المحركات والدراجات النارية","473","بيع وقود السيارات بالتجزئة في المتاجر المتخصصة","4730","بيع وقود السيارات بالتجزئة في المتاجر المتخصصة","473041","تشغيل محطات شحن المركبات الكهربائية","عملية تزويد المركبة الكهربائية بالطاقة الكهربائية اللازمة لشحن بطاريتها باستخدام الشواحن السريعة أو البطيئة للمركبات الكهربائية، وتشمل عملية الشحن (المركبات الكهربائية(EVs)، والمركبات الهجينة(PHEV))، وذلك بناءً على التنظيمات المعتمده من قبل هيئة تنظيم الكهرباء والإنتاج المزدوج."
"F","تجارة الجملة والتجزئة وإصلاح المركبات ذات المحركات والدرجات النارية","47","تجارة التجزئة، باستثناء المركبات ذات المحركات والدراجات النارية","474","بيع معدات المعلومات والاتصالات بالتجزئة في المتاجر المتخصصة","4741","بيع الحواسيب والمعدات الطرفية للحواسيب، والبرمجيات ، ومعدات الاتصالات بالتجزئة في المتاجر المتخصصة","474110","البيع بالتجزئة للحواسيب وملحقاتها ، يشمل (الطابعات وأحبارها)",
"F","تجارة الجملة والتجزئة وإصلاح المركبات ذات المحركات والدرجات النارية","47","تجارة التجزئة، باستثناء المركبات ذات المحركات والدراجات النارية","474","بيع معدات المعلومات والاتصالات بالتجزئة في المتاجر المتخصصة","4741","بيع الحواسيب والمعدات الطرفية للحواسيب، والبرمجيات ، ومعدات الاتصالات بالتجزئة في المتاجر المتخصصة","474120","البيع بالتجزئة لالعاب الفيديو وبرامجها وملحقاتها",
"F","تجارة الجملة والتجزئة وإصلاح المركبات ذات المحركات والدرجات النارية","47","تجارة التجزئة، باستثناء المركبات ذات المحركات والدراجات النارية","474","بيع معدات المعلومات والاتصالات بالتجزئة في المتاجر المتخصصة","4741","بيع الحواسيب والمعدات الطرفية للحواسيب، والبرمجيات ، ومعدات الاتصالات بالتجزئة في المتاجر المتخصصة","474130","البيع بالتجزئة لأجهزة الهواتف النقالة",
"F","تجارة الجملة والتجزئة وإصلاح المركبات ذات المحركات والدرجات النارية","47","تجارة التجزئة، باستثناء المركبات ذات المحركات والدراجات النارية","474","بيع معدات المعلومات والاتصالات بالتجزئة في المتاجر المتخصصة","4741","بيع الحواسيب والمعدات الطرفية للحواسيب، والبرمجيات ، ومعدات الاتصالات بالتجزئة في المتاجر المتخصصة","474140","البيع بالتجزئة في اكسسوارات الهواتف النقالة","المحلات التي تقوم بالبيع بالتجزئة لاكسسوارات الهواتف النقالة"
"F","تجارة الجملة والتجزئة وإصلاح المركبات ذات المحركات والدرجات النارية","47","تجارة التجزئة، باستثناء المركبات ذات المحركات والدراجات النارية","474","بيع معدات المعلومات والاتصالات بالتجزئة في المتاجر المتخصصة","4741","بيع الحواسيب والمعدات الطرفية للحواسيب، والبرمجيات ، ومعدات الاتصالات بالتجزئة في المتاجر المتخصصة","474151","البيع بالتجزئة للبرمجيات",
"F","تجارة الجملة والتجزئة وإصلاح المركبات ذات المحركات والدرجات النارية","47","تجارة التجزئة، باستثناء المركبات ذات المحركات والدراجات النارية","474","بيع معدات المعلومات والاتصالات بالتجزئة في المتاجر المتخصصة","4741","بيع الحواسيب والمعدات الطرفية للحواسيب، والبرمجيات ، ومعدات الاتصالات بالتجزئة في المتاجر المتخصصة","474152","بيع البرمجيات غير المعدة بناء على الطلب",
"F","تجارة الجملة والتجزئة وإصلاح المركبات ذات المحركات والدرجات النارية","47","تجارة التجزئة، باستثناء المركبات ذات المحركات والدراجات النارية","474","بيع معدات المعلومات والاتصالات بالتجزئة في المتاجر المتخصصة","4741","بيع الحواسيب والمعدات الطرفية للحواسيب، والبرمجيات ، ومعدات الاتصالات بالتجزئة في المتاجر المتخصصة","474153","البيع بالتجزئة لقطع غيار الهواتف النقالة","المحلات التي تقوم بالبيع بالتجزئة لقطع غيار الهواتف النقالة"
"F","تجارة الجملة والتجزئة وإصلاح المركبات ذات المحركات والدرجات النارية","47","تجارة التجزئة، باستثناء المركبات ذات المحركات والدراجات النارية","474","بيع معدات المعلومات والاتصالات بالتجزئة في المتاجر المتخصصة","4741","بيع الحواسيب والمعدات الطرفية للحواسيب، والبرمجيات ، ومعدات الاتصالات بالتجزئة في المتاجر المتخصصة","474154","بيع أجهزة وتقنيات الرصد و القياس الفلكية بالتجزئة","يشمل المتاجرة بمعدات وتقنيات الفلك بما فيها أجهزة التتبع والرصد والتلسكوبات"
"F","تجارة الجملة والتجزئة وإصلاح المركبات ذات المحركات والدرجات النارية","47","تجارة التجزئة، باستثناء المركبات ذات المحركات والدراجات النارية","474","بيع معدات المعلومات والاتصالات بالتجزئة في المتاجر المتخصصة","4742","بيع المعدات الصوتية والبصرية بالتجزئة في المتاجر المتخصصة","474210","البيع بالتجزئة لمعدات الراديو والتلفزيون",
"F","تجارة الجملة والتجزئة وإصلاح المركبات ذات المحركات والدرجات النارية","47","تجارة التجزئة، باستثناء المركبات ذات المحركات والدراجات النارية","474","بيع معدات المعلومات والاتصالات بالتجزئة في المتاجر المتخصصة","4742","بيع المعدات الصوتية والبصرية بالتجزئة في المتاجر المتخصصة","474220","البيع بالتجزئة للمعدات السمعية والصوتية",
"F","تجارة الجملة والتجزئة وإصلاح المركبات ذات المحركات والدرجات النارية","47","تجارة التجزئة، باستثناء المركبات ذات المحركات والدراجات النارية","474","بيع معدات المعلومات والاتصالات بالتجزئة في المتاجر المتخصصة","4742","بيع المعدات الصوتية والبصرية بالتجزئة في المتاجر المتخصصة","474230","البيع بالتجزئة لأجهزة التسجيل والعرض للاشرطة الممغنطة CD - DVD",
"F","تجارة الجملة والتجزئة وإصلاح المركبات ذات المحركات والدرجات النارية","47","تجارة التجزئة، باستثناء المركبات ذات المحركات والدراجات النارية","475","بيع المعدات المنزلية الأخرى بالتجزئة في المتاجر المتخصصة","4751","بيع المنسوجات بالتجزئة في المتاجر المتخصصة","475110","البيع بالتجزئة للمنسوجات والاقمشة بأنواعها ( الملبوسة)","المحلات التي تقوم بعرض وبيع المنسوجات والأقمشة الملبوسة بأنواعها بالتجزئة"
"F","تجارة الجملة والتجزئة وإصلاح المركبات ذات المحركات والدرجات النارية","47","تجارة التجزئة، باستثناء المركبات ذات المحركات والدراجات النارية","475","بيع المعدات المنزلية الأخرى بالتجزئة في المتاجر المتخصصة","4751","بيع المنسوجات بالتجزئة في المتاجر المتخصصة","475120","البيع بالتجزئة للمنسوجات والأقمشة بأنواعها (غير الملبوسات) مثل الستائر","المحلات التي تقوم بعرض وبيع المنسوجات والأقمشة (غير الملبوسة) بأنواعها مثل الستائر"
"F","تجارة الجملة والتجزئة وإصلاح المركبات ذات المحركات والدرجات النارية","47","تجارة التجزئة، باستثناء المركبات ذات المحركات والدراجات النارية","475","بيع المعدات المنزلية الأخرى بالتجزئة في المتاجر المتخصصة","4751","بيع المنسوجات بالتجزئة في المتاجر المتخصصة","475130","البيع بالتجزئة للمواد الاساسية للسجاد والتطريز والزخرفة","المحلات التي تقوم بالبيع بالتجزئة للمواد الاساسية للسجاد والتطريز والزخرفة"
"F","تجارة الجملة والتجزئة وإصلاح المركبات ذات المحركات والدرجات النارية","47","تجارة التجزئة، باستثناء المركبات ذات المحركات والدراجات النارية","475","بيع المعدات المنزلية الأخرى بالتجزئة في المتاجر المتخصصة","4751","بيع المنسوجات بالتجزئة في المتاجر المتخصصة","475140","البيع بالتجزئة لمستلزمات الخياطة والحياكة (الكلف)","المحلات التي تقوم ببيع لوازم الخياطة والحياكة (الكلف) بالتجزئة"
"F","تجارة الجملة والتجزئة وإصلاح المركبات ذات المحركات والدرجات النارية","47","تجارة التجزئة، باستثناء المركبات ذات المحركات والدراجات النارية","475","بيع المعدات المنزلية الأخرى بالتجزئة في المتاجر المتخصصة","4751","بيع المنسوجات بالتجزئة في المتاجر المتخصصة","475150","البيع بالتجزئة للخيام","المحلات التي تقوم ببيع الخيام بالتجزئة"
"F","تجارة الجملة والتجزئة وإصلاح المركبات ذات المحركات والدرجات النارية","47","تجارة التجزئة، باستثناء المركبات ذات المحركات والدراجات النارية","475","بيع المعدات المنزلية الأخرى بالتجزئة في المتاجر المتخصصة","4751","بيع المنسوجات بالتجزئة في المتاجر المتخصصة","475160","البيع بالتجزئة للبطانيات والشراشف والبياضات والمفارش","المحلات التي تقوم ببيع البطانيات والبياضات والشراشف والمفارش وما شابهها بالتجزئة"
"F","تجارة الجملة والتجزئة وإصلاح المركبات ذات المحركات والدرجات النارية","47","تجارة التجزئة، باستثناء المركبات ذات المحركات والدراجات النارية","475","بيع المعدات المنزلية الأخرى بالتجزئة في المتاجر المتخصصة","4752","بيع الأدوات المعدنية والطلاء والزجاج بالتجزئة في المتاجر المتخصصة","475210","البيع بالتجزئة للخرداوات المعدنية وعدد وادوات النجارة والحدادة","المحلات التي تقوم ببيع عدد وأدوات النجارة والحدادة اليدوية والخردوات المعدنية"
"F","تجارة الجملة والتجزئة وإصلاح المركبات ذات المحركات والدرجات النارية","47","تجارة التجزئة، باستثناء المركبات ذات المحركات والدراجات النارية","475","بيع المعدات المنزلية الأخرى بالتجزئة في المتاجر المتخصصة","4752","بيع الأدوات المعدنية والطلاء والزجاج بالتجزئة في المتاجر المتخصصة","475220","البيع بالتجزئة لألواح الزجاج","المحلات التي تقوم ببيع الزجاج والمرايا بالتجزئة"
"F","تجارة الجملة والتجزئة وإصلاح المركبات ذات المحركات والدرجات النارية","47","تجارة التجزئة، باستثناء المركبات ذات المحركات والدراجات النارية","475","بيع المعدات المنزلية الأخرى بالتجزئة في المتاجر المتخصصة","4752","بيع الأدوات المعدنية والطلاء والزجاج بالتجزئة في المتاجر المتخصصة","475230","البيع بالتجزئة للأصباغ والطلاء والورنيش والمواد اللاصقة","المحلات التي تقوم بالبيع بالتجزئة للأصباغ والطلاء والورنيش والمواد اللاصقة"
"F","تجارة الجملة والتجزئة وإصلاح المركبات ذات المحركات والدرجات النارية","47","تجارة التجزئة، باستثناء المركبات ذات المحركات والدراجات النارية","475","بيع المعدات المنزلية الأخرى بالتجزئة في المتاجر المتخصصة","4752","بيع الأدوات المعدنية والطلاء والزجاج بالتجزئة في المتاجر المتخصصة","475240","البيع بالتجزئة للأدوات الصحية وتمديداتها مثل (المغاسل، الكراسي، المغاطس،...الخ) وأجهزة حمامات السونا","المحلات التي تقوم ببيع الأدوات الصحية مثل المغاسل والكراسي والمغاطس وغيرها بالتجزئة"
"F","تجارة الجملة والتجزئة وإصلاح المركبات ذات المحركات والدرجات النارية","47","تجارة التجزئة، باستثناء المركبات ذات المحركات والدراجات النارية","475","بيع المعدات المنزلية الأخرى بالتجزئة في المتاجر المتخصصة","4752","بيع الأدوات المعدنية والطلاء والزجاج بالتجزئة في المتاجر المتخصصة","475250","البيع بالتجزئة للادوات الكهربائية وتمديداتها","المحلات التي تقوم ببيع الأدوات الكهربائية وتمديداتها بالتجزئة"
"F","تجارة الجملة والتجزئة وإصلاح المركبات ذات المحركات والدرجات النارية","47","تجارة التجزئة، باستثناء المركبات ذات المحركات والدراجات النارية","475","بيع المعدات المنزلية الأخرى بالتجزئة في المتاجر المتخصصة","4752","بيع الأدوات المعدنية والطلاء والزجاج بالتجزئة في المتاجر المتخصصة","475260","البيع بالتجزئة لمنتجات الديكور والاسقف الصناعية والمواد العازلة ومواد البناء",
"F","تجارة الجملة والتجزئة وإصلاح المركبات ذات المحركات والدرجات النارية","47","تجارة التجزئة، باستثناء المركبات ذات المحركات والدراجات النارية","475","بيع المعدات المنزلية الأخرى بالتجزئة في المتاجر المتخصصة","4752","بيع الأدوات المعدنية والطلاء والزجاج بالتجزئة في المتاجر المتخصصة","475270","البيع بالتجزئة لمكائن قص الحشائش",
"F","تجارة الجملة والتجزئة وإصلاح المركبات ذات المحركات والدرجات النارية","47","تجارة التجزئة، باستثناء المركبات ذات المحركات والدراجات النارية","475","بيع المعدات المنزلية الأخرى بالتجزئة في المتاجر المتخصصة","4752","بيع الأدوات المعدنية والطلاء والزجاج بالتجزئة في المتاجر المتخصصة","475281","البيع بالتجزئة لمواد البناء ، يشمل ( الأسمنت ، البلك ، الجبس ، البلاط الأسمنتي... الخ )",
"F","تجارة الجملة والتجزئة وإصلاح المركبات ذات المحركات والدرجات النارية","47","تجارة التجزئة، باستثناء المركبات ذات المحركات والدراجات النارية","475","بيع المعدات المنزلية الأخرى بالتجزئة في المتاجر المتخصصة","4752","بيع الأدوات المعدنية والطلاء والزجاج بالتجزئة في المتاجر المتخصصة","475282","البيع بالتجزئة لسكراب مواد البناء (يشمل تجارة الحديد الخردة)",
"F","تجارة الجملة والتجزئة وإصلاح المركبات ذات المحركات والدرجات النارية","47","تجارة التجزئة، باستثناء المركبات ذات المحركات والدراجات النارية","475","بيع المعدات المنزلية الأخرى بالتجزئة في المتاجر المتخصصة","4752","بيع الأدوات المعدنية والطلاء والزجاج بالتجزئة في المتاجر المتخصصة","475283","البيع بالتجزئة للرخام والحجر الطبيعي والاصطناعي والسيراميك والبورسلان",
"F","تجارة الجملة والتجزئة وإصلاح المركبات ذات المحركات والدرجات النارية","47","تجارة التجزئة، باستثناء المركبات ذات المحركات والدراجات النارية","475","بيع المعدات المنزلية الأخرى بالتجزئة في المتاجر المتخصصة","4752","بيع الأدوات المعدنية والطلاء والزجاج بالتجزئة في المتاجر المتخصصة","475284","البيع بالتجزئة للرمل والبحص بأنواعها",
"F","تجارة الجملة والتجزئة وإصلاح المركبات ذات المحركات والدرجات النارية","47","تجارة التجزئة، باستثناء المركبات ذات المحركات والدراجات النارية","475","بيع المعدات المنزلية الأخرى بالتجزئة في المتاجر المتخصصة","4752","بيع الأدوات المعدنية والطلاء والزجاج بالتجزئة في المتاجر المتخصصة","475285","البيع بالتجزئة لخشب البناء",
"F","تجارة الجملة والتجزئة وإصلاح المركبات ذات المحركات والدرجات النارية","47","تجارة التجزئة، باستثناء المركبات ذات المحركات والدراجات النارية","475","بيع المعدات المنزلية الأخرى بالتجزئة في المتاجر المتخصصة","4752","بيع الأدوات المعدنية والطلاء والزجاج بالتجزئة في المتاجر المتخصصة","475286","البيع بالتجزئة للأنابيب المعدنية والحديدية",
"F","تجارة الجملة والتجزئة وإصلاح المركبات ذات المحركات والدرجات النارية","47","تجارة التجزئة، باستثناء المركبات ذات المحركات والدراجات النارية","475","بيع المعدات المنزلية الأخرى بالتجزئة في المتاجر المتخصصة","4753","بيع السجاد والبُسط وكسوة الأرضيات والحوائط بالتجزئة في المحلات المتخصصة","475310","البيع بالتجزئة للسجاد والبسط","المحلات التي تقوم ببيع السجاد والبسط بالتجزئة"
"F","تجارة الجملة والتجزئة وإصلاح المركبات ذات المحركات والدرجات النارية","47","تجارة التجزئة، باستثناء المركبات ذات المحركات والدراجات النارية","475","بيع المعدات المنزلية الأخرى بالتجزئة في المتاجر المتخصصة","4753","بيع السجاد والبُسط وكسوة الأرضيات والحوائط بالتجزئة في المحلات المتخصصة","475320","البيع بالتجزئة للستائر الجاهزة والناموسيات","المحلات التي تقوم بالبيع بالتجزئة للستائر الجاهزة والناموسيات"
"F","تجارة الجملة والتجزئة وإصلاح المركبات ذات المحركات والدرجات النارية","47","تجارة التجزئة، باستثناء المركبات ذات المحركات والدراجات النارية","475","بيع المعدات المنزلية الأخرى بالتجزئة في المتاجر المتخصصة","4753","بيع السجاد والبُسط وكسوة الأرضيات والحوائط بالتجزئة في المحلات المتخصصة","475330","البيع بالتجزئة لأوراق الجدران واغطية الارضيات",
"F","تجارة الجملة والتجزئة وإصلاح المركبات ذات المحركات والدرجات النارية","47","تجارة التجزئة، باستثناء المركبات ذات المحركات والدراجات النارية","475","بيع المعدات المنزلية الأخرى بالتجزئة في المتاجر المتخصصة","4759","البيع بالتجزئة للأجهزة الكهربائية المنزلية والأثاث ومعدات الإضاءة وغيرها من الأصناف المنزلية في المتاجر المتخصصة","475910","البيع بالتجزئة للأثاث المنزلي","المحلات التي تقوم ببيع الأثاث المنزلي الجديد بالتجزئة ويشمل فرشات الاسفنج والاسفتنج المستخدم في الاثاث والستائر والسجاد المنزلي"
"F","تجارة الجملة والتجزئة وإصلاح المركبات ذات المحركات والدرجات النارية","47","تجارة التجزئة، باستثناء المركبات ذات المحركات والدراجات النارية","475","بيع المعدات المنزلية الأخرى بالتجزئة في المتاجر المتخصصة","4759","البيع بالتجزئة للأجهزة الكهربائية المنزلية والأثاث ومعدات الإضاءة وغيرها من الأصناف المنزلية في المتاجر المتخصصة","475921","البيع بالتجزئة للأجهزة الالكترونية والكهربائية المنزلية","المحلات التي تقوم ببيع الاجهزة الالكترونية والكهربائية المنزلية بالتجزئة وتشمل معارض الاجهزة الكهربائية والالكترونية مثل التلفزيونات والثلاجات والمكيفات والغسالات... الخ"
"F","تجارة الجملة والتجزئة وإصلاح المركبات ذات المحركات والدرجات النارية","47","تجارة التجزئة، باستثناء المركبات ذات المحركات والدراجات النارية","475","بيع المعدات المنزلية الأخرى بالتجزئة في المتاجر المتخصصة","4759","البيع بالتجزئة للأجهزة الكهربائية المنزلية والأثاث ومعدات الإضاءة وغيرها من الأصناف المنزلية في المتاجر المتخصصة","475922","البيع بالتجزئة للأجهزة المنزلية (فيما عدا الأجهزة المذكورة في الفئة 4742)",
"F","تجارة الجملة والتجزئة وإصلاح المركبات ذات المحركات والدرجات النارية","47","تجارة التجزئة، باستثناء المركبات ذات المحركات والدراجات النارية","475","بيع المعدات المنزلية الأخرى بالتجزئة في المتاجر المتخصصة","4759","البيع بالتجزئة للأجهزة الكهربائية المنزلية والأثاث ومعدات الإضاءة وغيرها من الأصناف المنزلية في المتاجر المتخصصة","475923","البيع بالتجزئة للأجهزة الاستقبال التلفزيوني",
"F","تجارة الجملة والتجزئة وإصلاح المركبات ذات المحركات والدرجات النارية","47","تجارة التجزئة، باستثناء المركبات ذات المحركات والدراجات النارية","475","بيع المعدات المنزلية الأخرى بالتجزئة في المتاجر المتخصصة","4759","البيع بالتجزئة للأجهزة الكهربائية المنزلية والأثاث ومعدات الإضاءة وغيرها من الأصناف المنزلية في المتاجر المتخصصة","475924","البيع بالتجزئة للمنتجات الخشبية والفلينية والبلاستيكية",
"F","تجارة الجملة والتجزئة وإصلاح المركبات ذات المحركات والدرجات النارية","47","تجارة التجزئة، باستثناء المركبات ذات المحركات والدراجات النارية","475","بيع المعدات المنزلية الأخرى بالتجزئة في المتاجر المتخصصة","4759","البيع بالتجزئة للأجهزة الكهربائية المنزلية والأثاث ومعدات الإضاءة وغيرها من الأصناف المنزلية في المتاجر المتخصصة","475930","البيع بالتجزئة للادوات المنزلية والمشغولات اليدوية المتنوعة (أدوات القطع، والخزفيات، والأواني الزجاجيه والفخارية... الخ)",
"F","تجارة الجملة والتجزئة وإصلاح المركبات ذات المحركات والدرجات النارية","47","تجارة التجزئة، باستثناء المركبات ذات المحركات والدراجات النارية","475","بيع المعدات المنزلية الأخرى بالتجزئة في المتاجر المتخصصة","4759","البيع بالتجزئة للأجهزة الكهربائية المنزلية والأثاث ومعدات الإضاءة وغيرها من الأصناف المنزلية في المتاجر المتخصصة","475940","البيع بالتجزئة للثريات والنجف والسلع المستخدمة في الإضاءة ومستلزماتها","المحلات التي تقوم ببيع الثريات والنجف والسلع المستخدمة في الإضاءة ومستلزماتها بالتجزئة"
"F","تجارة الجملة والتجزئة وإصلاح المركبات ذات المحركات والدرجات النارية","47","تجارة التجزئة، باستثناء المركبات ذات المحركات والدراجات النارية","475","بيع المعدات المنزلية الأخرى بالتجزئة في المتاجر المتخصصة","4759","البيع بالتجزئة للأجهزة الكهربائية المنزلية والأثاث ومعدات الإضاءة وغيرها من الأصناف المنزلية في المتاجر المتخصصة","475950","البيع بالتجزئة للآلات الموسيقية","المحلات التي تقوم ببيع الأدوات الموسيقية بالتجزئة"
"F","تجارة الجملة والتجزئة وإصلاح المركبات ذات المحركات والدرجات النارية","47","تجارة التجزئة، باستثناء المركبات ذات المحركات والدراجات النارية","475","بيع المعدات المنزلية الأخرى بالتجزئة في المتاجر المتخصصة","4759","البيع بالتجزئة للأجهزة الكهربائية المنزلية والأثاث ومعدات الإضاءة وغيرها من الأصناف المنزلية في المتاجر المتخصصة","475960","البيع بالتجزئة لانظمة الامن والسلامة ، يشمل ( الأقفال والخزائن ...الخ )",
"F","تجارة الجملة والتجزئة وإصلاح المركبات ذات المحركات والدرجات النارية","47","تجارة التجزئة، باستثناء المركبات ذات المحركات والدراجات النارية","475","بيع المعدات المنزلية الأخرى بالتجزئة في المتاجر المتخصصة","4759","البيع بالتجزئة للأجهزة الكهربائية المنزلية والأثاث ومعدات الإضاءة وغيرها من الأصناف المنزلية في المتاجر المتخصصة","475970","البيع بالتجزئة لخزانات المياة مثل خزانات (الفيبرجلاس) ومستلزماتها",
"F","تجارة الجملة والتجزئة وإصلاح المركبات ذات المحركات والدرجات النارية","47","تجارة التجزئة، باستثناء المركبات ذات المحركات والدراجات النارية","475","بيع المعدات المنزلية الأخرى بالتجزئة في المتاجر المتخصصة","4759","البيع بالتجزئة للأجهزة الكهربائية المنزلية والأثاث ومعدات الإضاءة وغيرها من الأصناف المنزلية في المتاجر المتخصصة","475980","تجارة التجزئة لمعدات السلامة والإطفاء والأمن الصناعي ، يشمل تعبئة طفايات الحريق دون إجراء عمليات تحويلية",
"F","تجارة الجملة والتجزئة وإصلاح المركبات ذات المحركات والدرجات النارية","47","تجارة التجزئة، باستثناء المركبات ذات المحركات والدراجات النارية","476","بيع المواد الثقافية والترفيهية بالتجزئة في المتاجر المتخصصة","4761","بيع الكتب والصحف والأدوات المكتبية بالتجزئة في المتاجر المتخصصة","476110","البيع بالتجزئة للكتب والمجلات والصحف والوسائل التعليمية المساعدة",
"F","تجارة الجملة والتجزئة وإصلاح المركبات ذات المحركات والدرجات النارية","47","تجارة التجزئة، باستثناء المركبات ذات المحركات والدراجات النارية","476","بيع المواد الثقافية والترفيهية بالتجزئة في المتاجر المتخصصة","4761","بيع الكتب والصحف والأدوات المكتبية بالتجزئة في المتاجر المتخصصة","476121","البيع بالتجزئة للأثاث المكتبي","المحلات التي تقوم بالبيع بالتجزئة للاثاث المكتبي"
"F","تجارة الجملة والتجزئة وإصلاح المركبات ذات المحركات والدرجات النارية","47","تجارة التجزئة، باستثناء المركبات ذات المحركات والدراجات النارية","476","بيع المواد الثقافية والترفيهية بالتجزئة في المتاجر المتخصصة","4761","بيع الكتب والصحف والأدوات المكتبية بالتجزئة في المتاجر المتخصصة","476122","البيع بالتجزئة للأدوات الفنية الخاصة بالرسم","المحلات التي تقوم بالبيع بالتجزئة للأدوات الفنية الخاصة بالرسم"
"F","تجارة الجملة والتجزئة وإصلاح المركبات ذات المحركات والدرجات النارية","47","تجارة التجزئة، باستثناء المركبات ذات المحركات والدراجات النارية","476","بيع المواد الثقافية والترفيهية بالتجزئة في المتاجر المتخصصة","4761","بيع الكتب والصحف والأدوات المكتبية بالتجزئة في المتاجر المتخصصة","476123","البيع بالتجزئة للقرطاسية والادوات المكتبية والجرائد والمجلات (المكتبات )","المحلات التي تقوم ببيع الادوات القرطاسية والكتب بالتجزئة"
"F","تجارة الجملة والتجزئة وإصلاح المركبات ذات المحركات والدرجات النارية","47","تجارة التجزئة، باستثناء المركبات ذات المحركات والدراجات النارية","476","بيع المواد الثقافية والترفيهية بالتجزئة في المتاجر المتخصصة","4761","بيع الكتب والصحف والأدوات المكتبية بالتجزئة في المتاجر المتخصصة","476130","البيع بالتجزئة للكروت(البطاقات) مسبقة الدفع بكافة أنواعها","بيع شرائح الاتصالات وبطاقات الشحن بالتجزئة"
"F","تجارة الجملة والتجزئة وإصلاح المركبات ذات المحركات والدرجات النارية","47","تجارة التجزئة، باستثناء المركبات ذات المحركات والدراجات النارية","476","بيع المواد الثقافية والترفيهية بالتجزئة في المتاجر المتخصصة","4762","بيع التسجيلات الموسيقية وتسجيلات الفيديو بالتجزئة في المتاجر المتخصصة","476211","البيع بالتجزئة لاشرطة الكاسيت والفيديو وdvd المسجلة بكافة أنواعها",
"F","تجارة الجملة والتجزئة وإصلاح المركبات ذات المحركات والدرجات النارية","47","تجارة التجزئة، باستثناء المركبات ذات المحركات والدراجات النارية","476","بيع المواد الثقافية والترفيهية بالتجزئة في المتاجر المتخصصة","4762","بيع التسجيلات الموسيقية وتسجيلات الفيديو بالتجزئة في المتاجر المتخصصة","476212","البيع بالتجزئة للاشرطة بكافة أنواعها الغير مسجلة","المحلات التي تقوم بالبيع بالتجزئة للاشرطة بكافة أنواعها الغير مسجلة"
"F","تجارة الجملة والتجزئة وإصلاح المركبات ذات المحركات والدرجات النارية","47","تجارة التجزئة، باستثناء المركبات ذات المحركات والدراجات النارية","476","بيع المواد الثقافية والترفيهية بالتجزئة في المتاجر المتخصصة","4763","بيع الأدوات الرياضية بالتجزئة في المتاجر المتخصصة","476311","البيع بالتجزئة للمعدات الرياضية والصيد والدراجات الهوائية وغيرها",
"F","تجارة الجملة والتجزئة وإصلاح المركبات ذات المحركات والدرجات النارية","47","تجارة التجزئة، باستثناء المركبات ذات المحركات والدراجات النارية","476","بيع المواد الثقافية والترفيهية بالتجزئة في المتاجر المتخصصة","4763","بيع الأدوات الرياضية بالتجزئة في المتاجر المتخصصة","476312","البيع بالتجزئة لمعدات التخييم",
"F","تجارة الجملة والتجزئة وإصلاح المركبات ذات المحركات والدرجات النارية","47","تجارة التجزئة، باستثناء المركبات ذات المحركات والدراجات النارية","476","بيع المواد الثقافية والترفيهية بالتجزئة في المتاجر المتخصصة","4763","بيع الأدوات الرياضية بالتجزئة في المتاجر المتخصصة","476313","البيع بالتجزئة للقوارب والدراجات الهوائية وغيرها","المحلات التي تقوم ببيع القوارب والدراجات الهوائية بالتجزئة"
"F","تجارة الجملة والتجزئة وإصلاح المركبات ذات المحركات والدرجات النارية","47","تجارة التجزئة، باستثناء المركبات ذات المحركات والدراجات النارية","476","بيع المواد الثقافية والترفيهية بالتجزئة في المتاجر المتخصصة","4763","بيع الأدوات الرياضية بالتجزئة في المتاجر المتخصصة","476314","البيع بالتجزئة للأسلحة الهوائية وأسلحة الصيد","نشاط البيع بالتجزئة لأسلحة الرماية الهوائية دون بارود التي ينطلق مقذوفها بواسطة ضغط الهواء أو دفع نابض بالإضافة للأسلحة المصممة لأغراض الصيد."
"F","تجارة الجملة والتجزئة وإصلاح المركبات ذات المحركات والدرجات النارية","47","تجارة التجزئة، باستثناء المركبات ذات المحركات والدراجات النارية","476","بيع المواد الثقافية والترفيهية بالتجزئة في المتاجر المتخصصة","4763","بيع الأدوات الرياضية بالتجزئة في المتاجر المتخصصة","476315","البيع بالتجزئة للوازم الرحلات والصيد","المحلات التي تقوم بالبيع بالتجزئة للوازم الرحلات والصيد"
"F","تجارة الجملة والتجزئة وإصلاح المركبات ذات المحركات والدرجات النارية","47","تجارة التجزئة، باستثناء المركبات ذات المحركات والدراجات النارية","476","بيع المواد الثقافية والترفيهية بالتجزئة في المتاجر المتخصصة","4763","بيع الأدوات الرياضية بالتجزئة في المتاجر المتخصصة","476391","البيع بالتجزئة للعربات الكهربائية والكراسي المتحركة وعربات القولف","المحلات التي تقوم ببيع العربات التي تعمل من خلال الشحن بالكهرباء وتشمل العربات الكهربائية والكراسي المتحركة وعربات القولف"
"F","تجارة الجملة والتجزئة وإصلاح المركبات ذات المحركات والدرجات النارية","47","تجارة التجزئة، باستثناء المركبات ذات المحركات والدراجات النارية","476","بيع المواد الثقافية والترفيهية بالتجزئة في المتاجر المتخصصة","4764","بيع الألعاب واللّعب بالتجزئة في المتاجر المتخصصة","476410","بيع الألعاب واللّعب بالتجزئة في المتاجر المتخصصة","المحلات التي تقوم ببيع ألعاب الأطفال بالتجزئة"
"F","تجارة الجملة والتجزئة وإصلاح المركبات ذات المحركات والدرجات النارية","47","تجارة التجزئة، باستثناء المركبات ذات المحركات والدراجات النارية","477","بيع السلع الأخرى بالتجزئة في المتاجر المتخصصة","4771","بيع الملبوسات والأحذية والاصناف الجلدية بالتجزئة في المتاجر المتخصصة","477111","البيع بالتجزئة للملابس الجاهزة الرجالية",
"F","تجارة الجملة والتجزئة وإصلاح المركبات ذات المحركات والدرجات النارية","47","تجارة التجزئة، باستثناء المركبات ذات المحركات والدراجات النارية","477","بيع السلع الأخرى بالتجزئة في المتاجر المتخصصة","4771","بيع الملبوسات والأحذية والاصناف الجلدية بالتجزئة في المتاجر المتخصصة","477112","البيع بالتجزئة للملابس الجاهزة النسائية",
"F","تجارة الجملة والتجزئة وإصلاح المركبات ذات المحركات والدرجات النارية","47","تجارة التجزئة، باستثناء المركبات ذات المحركات والدراجات النارية","477","بيع السلع الأخرى بالتجزئة في المتاجر المتخصصة","4771","بيع الملبوسات والأحذية والاصناف الجلدية بالتجزئة في المتاجر المتخصصة","477113","البيع بالتجزئة للملابس الجاهزة للأطفال",
"F","تجارة الجملة والتجزئة وإصلاح المركبات ذات المحركات والدرجات النارية","47","تجارة التجزئة، باستثناء المركبات ذات المحركات والدراجات النارية","477","بيع السلع الأخرى بالتجزئة في المتاجر المتخصصة","4771","بيع الملبوسات والأحذية والاصناف الجلدية بالتجزئة في المتاجر المتخصصة","477114","البيع بالتجزئة للملابس الجاهزة للمحلات المشتركة",
"F","تجارة الجملة والتجزئة وإصلاح المركبات ذات المحركات والدرجات النارية","47","تجارة التجزئة، باستثناء المركبات ذات المحركات والدراجات النارية","477","بيع السلع الأخرى بالتجزئة في المتاجر المتخصصة","4771","بيع الملبوسات والأحذية والاصناف الجلدية بالتجزئة في المتاجر المتخصصة","477116","البيع بالتجزئة للملابس الرياضية",
"F","تجارة الجملة والتجزئة وإصلاح المركبات ذات المحركات والدرجات النارية","47","تجارة التجزئة، باستثناء المركبات ذات المحركات والدراجات النارية","477","بيع السلع الأخرى بالتجزئة في المتاجر المتخصصة","4771","بيع الملبوسات والأحذية والاصناف الجلدية بالتجزئة في المتاجر المتخصصة","477117","البيع بالتجزئة للزي الموحد",
"F","تجارة الجملة والتجزئة وإصلاح المركبات ذات المحركات والدرجات النارية","47","تجارة التجزئة، باستثناء المركبات ذات المحركات والدراجات النارية","477","بيع السلع الأخرى بالتجزئة في المتاجر المتخصصة","4771","بيع الملبوسات والأحذية والاصناف الجلدية بالتجزئة في المتاجر المتخصصة","477121","البيع بالتجزئة لأصناف المشالح الرجالية",
"F","تجارة الجملة والتجزئة وإصلاح المركبات ذات المحركات والدرجات النارية","47","تجارة التجزئة، باستثناء المركبات ذات المحركات والدراجات النارية","477","بيع السلع الأخرى بالتجزئة في المتاجر المتخصصة","4771","بيع الملبوسات والأحذية والاصناف الجلدية بالتجزئة في المتاجر المتخصصة","477122","البيع بالتجزئة لأصناف العبايات النسائية والفراء",
"F","تجارة الجملة والتجزئة وإصلاح المركبات ذات المحركات والدرجات النارية","47","تجارة التجزئة، باستثناء المركبات ذات المحركات والدراجات النارية","477","بيع السلع الأخرى بالتجزئة في المتاجر المتخصصة","4771","بيع الملبوسات والأحذية والاصناف الجلدية بالتجزئة في المتاجر المتخصصة","477130","البيع بالتجزئة للكماليات وللإكسسوارات الملابس، يشمل (القفازات وأربطة العنق والحمالات والسبح والمظلات)",
"F","تجارة الجملة والتجزئة وإصلاح المركبات ذات المحركات والدرجات النارية","47","تجارة التجزئة، باستثناء المركبات ذات المحركات والدراجات النارية","477","بيع السلع الأخرى بالتجزئة في المتاجر المتخصصة","4771","بيع الملبوسات والأحذية والاصناف الجلدية بالتجزئة في المتاجر المتخصصة","477140","البيع بالتجزئة للأحذية",
"F","تجارة الجملة والتجزئة وإصلاح المركبات ذات المحركات والدرجات النارية","47","تجارة التجزئة، باستثناء المركبات ذات المحركات والدراجات النارية","477","بيع السلع الأخرى بالتجزئة في المتاجر المتخصصة","4771","بيع الملبوسات والأحذية والاصناف الجلدية بالتجزئة في المتاجر المتخصصة","477151","البيع بالتجزئة للمنتجات والسلع الجلدية وتوابع السفر من الجلود وبدائل الجلود",
"F","تجارة الجملة والتجزئة وإصلاح المركبات ذات المحركات والدرجات النارية","47","تجارة التجزئة، باستثناء المركبات ذات المحركات والدراجات النارية","477","بيع السلع الأخرى بالتجزئة في المتاجر المتخصصة","4771","بيع الملبوسات والأحذية والاصناف الجلدية بالتجزئة في المتاجر المتخصصة","477152","البيع بالتجزئة للحقائب",
"F","تجارة الجملة والتجزئة وإصلاح المركبات ذات المحركات والدرجات النارية","47","تجارة التجزئة، باستثناء المركبات ذات المحركات والدراجات النارية","477","بيع السلع الأخرى بالتجزئة في المتاجر المتخصصة","4772","بيع المنتجات الصيدلانية والطبية ومستحضرات التجميل وأدوات الزينة بالتجزئة في متاجر متخصصة","477211","أنشطة الصيدليات",
"F","تجارة الجملة والتجزئة وإصلاح المركبات ذات المحركات والدرجات النارية","47","تجارة التجزئة، باستثناء المركبات ذات المحركات والدراجات النارية","477","بيع السلع الأخرى بالتجزئة في المتاجر المتخصصة","4772","بيع المنتجات الصيدلانية والطبية ومستحضرات التجميل وأدوات الزينة بالتجزئة في متاجر متخصصة","477221","البيع بالتجزئة لأجهزة تقويم الأعضاء","البيع بالتجزئة لأجهزة تقويم الأعضاء بما فيها المنتجات والملحقات المرتبطة بها"
"F","تجارة الجملة والتجزئة وإصلاح المركبات ذات المحركات والدرجات النارية","47","تجارة التجزئة، باستثناء المركبات ذات المحركات والدراجات النارية","477","بيع السلع الأخرى بالتجزئة في المتاجر المتخصصة","4772","بيع المنتجات الصيدلانية والطبية ومستحضرات التجميل وأدوات الزينة بالتجزئة في متاجر متخصصة","477222","البيع بالتجزئة للأجهزة والمعدات والمستلزمات الطبية","البيع بالتجزئة للأجهزة والمعدات والمستلزمات الطبية بما فيها المنتجات والملحقات المرتبطة بها وكذلك الأجهزة الطبية للاستخدام المنزلي مثل: أجزة قياس ضغط الدم والسكر وملحقاتها والسماعات الطبية والمنتجات ذات الاستهلاك الواحد مثل الكمامات والأقنعة الطبية والقفارات"
"F","تجارة الجملة والتجزئة وإصلاح المركبات ذات المحركات والدرجات النارية","47","تجارة التجزئة، باستثناء المركبات ذات المحركات والدراجات النارية","477","بيع السلع الأخرى بالتجزئة في المتاجر المتخصصة","4772","بيع المنتجات الصيدلانية والطبية ومستحضرات التجميل وأدوات الزينة بالتجزئة في متاجر متخصصة","477223","البيع بالتجزئة للمستحضرات العشبية الطبية","المنشأة الصيدلية المعدة لتحضير وصرف المستحضرات العشبية ."
"F","تجارة الجملة والتجزئة وإصلاح المركبات ذات المحركات والدرجات النارية","47","تجارة التجزئة، باستثناء المركبات ذات المحركات والدراجات النارية","477","بيع السلع الأخرى بالتجزئة في المتاجر المتخصصة","4772","بيع المنتجات الصيدلانية والطبية ومستحضرات التجميل وأدوات الزينة بالتجزئة في متاجر متخصصة","477224","البيع بالتجزئة للأجهزة المخبرية والتشخيصية الطبية","البيع بالتجزئة للأجهزة المخبرية والتشخيصية الطبية المستخدمة لغرض طبي مثل المحاليل الطبية المستخدمة في المختبرات للفحص وكذلك أجهزة فصل مكونات الدم ومنتجات سحب الدم"
"F","تجارة الجملة والتجزئة وإصلاح المركبات ذات المحركات والدرجات النارية","47","تجارة التجزئة، باستثناء المركبات ذات المحركات والدراجات النارية","477","بيع السلع الأخرى بالتجزئة في المتاجر المتخصصة","4772","بيع المنتجات الصيدلانية والطبية ومستحضرات التجميل وأدوات الزينة بالتجزئة في متاجر متخصصة","477230","البيع بالتجزئة لمستحضرات التجميل وصابون الزينة",
"F","تجارة الجملة والتجزئة وإصلاح المركبات ذات المحركات والدرجات النارية","47","تجارة التجزئة، باستثناء المركبات ذات المحركات والدراجات النارية","477","بيع السلع الأخرى بالتجزئة في المتاجر المتخصصة","4772","بيع المنتجات الصيدلانية والطبية ومستحضرات التجميل وأدوات الزينة بالتجزئة في متاجر متخصصة","477240","بيع الأدوية البيطرية ، يشمل ( معدات البيطرية )",
"F","تجارة الجملة والتجزئة وإصلاح المركبات ذات المحركات والدرجات النارية","47","تجارة التجزئة، باستثناء المركبات ذات المحركات والدراجات النارية","477","بيع السلع الأخرى بالتجزئة في المتاجر المتخصصة","4772","بيع المنتجات الصيدلانية والطبية ومستحضرات التجميل وأدوات الزينة بالتجزئة في متاجر متخصصة","477250","بيع الأعشاب الطبية الطبيعية",
"F","تجارة الجملة والتجزئة وإصلاح المركبات ذات المحركات والدرجات النارية","47","تجارة التجزئة، باستثناء المركبات ذات المحركات والدراجات النارية","477","بيع السلع الأخرى بالتجزئة في المتاجر المتخصصة","4772","بيع المنتجات الصيدلانية والطبية ومستحضرات التجميل وأدوات الزينة بالتجزئة في متاجر متخصصة","477261","البيع بالتجزئة للعود والبخور",
"F","تجارة الجملة والتجزئة وإصلاح المركبات ذات المحركات والدرجات النارية","47","تجارة التجزئة، باستثناء المركبات ذات المحركات والدراجات النارية","477","بيع السلع الأخرى بالتجزئة في المتاجر المتخصصة","4772","بيع المنتجات الصيدلانية والطبية ومستحضرات التجميل وأدوات الزينة بالتجزئة في متاجر متخصصة","477262","البيع بالتجزئة للعطور","محلات التجزئة التي تقوم ببيع العطور الشرقية والغربية"
"F","تجارة الجملة والتجزئة وإصلاح المركبات ذات المحركات والدرجات النارية","47","تجارة التجزئة، باستثناء المركبات ذات المحركات والدراجات النارية","477","بيع السلع الأخرى بالتجزئة في المتاجر المتخصصة","4772","بيع المنتجات الصيدلانية والطبية ومستحضرات التجميل وأدوات الزينة بالتجزئة في متاجر متخصصة","477271","البيع بالتجزئة لمستلزمات وأدوات العناية بالاطفال","البيع بالتجزئة لمستلزمات والأدوات التي تستخدم لأغراض العناية بالأطفال والمواليد كالمهود والمقاعد والأسرة والمشايات والعربات والسلال والمفارش والأغطية الخاصة بها والحفائظ والرضاعات ومستلزماتها"
"F","تجارة الجملة والتجزئة وإصلاح المركبات ذات المحركات والدرجات النارية","47","تجارة التجزئة، باستثناء المركبات ذات المحركات والدراجات النارية","477","بيع السلع الأخرى بالتجزئة في المتاجر المتخصصة","4773","بيع البضائع الجديدة الأخرى بالتجزئة في متاجر متخصصة","477311","البيع بالتجزئة لكاميرات التصوير ومستلزماتها","المحلات التي تقوم بالبيع بالتجزئة لكاميرات التصوير ومستلزماتها"
"F","تجارة الجملة والتجزئة وإصلاح المركبات ذات المحركات والدرجات النارية","47","تجارة التجزئة، باستثناء المركبات ذات المحركات والدراجات النارية","477","بيع السلع الأخرى بالتجزئة في المتاجر المتخصصة","4773","بيع البضائع الجديدة الأخرى بالتجزئة في متاجر متخصصة","477312","بيع أجهزة ومعدات الطاقة الشمسية",
"F","تجارة الجملة والتجزئة وإصلاح المركبات ذات المحركات والدرجات النارية","47","تجارة التجزئة، باستثناء المركبات ذات المحركات والدراجات النارية","477","بيع السلع الأخرى بالتجزئة في المتاجر المتخصصة","4773","بيع البضائع الجديدة الأخرى بالتجزئة في متاجر متخصصة","477313","بيع آلات ومعدات المطابع","المحلات التي تقوم ببيع آلات ومعدات المطابع بالتجزئة"
"F","تجارة الجملة والتجزئة وإصلاح المركبات ذات المحركات والدرجات النارية","47","تجارة التجزئة، باستثناء المركبات ذات المحركات والدراجات النارية","477","بيع السلع الأخرى بالتجزئة في المتاجر المتخصصة","4773","بيع البضائع الجديدة الأخرى بالتجزئة في متاجر متخصصة","477314","بيع أجهزة القياس والرقابة ومعدات وأجهزة الملاحة","المحلات التي تقوم بالبيع بالتجزئة لأجهزة القياس والرقابة ومعدات وأجهزة الملاحة"
"F","تجارة الجملة والتجزئة وإصلاح المركبات ذات المحركات والدرجات النارية","47","تجارة التجزئة، باستثناء المركبات ذات المحركات والدراجات النارية","477","بيع السلع الأخرى بالتجزئة في المتاجر المتخصصة","4773","بيع البضائع الجديدة الأخرى بالتجزئة في متاجر متخصصة","477315","بيع معدات ضخ المياه",
"F","تجارة الجملة والتجزئة وإصلاح المركبات ذات المحركات والدرجات النارية","47","تجارة التجزئة، باستثناء المركبات ذات المحركات والدراجات النارية","477","بيع السلع الأخرى بالتجزئة في المتاجر المتخصصة","4773","بيع البضائع الجديدة الأخرى بالتجزئة في متاجر متخصصة","477316","بيع العوامات والصدادات والمعدات البحرية",
"F","تجارة الجملة والتجزئة وإصلاح المركبات ذات المحركات والدرجات النارية","47","تجارة التجزئة، باستثناء المركبات ذات المحركات والدراجات النارية","477","بيع السلع الأخرى بالتجزئة في المتاجر المتخصصة","4773","بيع البضائع الجديدة الأخرى بالتجزئة في متاجر متخصصة","477317","بيع ماكينات الخياطة","المحلات التي تقوم ببيع مكائن الخياطة ولوازمها بالتجزئة"
"F","تجارة الجملة والتجزئة وإصلاح المركبات ذات المحركات والدرجات النارية","47","تجارة التجزئة، باستثناء المركبات ذات المحركات والدراجات النارية","477","بيع السلع الأخرى بالتجزئة في المتاجر المتخصصة","4773","بيع البضائع الجديدة الأخرى بالتجزئة في متاجر متخصصة","477318","بيع أدوات ومعدات خدمات الطرق",
"F","تجارة الجملة والتجزئة وإصلاح المركبات ذات المحركات والدرجات النارية","47","تجارة التجزئة، باستثناء المركبات ذات المحركات والدراجات النارية","477","بيع السلع الأخرى بالتجزئة في المتاجر المتخصصة","4773","بيع البضائع الجديدة الأخرى بالتجزئة في متاجر متخصصة","477321","البيع بالتجزئة لمعدات فحص النظر (محلات النظارات )",
"F","تجارة الجملة والتجزئة وإصلاح المركبات ذات المحركات والدرجات النارية","47","تجارة التجزئة، باستثناء المركبات ذات المحركات والدراجات النارية","477","بيع السلع الأخرى بالتجزئة في المتاجر المتخصصة","4773","بيع البضائع الجديدة الأخرى بالتجزئة في متاجر متخصصة","477322","بيع أدوات ومعدات خدمات التموين ، يشمل (معدات تقديم الطعام في الفنادق والمستشفيات... الخ)",
"F","تجارة الجملة والتجزئة وإصلاح المركبات ذات المحركات والدرجات النارية","47","تجارة التجزئة، باستثناء المركبات ذات المحركات والدراجات النارية","477","بيع السلع الأخرى بالتجزئة في المتاجر المتخصصة","4773","بيع البضائع الجديدة الأخرى بالتجزئة في متاجر متخصصة","477323","بيع أدوات الصناعات الترولية ، يشمل ( العربات ذات المقابض والتي تستخدم لنقل البضائع )",
"F","تجارة الجملة والتجزئة وإصلاح المركبات ذات المحركات والدرجات النارية","47","تجارة التجزئة، باستثناء المركبات ذات المحركات والدراجات النارية","477","بيع السلع الأخرى بالتجزئة في المتاجر المتخصصة","4773","بيع البضائع الجديدة الأخرى بالتجزئة في متاجر متخصصة","477324","البيع بالتجزئة للآلات والمعدات الزراعية",
"F","تجارة الجملة والتجزئة وإصلاح المركبات ذات المحركات والدرجات النارية","47","تجارة التجزئة، باستثناء المركبات ذات المحركات والدراجات النارية","477","بيع السلع الأخرى بالتجزئة في المتاجر المتخصصة","4773","بيع البضائع الجديدة الأخرى بالتجزئة في متاجر متخصصة","477325","بيع كابلات كهربائية واتصالات",
"F","تجارة الجملة والتجزئة وإصلاح المركبات ذات المحركات والدرجات النارية","47","تجارة التجزئة، باستثناء المركبات ذات المحركات والدراجات النارية","477","بيع السلع الأخرى بالتجزئة في المتاجر المتخصصة","4773","بيع البضائع الجديدة الأخرى بالتجزئة في متاجر متخصصة","477326","بيع معدات وأجهزة سلكية ولاسلكية",
"F","تجارة الجملة والتجزئة وإصلاح المركبات ذات المحركات والدرجات النارية","47","تجارة التجزئة، باستثناء المركبات ذات المحركات والدراجات النارية","477","بيع السلع الأخرى بالتجزئة في المتاجر المتخصصة","4773","بيع البضائع الجديدة الأخرى بالتجزئة في متاجر متخصصة","477327","بيع أجهزة المختبرات الزراعية","المحلات التي تقوم بالبيع بالتجزئة لأجهزة المختبرات الزراعية"
"F","تجارة الجملة والتجزئة وإصلاح المركبات ذات المحركات والدرجات النارية","47","تجارة التجزئة، باستثناء المركبات ذات المحركات والدراجات النارية","477","بيع السلع الأخرى بالتجزئة في المتاجر المتخصصة","4773","بيع البضائع الجديدة الأخرى بالتجزئة في متاجر متخصصة","477328","بيع أدوات معملية وتعليمية","المحلات التي تقوم بالبيع بالتجزئة للأدوات المعملية والتعليمية"
"F","تجارة الجملة والتجزئة وإصلاح المركبات ذات المحركات والدرجات النارية","47","تجارة التجزئة، باستثناء المركبات ذات المحركات والدراجات النارية","477","بيع السلع الأخرى بالتجزئة في المتاجر المتخصصة","4773","بيع البضائع الجديدة الأخرى بالتجزئة في متاجر متخصصة","477329","البيع بالتجزئة لمعدات مكافحة تلوث البيئة",
"F","تجارة الجملة والتجزئة وإصلاح المركبات ذات المحركات والدرجات النارية","47","تجارة التجزئة، باستثناء المركبات ذات المحركات والدراجات النارية","477","بيع السلع الأخرى بالتجزئة في المتاجر المتخصصة","4773","بيع البضائع الجديدة الأخرى بالتجزئة في متاجر متخصصة","477331","البيع بالتجزئة للساعات بأنواعها",
"F","تجارة الجملة والتجزئة وإصلاح المركبات ذات المحركات والدرجات النارية","47","تجارة التجزئة، باستثناء المركبات ذات المحركات والدراجات النارية","477","بيع السلع الأخرى بالتجزئة في المتاجر المتخصصة","4773","بيع البضائع الجديدة الأخرى بالتجزئة في متاجر متخصصة","477332","البيع بالتجزئة للمعادن الثمينة والأحجار الكريمة",
"F","تجارة الجملة والتجزئة وإصلاح المركبات ذات المحركات والدرجات النارية","47","تجارة التجزئة، باستثناء المركبات ذات المحركات والدراجات النارية","477","بيع السلع الأخرى بالتجزئة في المتاجر المتخصصة","4773","بيع البضائع الجديدة الأخرى بالتجزئة في متاجر متخصصة","477333","البيع بالتجزئة لأجهزة ومعدات ومواد الوقاية والحماية من الحريق","نشاط البيع بالتجزئة لأجهزة ومعدات ومواد الوقاية والحماية من الحريق"
"F","تجارة الجملة والتجزئة وإصلاح المركبات ذات المحركات والدرجات النارية","47","تجارة التجزئة، باستثناء المركبات ذات المحركات والدراجات النارية","477","بيع السلع الأخرى بالتجزئة في المتاجر المتخصصة","4773","بيع البضائع الجديدة الأخرى بالتجزئة في متاجر متخصصة","477334","البيع بالتجزئة لمعدات الإطفاء والإنقاذ","نشاط البيع بالتجزئة لمعدات الإطفاء والإنقاذ"
"F","تجارة الجملة والتجزئة وإصلاح المركبات ذات المحركات والدرجات النارية","47","تجارة التجزئة، باستثناء المركبات ذات المحركات والدراجات النارية","477","بيع السلع الأخرى بالتجزئة في المتاجر المتخصصة","4773","بيع البضائع الجديدة الأخرى بالتجزئة في متاجر متخصصة","477335","البيع بالتجزئة لآلات تصنيع واستنساخ المفاتيح","نشاط البيع بالتجزئة للآلات والأدوات الخاصة بتصنيع و بتصليح ونسخ كافة أنواع المفاتيح."
"F","تجارة الجملة والتجزئة وإصلاح المركبات ذات المحركات والدرجات النارية","47","تجارة التجزئة، باستثناء المركبات ذات المحركات والدراجات النارية","477","بيع السلع الأخرى بالتجزئة في المتاجر المتخصصة","4773","بيع البضائع الجديدة الأخرى بالتجزئة في متاجر متخصصة","477336","البيع بالتجزئة للأجهزة الأمنية","نشاط البيع بالتجزئة للأجهزة الأمنية يشمل النشاط على (7) أنشطة فرعية : (كاميرات المراقبة الأمنية/أنظمة الدوائر التليفزيونية المغلقة/أجهزة وأنظمة الإنذار ضد السرقة /أجهزة وبوابات الكشف عن المعادن/أجهزة تفتيش الحقائب والطرود /أجهزة بوابات الدخول والخروج بالبطاقات الممغنطة والبصمة/السياج الأمني)"
"F","تجارة الجملة والتجزئة وإصلاح المركبات ذات المحركات والدرجات النارية","47","تجارة التجزئة، باستثناء المركبات ذات المحركات والدراجات النارية","477","بيع السلع الأخرى بالتجزئة في المتاجر المتخصصة","4773","بيع البضائع الجديدة الأخرى بالتجزئة في متاجر متخصصة","477337","البيع بالتجزئة للمكائن البحرية","المحلات التي تقوم بالبيع بالتجزئة للمكائن البحرية"
"F","تجارة الجملة والتجزئة وإصلاح المركبات ذات المحركات والدرجات النارية","47","تجارة التجزئة، باستثناء المركبات ذات المحركات والدراجات النارية","477","بيع السلع الأخرى بالتجزئة في المتاجر المتخصصة","4773","بيع البضائع الجديدة الأخرى بالتجزئة في متاجر متخصصة","477338","البيع بالتجزئة لأجهزة الحماية المدنية من الأليات والمعدات الثقيلة الخاصة للتدخل في حوادث انهيارات المباني والزلازل ومعدات ووسائل الوقاية الفردية","نشاط البيع بالتجزئة لأجهزة الحماية المدنية من الأليات والمعدات الثقيلة الخاصة للتدخل في حوادث انهيارات المباني والزلازل ومعدات ووسائل الوقاية الفردية"
"F","تجارة الجملة والتجزئة وإصلاح المركبات ذات المحركات والدرجات النارية","47","تجارة التجزئة، باستثناء المركبات ذات المحركات والدراجات النارية","477","بيع السلع الأخرى بالتجزئة في المتاجر المتخصصة","4773","بيع البضائع الجديدة الأخرى بالتجزئة في متاجر متخصصة","477341","البيع بالتجزئة للحيوانات المنزلية وأطعمتها وأسماك الزينة ومستلزماتها",
"F","تجارة الجملة والتجزئة وإصلاح المركبات ذات المحركات والدرجات النارية","47","تجارة التجزئة، باستثناء المركبات ذات المحركات والدراجات النارية","477","بيع السلع الأخرى بالتجزئة في المتاجر المتخصصة","4773","بيع البضائع الجديدة الأخرى بالتجزئة في متاجر متخصصة","477342","البيع بالتجزئة لقطع الغيار الخاصة بأجهزة التكييف والتبريد","المحلات التي تقوم ببيع قطع الغيار الخاصة باجهزة التكييف والتبريد بالتجزئة سواء المنزلية او المركزية"
"F","تجارة الجملة والتجزئة وإصلاح المركبات ذات المحركات والدرجات النارية","47","تجارة التجزئة، باستثناء المركبات ذات المحركات والدراجات النارية","477","بيع السلع الأخرى بالتجزئة في المتاجر المتخصصة","4773","بيع البضائع الجديدة الأخرى بالتجزئة في متاجر متخصصة","477343","البيع بالتجزئة لقطع غيار المعدات والآلات الزراعية",
"F","تجارة الجملة والتجزئة وإصلاح المركبات ذات المحركات والدرجات النارية","47","تجارة التجزئة، باستثناء المركبات ذات المحركات والدراجات النارية","477","بيع السلع الأخرى بالتجزئة في المتاجر المتخصصة","4773","بيع البضائع الجديدة الأخرى بالتجزئة في متاجر متخصصة","477344","البيع بالتجزئة لقطع غيار المعدات والآلات الصناعية",
"F","تجارة الجملة والتجزئة وإصلاح المركبات ذات المحركات والدرجات النارية","47","تجارة التجزئة، باستثناء المركبات ذات المحركات والدراجات النارية","477","بيع السلع الأخرى بالتجزئة في المتاجر المتخصصة","4773","بيع البضائع الجديدة الأخرى بالتجزئة في متاجر متخصصة","477345","البيع بالتجزئة لقطع غيار معدات وآلات البناء",
"F","تجارة الجملة والتجزئة وإصلاح المركبات ذات المحركات والدرجات النارية","47","تجارة التجزئة، باستثناء المركبات ذات المحركات والدراجات النارية","477","بيع السلع الأخرى بالتجزئة في المتاجر المتخصصة","4773","بيع البضائع الجديدة الأخرى بالتجزئة في متاجر متخصصة","477347","البيع بالتجزئة لمعدات محطات الوقود وقطع غيارها وتشمل (مضخات الوقود)",
"F","تجارة الجملة والتجزئة وإصلاح المركبات ذات المحركات والدرجات النارية","47","تجارة التجزئة، باستثناء المركبات ذات المحركات والدراجات النارية","477","بيع السلع الأخرى بالتجزئة في المتاجر المتخصصة","4773","بيع البضائع الجديدة الأخرى بالتجزئة في متاجر متخصصة","477348","البيع بالتجزئة لصافرات الإنذار المبكر ومراكز التحكم بها","نشاط البيع بالتجزئة لصافرات الإنذار المبكر ومراكز التحكم بها"
"F","تجارة الجملة والتجزئة وإصلاح المركبات ذات المحركات والدرجات النارية","47","تجارة التجزئة، باستثناء المركبات ذات المحركات والدراجات النارية","477","بيع السلع الأخرى بالتجزئة في المتاجر المتخصصة","4773","بيع البضائع الجديدة الأخرى بالتجزئة في متاجر متخصصة","477351","البيع بالتجزئة للشتلات الزراعية والنباتات (المشاتل)","بيع شتلات الزينة الحولية مثل زهور القرنفل وعرف الديك وبيع الاشجار والشجيرات مثل اشجار الفاكهة ( رمان – عنب- تين ) والزينة مثل اللبخ والبروسوبس"
"F","تجارة الجملة والتجزئة وإصلاح المركبات ذات المحركات والدرجات النارية","47","تجارة التجزئة، باستثناء المركبات ذات المحركات والدراجات النارية","477","بيع السلع الأخرى بالتجزئة في المتاجر المتخصصة","4773","بيع البضائع الجديدة الأخرى بالتجزئة في متاجر متخصصة","477352","البيع بالتجزئة للزهور والورود","المحلات التي تقوم ببيع النباتات والزهور والورود الطبيعية بالتجزئة"
"F","تجارة الجملة والتجزئة وإصلاح المركبات ذات المحركات والدرجات النارية","47","تجارة التجزئة، باستثناء المركبات ذات المحركات والدراجات النارية","477","بيع السلع الأخرى بالتجزئة في المتاجر المتخصصة","4773","بيع البضائع الجديدة الأخرى بالتجزئة في متاجر متخصصة","477353","بيع وتركيب العشب الصناعي",
"F","تجارة الجملة والتجزئة وإصلاح المركبات ذات المحركات والدرجات النارية","47","تجارة التجزئة، باستثناء المركبات ذات المحركات والدراجات النارية","477","بيع السلع الأخرى بالتجزئة في المتاجر المتخصصة","4773","بيع البضائع الجديدة الأخرى بالتجزئة في متاجر متخصصة","477354","البيع بالتجزئة لمبيدات آفات الصحة",
"F","تجارة الجملة والتجزئة وإصلاح المركبات ذات المحركات والدرجات النارية","47","تجارة التجزئة، باستثناء المركبات ذات المحركات والدراجات النارية","477","بيع السلع الأخرى بالتجزئة في المتاجر المتخصصة","4773","بيع البضائع الجديدة الأخرى بالتجزئة في متاجر متخصصة","477355","البيع بالتجزئة لأجهزة السلامة المرورية","نشاط البيع بالتجزئة لأجهزة السلامة المرورية ييشمل النشاط على (9) أنشطة فرعية: اللوحات الإرشادية والتحذيرية والتنظيمية (المعدنية والمضاءة) بجميع أنواعها الثابتة والمتحركة. / وسائل السلامة والتوعية المرورية. / معدات تنظيم المرور الثابتة والمتحركة والمعدنية والمضاءة والعاكسة. / السفتيات الصغيرة (الدائرية). /الأعمال الكهربائية فيما يتعلق بصيانة وتركيب لوحات الإرشادات الضوئية. / أجهزة مراقبة السرعة./ الأجهزة الالكترونية للدلالة على حالة الطريق. /أجهزة كاميرات ضبط السرعة./ أجهزة التحكم بالإشارات الضوئية وما يدخل في حكمها."
"F","تجارة الجملة والتجزئة وإصلاح المركبات ذات المحركات والدرجات النارية","47","تجارة التجزئة، باستثناء المركبات ذات المحركات والدراجات النارية","477","بيع السلع الأخرى بالتجزئة في المتاجر المتخصصة","4773","بيع البضائع الجديدة الأخرى بالتجزئة في متاجر متخصصة","477356","البيع بالتجزئة للطائرات بدون طيار","استيراد وبيع التجزئة للطائرات بدون طيار وملحقاتها"
"F","تجارة الجملة والتجزئة وإصلاح المركبات ذات المحركات والدرجات النارية","47","تجارة التجزئة، باستثناء المركبات ذات المحركات والدراجات النارية","477","بيع السلع الأخرى بالتجزئة في المتاجر المتخصصة","4773","بيع البضائع الجديدة الأخرى بالتجزئة في متاجر متخصصة","477357","البيع بالتجزئة لبذور النباتات والاسمدة ومحسنات التربة","بيع بذور المحاصيل الحلقية (برسيم-ذرة) وبذور كذلك الخضار مثل ( طماطم – خيار) وبيع الأسمدة المركبة مثل NPK ,وبيع محسنات التربة مثل البتموس وبوتنج سويل . NPK 1- النيتروجين:N 2- الفوسفور:P 3- البوتاسيوم:K"
"F","تجارة الجملة والتجزئة وإصلاح المركبات ذات المحركات والدرجات النارية","47","تجارة التجزئة، باستثناء المركبات ذات المحركات والدراجات النارية","477","بيع السلع الأخرى بالتجزئة في المتاجر المتخصصة","4773","بيع البضائع الجديدة الأخرى بالتجزئة في متاجر متخصصة","477358","البيع بالتجزئة للمبيدات الزراعية",
"F","تجارة الجملة والتجزئة وإصلاح المركبات ذات المحركات والدرجات النارية","47","تجارة التجزئة، باستثناء المركبات ذات المحركات والدراجات النارية","477","بيع السلع الأخرى بالتجزئة في المتاجر المتخصصة","4773","بيع البضائع الجديدة الأخرى بالتجزئة في متاجر متخصصة","477361","البيع بالتجزئة للهدايا",
"F","تجارة الجملة والتجزئة وإصلاح المركبات ذات المحركات والدرجات النارية","47","تجارة التجزئة، باستثناء المركبات ذات المحركات والدراجات النارية","477","بيع السلع الأخرى بالتجزئة في المتاجر المتخصصة","4773","بيع البضائع الجديدة الأخرى بالتجزئة في متاجر متخصصة","477362","البيع بالتجزئة لمنتجات المعارض الفنية التجارية","المحلات التي تقوم بالبيع بالتجزئة لمنتجات المعارض الفنية والتجارية"
"F","تجارة الجملة والتجزئة وإصلاح المركبات ذات المحركات والدرجات النارية","47","تجارة التجزئة، باستثناء المركبات ذات المحركات والدراجات النارية","477","بيع السلع الأخرى بالتجزئة في المتاجر المتخصصة","4773","بيع البضائع الجديدة الأخرى بالتجزئة في متاجر متخصصة","477363","البيع التجزئة للطوابع والعملات المعدنية الاثرية",
"F","تجارة الجملة والتجزئة وإصلاح المركبات ذات المحركات والدرجات النارية","47","تجارة التجزئة، باستثناء المركبات ذات المحركات والدراجات النارية","477","بيع السلع الأخرى بالتجزئة في المتاجر المتخصصة","4773","بيع البضائع الجديدة الأخرى بالتجزئة في متاجر متخصصة","477364","بيع الطوابع","المحلات التي تقوم بالبيع بالتجزئة للطوابع"
"F","تجارة الجملة والتجزئة وإصلاح المركبات ذات المحركات والدرجات النارية","47","تجارة التجزئة، باستثناء المركبات ذات المحركات والدراجات النارية","477","بيع السلع الأخرى بالتجزئة في المتاجر المتخصصة","4773","بيع البضائع الجديدة الأخرى بالتجزئة في متاجر متخصصة","477365","بيع الحلي الاصطناعية","المحلات التي تقوم بالبيع بالتجزئة للحلي الاصطناعية"
"F","تجارة الجملة والتجزئة وإصلاح المركبات ذات المحركات والدرجات النارية","47","تجارة التجزئة، باستثناء المركبات ذات المحركات والدراجات النارية","477","بيع السلع الأخرى بالتجزئة في المتاجر المتخصصة","4773","بيع البضائع الجديدة الأخرى بالتجزئة في متاجر متخصصة","477366","تجارة الفخاريات والمشغولات اليدوية",
"F","تجارة الجملة والتجزئة وإصلاح المركبات ذات المحركات والدرجات النارية","47","تجارة التجزئة، باستثناء المركبات ذات المحركات والدراجات النارية","477","بيع السلع الأخرى بالتجزئة في المتاجر المتخصصة","4773","بيع البضائع الجديدة الأخرى بالتجزئة في متاجر متخصصة","477367","بيع الكماليات وبيع الخناجر والفضيات",
"F","تجارة الجملة والتجزئة وإصلاح المركبات ذات المحركات والدرجات النارية","47","تجارة التجزئة، باستثناء المركبات ذات المحركات والدراجات النارية","477","بيع السلع الأخرى بالتجزئة في المتاجر المتخصصة","4773","بيع البضائع الجديدة الأخرى بالتجزئة في متاجر متخصصة","477368","البيع بالتجزئة لمستلزمات الخيل","المحلات التي تقوم ببيع مستلزمات الخيل والفروسية"
"F","تجارة الجملة والتجزئة وإصلاح المركبات ذات المحركات والدرجات النارية","47","تجارة التجزئة، باستثناء المركبات ذات المحركات والدراجات النارية","477","بيع السلع الأخرى بالتجزئة في المتاجر المتخصصة","4773","بيع البضائع الجديدة الأخرى بالتجزئة في متاجر متخصصة","477371","البيع بالتجزئة للوقود المنزلي الفحم واخشاب الوقود",
"F","تجارة الجملة والتجزئة وإصلاح المركبات ذات المحركات والدرجات النارية","47","تجارة التجزئة، باستثناء المركبات ذات المحركات والدراجات النارية","477","بيع السلع الأخرى بالتجزئة في المتاجر المتخصصة","4773","بيع البضائع الجديدة الأخرى بالتجزئة في متاجر متخصصة","477372","البيع بالتجزئة لوقود غاز الاسطوانات","هي المحلات التي تقوم ببيع الغاز المستخدم في الطبخ للأستخدامات المنزلية"
"F","تجارة الجملة والتجزئة وإصلاح المركبات ذات المحركات والدرجات النارية","47","تجارة التجزئة، باستثناء المركبات ذات المحركات والدراجات النارية","477","بيع السلع الأخرى بالتجزئة في المتاجر المتخصصة","4773","بيع البضائع الجديدة الأخرى بالتجزئة في متاجر متخصصة","477373","البيع بالتجزئة لاسطوانات الغاز الفارغة",
"F","تجارة الجملة والتجزئة وإصلاح المركبات ذات المحركات والدرجات النارية","47","تجارة التجزئة، باستثناء المركبات ذات المحركات والدراجات النارية","477","بيع السلع الأخرى بالتجزئة في المتاجر المتخصصة","4773","بيع البضائع الجديدة الأخرى بالتجزئة في متاجر متخصصة","477374","البيع بالتجزئة لمعدات وأدوات التغليف","المحلات المخصصة لبيع معدات وأدوات التغليف بالتجزئة وتشمل بيع الكراتين الورقية والفلين الجديدة"
"F","تجارة الجملة والتجزئة وإصلاح المركبات ذات المحركات والدرجات النارية","47","تجارة التجزئة، باستثناء المركبات ذات المحركات والدراجات النارية","477","بيع السلع الأخرى بالتجزئة في المتاجر المتخصصة","4773","بيع البضائع الجديدة الأخرى بالتجزئة في متاجر متخصصة","477375","البيع بالتجزئة للأدوات ومستلزمات المناحل","بيع جميع الادوات والمستلزمات الضرورية للمناحل مثل صناديق تربية النحل- البراويز - المدخنات -الفرشاة- والملابس الواقية وغيرها."
"F","تجارة الجملة والتجزئة وإصلاح المركبات ذات المحركات والدرجات النارية","47","تجارة التجزئة، باستثناء المركبات ذات المحركات والدراجات النارية","477","بيع السلع الأخرى بالتجزئة في المتاجر المتخصصة","4773","بيع البضائع الجديدة الأخرى بالتجزئة في متاجر متخصصة","477376","البيع بالتجزئة للأسطوانات والخزانات المركزية للغازات الطبيعية (الأولية) والصناعية ومستلزماتها وتعبئتها","المحلات التي تزاول البيع بالتجزئة للاسطوانات والخزانات المركزية للغازات الطبيعية (الأولية) والصناعية ومتطلباتها وتعبئتها."
"F","تجارة الجملة والتجزئة وإصلاح المركبات ذات المحركات والدرجات النارية","47","تجارة التجزئة، باستثناء المركبات ذات المحركات والدراجات النارية","477","بيع السلع الأخرى بالتجزئة في المتاجر المتخصصة","4773","بيع البضائع الجديدة الأخرى بالتجزئة في متاجر متخصصة","477381","بيع وصيانة غرف التبريد والبرادات بالتجزئة",
"F","تجارة الجملة والتجزئة وإصلاح المركبات ذات المحركات والدرجات النارية","47","تجارة التجزئة، باستثناء المركبات ذات المحركات والدراجات النارية","477","بيع السلع الأخرى بالتجزئة في المتاجر المتخصصة","4773","بيع البضائع الجديدة الأخرى بالتجزئة في متاجر متخصصة","477382","بيع وتركيب حمامات السباحة الجاهزة بالتجزئة",
"F","تجارة الجملة والتجزئة وإصلاح المركبات ذات المحركات والدرجات النارية","47","تجارة التجزئة، باستثناء المركبات ذات المحركات والدراجات النارية","477","بيع السلع الأخرى بالتجزئة في المتاجر المتخصصة","4773","بيع البضائع الجديدة الأخرى بالتجزئة في متاجر متخصصة","477383","بيع أجهزة ومعدات ومستلزمات تنقية المياة بالتجزئة",
"F","تجارة الجملة والتجزئة وإصلاح المركبات ذات المحركات والدرجات النارية","47","تجارة التجزئة، باستثناء المركبات ذات المحركات والدراجات النارية","477","بيع السلع الأخرى بالتجزئة في المتاجر المتخصصة","4773","بيع البضائع الجديدة الأخرى بالتجزئة في متاجر متخصصة","477384","تجارة التجزئة لألات ومعدات التشييد والبناء والهندسة المدنية النفطية والمعدات الثقيلة وصيانتها",
"F","تجارة الجملة والتجزئة وإصلاح المركبات ذات المحركات والدرجات النارية","47","تجارة التجزئة، باستثناء المركبات ذات المحركات والدراجات النارية","477","بيع السلع الأخرى بالتجزئة في المتاجر المتخصصة","4773","بيع البضائع الجديدة الأخرى بالتجزئة في متاجر متخصصة","477385","تجارة التجزئة لأدوات ومعدات المواني",
"F","تجارة الجملة والتجزئة وإصلاح المركبات ذات المحركات والدرجات النارية","47","تجارة التجزئة، باستثناء المركبات ذات المحركات والدراجات النارية","477","بيع السلع الأخرى بالتجزئة في المتاجر المتخصصة","4773","بيع البضائع الجديدة الأخرى بالتجزئة في متاجر متخصصة","477386","البيع بالتجزئة للمولدات الكهربائية ولوازمها",
"F","تجارة الجملة والتجزئة وإصلاح المركبات ذات المحركات والدرجات النارية","47","تجارة التجزئة، باستثناء المركبات ذات المحركات والدراجات النارية","477","بيع السلع الأخرى بالتجزئة في المتاجر المتخصصة","4773","بيع البضائع الجديدة الأخرى بالتجزئة في متاجر متخصصة","477387","بيع وتركيب معدات الفنادق والمطاعم والمطابخ والمغاسل الاتوماتيكية بالتجزئة",
"F","تجارة الجملة والتجزئة وإصلاح المركبات ذات المحركات والدرجات النارية","47","تجارة التجزئة، باستثناء المركبات ذات المحركات والدراجات النارية","477","بيع السلع الأخرى بالتجزئة في المتاجر المتخصصة","4773","بيع البضائع الجديدة الأخرى بالتجزئة في متاجر متخصصة","477388","البيع بالتجزئة للمصاعد والسلالم والسيور المتحركة","نشاط البيع بالتجزئة للمصاعد والسلالم والسيور المتحركة"
"F","تجارة الجملة والتجزئة وإصلاح المركبات ذات المحركات والدرجات النارية","47","تجارة التجزئة، باستثناء المركبات ذات المحركات والدراجات النارية","477","بيع السلع الأخرى بالتجزئة في المتاجر المتخصصة","4773","بيع البضائع الجديدة الأخرى بالتجزئة في متاجر متخصصة","477391","بيع وتركيب معدات وأدوات محلات التجميل",
"F","تجارة الجملة والتجزئة وإصلاح المركبات ذات المحركات والدرجات النارية","47","تجارة التجزئة، باستثناء المركبات ذات المحركات والدراجات النارية","477","بيع السلع الأخرى بالتجزئة في المتاجر المتخصصة","4773","بيع البضائع الجديدة الأخرى بالتجزئة في متاجر متخصصة","477392","البيع بالتجزئة لمواد التنظيف","المحلات التي تقوم ببيع مواد التنظيف ومستلزماته بالتجزئة"
"F","تجارة الجملة والتجزئة وإصلاح المركبات ذات المحركات والدرجات النارية","47","تجارة التجزئة، باستثناء المركبات ذات المحركات والدراجات النارية","477","بيع السلع الأخرى بالتجزئة في المتاجر المتخصصة","4773","بيع البضائع الجديدة الأخرى بالتجزئة في متاجر متخصصة","477394","بيع الأدوات والمواد البلاستيكية (بما فيها الأكياس)","المحلات التي تقوم ببيع المنتجات البلاستيكية الأستهلاكية"
"F","تجارة الجملة والتجزئة وإصلاح المركبات ذات المحركات والدرجات النارية","47","تجارة التجزئة، باستثناء المركبات ذات المحركات والدراجات النارية","477","بيع السلع الأخرى بالتجزئة في المتاجر المتخصصة","4773","بيع البضائع الجديدة الأخرى بالتجزئة في متاجر متخصصة","477395","بيع وتركيب الآلات ومعدات المصانع",
"F","تجارة الجملة والتجزئة وإصلاح المركبات ذات المحركات والدرجات النارية","47","تجارة التجزئة، باستثناء المركبات ذات المحركات والدراجات النارية","477","بيع السلع الأخرى بالتجزئة في المتاجر المتخصصة","4773","بيع البضائع الجديدة الأخرى بالتجزئة في متاجر متخصصة","477396","بيع الصناديق المعدنية والحديدية والخشبية والكرفانات","المحلات التي تقوم بالبيع بالتجزئة للصناديق المعدنية والحديدية والخشبية والكرفانات"
"F","تجارة الجملة والتجزئة وإصلاح المركبات ذات المحركات والدرجات النارية","47","تجارة التجزئة، باستثناء المركبات ذات المحركات والدراجات النارية","477","بيع السلع الأخرى بالتجزئة في المتاجر المتخصصة","4773","بيع البضائع الجديدة الأخرى بالتجزئة في متاجر متخصصة","477397","البيع بالتجزئة للغازات الطبيعية (الاولية) و الصناعية","البيع بالتجزئة وإعادة بيع للغازات الطبيعية و الاولية و الصناعية و الغازات السائلة المستخدمة في الأغراض التجارية والصناعية، وفي الورش كغازات لحام الحديد وغيرها وكذلك التي تعمل بها الآلات والمعدات والأجهزة التي تعمل بالغازات كالمكيفات والثلاجات وأجهزة السلامة والضواغط وغيرها، ويشمل (الأكسجين ، النيتروجين ، الأرجون ، الهيدروجين ، أكسيد النيتروز ، ثاني أكسيد الكربون ، الأسيتيلين ، CFC / HFC و FM200 ...إلخ)"
"F","تجارة الجملة والتجزئة وإصلاح المركبات ذات المحركات والدرجات النارية","47","تجارة التجزئة، باستثناء المركبات ذات المحركات والدراجات النارية","477","بيع السلع الأخرى بالتجزئة في المتاجر المتخصصة","4773","بيع البضائع الجديدة الأخرى بالتجزئة في متاجر متخصصة","477398","تجارة الألعاب النارية","نشاط تجزئة"
"F","تجارة الجملة والتجزئة وإصلاح المركبات ذات المحركات والدرجات النارية","47","تجارة التجزئة، باستثناء المركبات ذات المحركات والدراجات النارية","477","بيع السلع الأخرى بالتجزئة في المتاجر المتخصصة","4774","بيع البضائع المستعملة بالتجزئة","477410","البيع بالتجزئة للكتب المستعملة",
"F","تجارة الجملة والتجزئة وإصلاح المركبات ذات المحركات والدرجات النارية","47","تجارة التجزئة، باستثناء المركبات ذات المحركات والدراجات النارية","477","بيع السلع الأخرى بالتجزئة في المتاجر المتخصصة","4774","بيع البضائع المستعملة بالتجزئة","477421","البيع بالتجزئة للأثاث المنزلي المستعمل","المحلات التي تقوم ببيع الأثاث المنزلي المستعمل وتشمل الاجهزة الكهربائية المستعملة بالتجزئة"
"F","تجارة الجملة والتجزئة وإصلاح المركبات ذات المحركات والدرجات النارية","47","تجارة التجزئة، باستثناء المركبات ذات المحركات والدراجات النارية","477","بيع السلع الأخرى بالتجزئة في المتاجر المتخصصة","4774","بيع البضائع المستعملة بالتجزئة","477422","البيع بالتجزئة للساعات المستعملة بأنواعها",
"F","تجارة الجملة والتجزئة وإصلاح المركبات ذات المحركات والدرجات النارية","47","تجارة التجزئة، باستثناء المركبات ذات المحركات والدراجات النارية","477","بيع السلع الأخرى بالتجزئة في المتاجر المتخصصة","4774","بيع البضائع المستعملة بالتجزئة","477423","البيع بالتجزئة للأسلحة الأثرية","استيراد وبيع الأسلحة الأثرية القديمة ذات القيمة التاريخية التي يثبت بعد فحصها ومعاينتها عدم إمكانية استخدامها"
"F","تجارة الجملة والتجزئة وإصلاح المركبات ذات المحركات والدرجات النارية","47","تجارة التجزئة، باستثناء المركبات ذات المحركات والدراجات النارية","477","بيع السلع الأخرى بالتجزئة في المتاجر المتخصصة","4774","بيع البضائع المستعملة بالتجزئة","477430","البيع بالتجزئة للمنتجات الحرفية التراثية","محلات بيع المنتجات الحرفية اليدوية التراثية حسب نطاق عمل هيئة التراث"
"F","تجارة الجملة والتجزئة وإصلاح المركبات ذات المحركات والدرجات النارية","47","تجارة التجزئة، باستثناء المركبات ذات المحركات والدراجات النارية","478","البيع بالتجزئة في الأكشاك والأسواق","4781","بيع الأغذية والمشروبات ومنتجات التبغ بالتجزئة في الأكشاك والأسواق","478100","بيع الأغذية والمشروبات بالتجزئة في الأكشاك والأسواق","هي (الأكشاك) التي تبيع بعض أنواع الاغذية والمشروبات داخل محطات الوقود والمجمعات التجارية او خارجها المحل ويوجد لدينا أنشطة تفصيلية داخلية لهذا النشاط مثل (اكشاك غذائية)"
"F","تجارة الجملة والتجزئة وإصلاح المركبات ذات المحركات والدرجات النارية","47","تجارة التجزئة، باستثناء المركبات ذات المحركات والدراجات النارية","478","البيع بالتجزئة في الأكشاك والأسواق","4782","بيع المنسوجات والملبوسات والأحذية بالتجزئة في الأكشاك والأسواق","478200","بيع المنسوجات والملبوسات والأحذية بالتجزئة في الأكشاك والأسواق","هي (الأكشاك) التي تبيع بعض أنواع السلع بالتحزئة من المنسوجات والملبوسات والأحذية داخل محطات الوقود والمجمعات التجارية او خارجها"
"F","تجارة الجملة والتجزئة وإصلاح المركبات ذات المحركات والدرجات النارية","47","تجارة التجزئة، باستثناء المركبات ذات المحركات والدراجات النارية","478","البيع بالتجزئة في الأكشاك والأسواق","4789","بيع السلع الأخرى بالتجزئة في الأكشاك والأسواق","478900","بيع السلع الأخرى بالتجزئة في الأكشاك والأسواق",
"F","تجارة الجملة والتجزئة وإصلاح المركبات ذات المحركات والدرجات النارية","47","تجارة التجزئة، باستثناء المركبات ذات المحركات والدراجات النارية","479","تجارة التجزئة في غير المتاجر والأكشاك و الأسواق","4799","أنواع البيع بالتجزئه الأخرى خارج المتاجر و الأكشاك و الأسواق","479910","البيع بالتجزئة الفوري أو إلى الباب (الباعة الجائلين)",
"F","تجارة الجملة والتجزئة وإصلاح المركبات ذات المحركات والدرجات النارية","47","تجارة التجزئة، باستثناء المركبات ذات المحركات والدراجات النارية","479","تجارة التجزئة في غير المتاجر والأكشاك و الأسواق","4799","أنواع البيع بالتجزئه الأخرى خارج المتاجر و الأكشاك و الأسواق","479920","البيع بالتجزئة من خلال الأجهزة الآلية للخدمة الذاتية ، يشمل ( أجهزة الكافي والعصائر وغيرها )",
"F","تجارة الجملة والتجزئة وإصلاح المركبات ذات المحركات والدرجات النارية","47","تجارة التجزئة، باستثناء المركبات ذات المحركات والدراجات النارية","479","تجارة التجزئة في غير المتاجر والأكشاك و الأسواق","4799","أنواع البيع بالتجزئه الأخرى خارج المتاجر و الأكشاك و الأسواق","479940","المزادات في غير المحلات",
"F","تجارة الجملة والتجزئة وإصلاح المركبات ذات المحركات والدرجات النارية","47","تجارة التجزئة، باستثناء المركبات ذات المحركات والدراجات النارية","479","تجارة التجزئة في غير المتاجر والأكشاك و الأسواق","4799","أنواع البيع بالتجزئه الأخرى خارج المتاجر و الأكشاك و الأسواق","479950","البيع بالتجزئة للوكلاء بالعمولة بدون محلات",
"D","النقل والتخزين","49","النقل البري و النقل عبر الأنابيب","491","النقل عبر السكك الحديدية","4911","نقل الركاب بالسكك الحديدية فيما بين المدن","491101","نقل الركاب عبر خطوط السكك الحديدية داخل المدن",
"D","النقل والتخزين","49","النقل البري و النقل عبر الأنابيب","491","النقل عبر السكك الحديدية","4911","نقل الركاب بالسكك الحديدية فيما بين المدن","491102","نقل الركاب عبر خطوط السكك الحديدية بين المدن",
"D","النقل والتخزين","49","النقل البري و النقل عبر الأنابيب","491","النقل عبر السكك الحديدية","4912","نقل البضائع بالسكك الحديدية","491201","نقل البضائع عبر خطوط السكك الحديدية داخل المدن ، يشمل ( عربات النوم )",
"D","النقل والتخزين","49","النقل البري و النقل عبر الأنابيب","491","النقل عبر السكك الحديدية","4912","نقل البضائع بالسكك الحديدية","491202","نقل البضائع عبر خطوط السكك الحديدية بين المدن",
"D","النقل والتخزين","49","النقل البري و النقل عبر الأنابيب","492","أنواع النقل البري الأخرى","4921","النقل البري للركاب في المدن والضواحي","492111","النقل البري للركاب بواسطة المترو الأرضي",
"D","النقل والتخزين","49","النقل البري و النقل عبر الأنابيب","492","أنواع النقل البري الأخرى","4921","النقل البري للركاب في المدن والضواحي","492112","نقل الركاب بالحافلات داخل المدن                ",
"D","النقل والتخزين","49","النقل البري و النقل عبر الأنابيب","492","أنواع النقل البري الأخرى","4922","أنواع النقل البري الأخرى للركاب","492211","الأجرة العامة",
"D","النقل والتخزين","49","النقل البري و النقل عبر الأنابيب","492","أنواع النقل البري الأخرى","4922","أنواع النقل البري الأخرى للركاب","492212","الأجرة الخاصة",
"D","النقل والتخزين","49","النقل البري و النقل عبر الأنابيب","492","أنواع النقل البري الأخرى","4922","أنواع النقل البري الأخرى للركاب","492214","الأجرة العائلية",
"D","النقل والتخزين","49","النقل البري و النقل عبر الأنابيب","492","أنواع النقل البري الأخرى","4922","أنواع النقل البري الأخرى للركاب","492215","أجرة المطار","نقل الركاب بواسطة سيارة أجرة المطار من المطار مقابل أجر"
"D","النقل والتخزين","49","النقل البري و النقل عبر الأنابيب","492","أنواع النقل البري الأخرى","4922","أنواع النقل البري الأخرى للركاب","492221","النقل التعليمي","نقل طلاب وطالبات الجهات التعليمية الحكومية والأهلية ومنسوبي تلك الجهات من الكادر التعليمي والإداري ومن في حكمهم ويشمل دور الحضانات ورياض الأطفال والمدارس بجميع مراحلها التعليمية والكليات والمعاهد ودور تحفيظ القرآن الكريم والجامعات ومن في حكمها بمركبات مهيأة لذلك، مقابل أجر"
"D","النقل والتخزين","49","النقل البري و النقل عبر الأنابيب","492","أنواع النقل البري الأخرى","4922","أنواع النقل البري الأخرى للركاب","492230","النقل الموسمي المدرسي خارج المدن للطلبة والطالبات والمعلمين والمعلمات",
"D","النقل والتخزين","49","النقل البري و النقل عبر الأنابيب","492","أنواع النقل البري الأخرى","4922","أنواع النقل البري الأخرى للركاب","492241","نقل الحجاج",
"D","النقل والتخزين","49","النقل البري و النقل عبر الأنابيب","492","أنواع النقل البري الأخرى","4922","أنواع النقل البري الأخرى للركاب","492243","النقل المتخصص","نقل الركاب بالحافلات بموجب عقد نقل وبمواعيد متفق عليها دون التقيد بمسارات محددة وبمقابل أجر، ويشمل على سبيل المثل لا الحصر ( نقل الأفراد أو المجموعات لغايات الحج أو العمرة أو الزيارة أو السياحة أو الترفيه أو العمل) ، وفق التزامات حددتها اللائحة المنظمة."
"D","النقل والتخزين","49","النقل البري و النقل عبر الأنابيب","492","أنواع النقل البري الأخرى","4922","أنواع النقل البري الأخرى للركاب","492244","تأجير الحافلات بسائق",
"D","النقل والتخزين","49","النقل البري و النقل عبر الأنابيب","492","أنواع النقل البري الأخرى","4922","أنواع النقل البري الأخرى للركاب","492250","تأجير السيارات بسائق",
"D","النقل والتخزين","49","النقل البري و النقل عبر الأنابيب","492","أنواع النقل البري الأخرى","4922","أنواع النقل البري الأخرى للركاب","492281","نقل وترحيل الركاب بالحافلات إلى خارج المملكة (النقل الدولي للركاب)",
"D","النقل والتخزين","49","النقل البري و النقل عبر الأنابيب","492","أنواع النقل البري الأخرى","4922","أنواع النقل البري الأخرى للركاب","492282","نقل الركاب بالحافلات بين المدن                  ",
"D","النقل والتخزين","49","النقل البري و النقل عبر الأنابيب","492","أنواع النقل البري الأخرى","4923","النقل البري للبضائع","492300","النقل البري للبضائع","نقل البضائع بالشاحنات على الطرق مقابل أجر"
"D","النقل والتخزين","49","النقل البري و النقل عبر الأنابيب","492","أنواع النقل البري الأخرى","4923","النقل البري للبضائع","492301","نقل السلع المبردة والمجمدة","نقل البضائع المبردة والمجمدة بالشاحنات التي وزنها أكثر من 3.5 طن على الطرق مقابل أجر"
"D","النقل والتخزين","49","النقل البري و النقل عبر الأنابيب","492","أنواع النقل البري الأخرى","4923","النقل البري للبضائع","492302","نقل البضائع والمعدات (النقل الثقيل)","نقل البضائع الثقيلة بالشاحنات التي وزنها أكثر من 3.5 طن على الطرق مقابل أجر"
"D","النقل والتخزين","49","النقل البري و النقل عبر الأنابيب","492","أنواع النقل البري الأخرى","4923","النقل البري للبضائع","492303","نقل الأثاث","نقل الأثاث بالشاحنات التي وزنها أكثر من 3.5 طن على الطرق مقابل أجر"
"D","النقل والتخزين","49","النقل البري و النقل عبر الأنابيب","492","أنواع النقل البري الأخرى","4923","النقل البري للبضائع","492304","نقل المواشي","نقل المواشي بالشاحنات التي وزنها أكثر من 3.5 طن على الطرق مقابل أجر"
"D","النقل والتخزين","49","النقل البري و النقل عبر الأنابيب","492","أنواع النقل البري الأخرى","4923","النقل البري للبضائع","492305","نقل السوائل او الغازات السائلة","نقل السوائل أو الغازات السائلة بالشاحنات التي وزنها أكثر من 3.5 طن على الطرق مقابل أجر"
"D","النقل والتخزين","49","النقل البري و النقل عبر الأنابيب","492","أنواع النقل البري الأخرى","4923","النقل البري للبضائع","492306","تأجير الشاحنات مع السائق",
"D","النقل والتخزين","49","النقل البري و النقل عبر الأنابيب","492","أنواع النقل البري الأخرى","4923","النقل البري للبضائع","492307","نقل السيارات",
"D","النقل والتخزين","49","النقل البري و النقل عبر الأنابيب","492","أنواع النقل البري الأخرى","4923","النقل البري للبضائع","492311","النقل الخفيف","نقل البضائع التي تزن 3.5 طن وأقل على الطرق بواسطة مركبات نقل البضائع الخفيفة مقابل رسوم."
"D","النقل والتخزين","49","النقل البري و النقل عبر الأنابيب","493","النقل بخطوط الأنابيب","4930","النقل بخطوط الأنابيب","493001","نقل المياة عبر خطوط الانابيب",
"D","النقل والتخزين","49","النقل البري و النقل عبر الأنابيب","493","النقل بخطوط الأنابيب","4930","النقل بخطوط الأنابيب","493002","نقل الغازات عبر خطوط الانابيب",
"D","النقل والتخزين","49","النقل البري و النقل عبر الأنابيب","493","النقل بخطوط الأنابيب","4930","النقل بخطوط الأنابيب","493003","نقل البترول الخام عبر خطوط الانابيب",
"D","النقل والتخزين","49","النقل البري و النقل عبر الأنابيب","493","النقل بخطوط الأنابيب","4930","النقل بخطوط الأنابيب","493004","نقل المنتجات البترولية المكررة عبر خطوط الانابيب",
"D","النقل والتخزين","49","النقل البري و النقل عبر الأنابيب","493","النقل بخطوط الأنابيب","4930","النقل بخطوط الأنابيب","493005","نقل الغاز الطبيعي عبر خطوط الانابيب",
"D","النقل والتخزين","49","النقل البري و النقل عبر الأنابيب","493","النقل بخطوط الأنابيب","4930","النقل بخطوط الأنابيب","493007","تشغيل وصيانة محطات الضخ وخطوط الانابيب",
"D","النقل والتخزين","50","النقل المائي","501","النقل المائي البحري والساحلي","5011","النقل المائي البحري والساحلي للركاب","501103","تأجير زوارق المتعة مع بحارتها ، يشمل ( تأجير زوارق رحلات الصيد )",
"D","النقل والتخزين","50","النقل المائي","501","النقل المائي البحري والساحلي","5011","النقل المائي البحري والساحلي للركاب","501104","تأجير اليخوت","هو نشاط لتنظيم أعمال تأجير اليخوت الأجنبية والمحلية بكل أنواعها وأحجامها في النطاق الجغرافي وفق متطلبات واشتراطات اللائحة التنظيمية الصادر من الهيئة السعودية للبحر الأحمر من خلال آلية تصريح معتمد."
"D","النقل والتخزين","50","النقل المائي","501","النقل المائي البحري والساحلي","5012","النقل المائي البحري والساحلي للبضائع","501201","النقل المائي البحري والساحلي للبضائع المتنوعة","مكاتب الشركات والمؤسسات التي تقوم بالنقل المائي البحري والساحلي للبضائع المتنوعة"
"D","النقل والتخزين","50","النقل المائي","501","النقل المائي البحري والساحلي","5012","النقل المائي البحري والساحلي للبضائع","501202","النقل المائي البحري والساحلي للبضائع للحاويات","مكاتب الشركات والمؤسسات التي تقوم بالنقل المائي البحري والساحلي للبضائع للحاويات"
"D","النقل والتخزين","50","النقل المائي","501","النقل المائي البحري والساحلي","5012","النقل المائي البحري والساحلي للبضائع","501203","النقل المائي البحري والساحلي للبترول والغاز","مكاتب الشركات والمؤسسات التي تقوم بالنقل المائي البحري والساحلي للبترول والغاز"
"D","النقل والتخزين","50","النقل المائي","502","النقل المائي الداخلي","5021","النقل المائي الداخلي للركاب","502101","النقل المائي الداخلي بغرض السياحة (النزهة )","مكاتب الشركات والمؤساات التي تقوم باعمال النقل المائي للركاب داخل المياه الداخلي للدولة للأغراض السياحية"
"D","النقل والتخزين","50","النقل المائي","502","النقل المائي الداخلي","5021","النقل المائي الداخلي للركاب","502102","النقل المائي الداخلي بغرض التوصيل","نقل الركاب عبر المياه الداخلية للدولة وتشمل الأنهار والقنوات والبحيرات والممرات المائية الداخلية الأخرى ، بما في ذلك داخل الموانئ والمرافئ (المراسي)"
"D","النقل والتخزين","50","النقل المائي","502","النقل المائي الداخلي","5022","النقل المائي الداخلي للبضائع","502201","النقل المائي الداخلي للبضائع المتنوعة","مكاتب الشركات والمؤسسات التي تقوم باعمال النقل المائي الداخلي للبضائع المتنوعة"
"D","النقل والتخزين","50","النقل المائي","502","النقل المائي الداخلي","5022","النقل المائي الداخلي للبضائع","502202","النقل المائي الداخلي للبضائع بالحاويات","مكاتب الشركات والمؤسسات التي تقوم بأعمال النقل المائي الداخلي للبضائع بالحاويات"
"D","النقل والتخزين","51","النقل الجوي","511","النقل الجوي للركاب","5110","النقل الجوي للركاب","511001","النقل الجوي للركاب المحدد بمواعيد","يمنح هذا الترخيص للكيانات الحق في القيام بالعمليات التشغيلية لنقل الركاب المحدد بمواعيد داخل المملكة وخارجها"
"D","النقل والتخزين","51","النقل الجوي","511","النقل الجوي للركاب","5110","النقل الجوي للركاب","511002","النقل الجوي للركاب غيرالمحدد بمواعيد","يمنح هذا الترخيص للكيانات الحق في القيام بالعمليات التشغيلية لنقل الركاب الغير محدد بمواعيد داخل المملكة وخارجها"
"D","النقل والتخزين","51","النقل الجوي","511","النقل الجوي للركاب","5110","النقل الجوي للركاب","511003","ناقل جوي بالطلب","النقل جواً عبر رحلات غير منتظمة عند الطلب، مقابل أجر أو تعويض، باستخدام طائرة من الفئة العادية أو طائرة تم تصنيفها عن الصنع من فئة النقل المخصصة للشخصيات المهمة، حيث تم التعاقد على شغل كامل قدرة تحميل الطائرة من قبل متعهد واحد، ولم يتم بيع هذه الحقوق إلى طرف آخر"
"D","النقل والتخزين","51","النقل الجوي","511","النقل الجوي للركاب","5110","النقل الجوي للركاب","511004","تشغيل الطائرات لأغراض غير تجارية",
"D","النقل والتخزين","51","النقل الجوي","512","النقل الجوي للبضائع","5120","النقل الجوي للبضائع","512001","النقل الجوي للبضائع المحدد بمواعيد","يمنح هذا الترخيص للكيانات الحق في القيام بالعمليات التشغيلية للنقل الجوي للبضائع المحدد بمواعيد داخل المملكة وخارجها"
"D","النقل والتخزين","51","النقل الجوي","512","النقل الجوي للبضائع","5120","النقل الجوي للبضائع","512002","النقل الجوي للبضائع غيرالمحدد بمواعيد","يمنح هذا الترخيص للكيانات الحق في القيام بالعمليات التشغيلية للنقل الجوي للبضائع الغير محدد بمواعيد داخل المملكة وخارجها"
"D","النقل والتخزين","51","النقل الجوي","512","النقل الجوي للبضائع","5120","النقل الجوي للبضائع","512011","الخدمات اللوجستية الفضائية","تقديم الخدمات اللوجستية الفضائية والنقل سواء على سطح الأرض مثل نقل المركبات الفضائية او في الفضاء الخارجي - لا يشمل اصلاح وصيانة المركبات الفضائية والاقمار الصناعية"
"D","النقل والتخزين","52","التخزين وأنشطة الدعم للنقل","521","التخزين","5210","التخزين","521011","تشغيل مرافق التخزين لجميع أنواع البضائع باستثناء المواد الغذائية",
"D","النقل والتخزين","52","التخزين وأنشطة الدعم للنقل","521","التخزين","5210","التخزين","521012","خدمات شحن وتفريق السلع بصفة عامة",
"D","النقل والتخزين","52","التخزين وأنشطة الدعم للنقل","521","التخزين","5210","التخزين","521014","خدمات مناولة الحاويات","مكاتب الشركات والمؤسسات التي تقوم بتقديم خدمات مناولة الحاويات"
"D","النقل والتخزين","52","التخزين وأنشطة الدعم للنقل","521","التخزين","5210","التخزين","521021","مخازن المواد الغذائية المبردة",
"D","النقل والتخزين","52","التخزين وأنشطة الدعم للنقل","521","التخزين","5210","التخزين","521022","مخازن أغذية وأعلاف الحيوانات","تخزين أغذية وأعلاف الحيوانات والإضافات العلفية الغير دوائية"
"D","النقل والتخزين","52","التخزين وأنشطة الدعم للنقل","521","التخزين","5210","التخزين","521023","مخازن الأجهزة والمنتجات الطبية","أنشطة خاصة بتخزين الأجهزة والمنتجات الطبية فيها المنتجات والملحقات المرتبطة بها والكواشف المخبرية."
"D","النقل والتخزين","52","التخزين وأنشطة الدعم للنقل","521","التخزين","5210","التخزين","521024","مخازن مستحضرات التجميل","هي المنشأة التي تقوم بتخزين منتجات التجميل"
"D","النقل والتخزين","52","التخزين وأنشطة الدعم للنقل","521","التخزين","5210","التخزين","521025","مخازن المستحضرات الصيدلانية","هي المنشأة التي تقوم بتخزين المستحضرات الصيدلانية"
"D","النقل والتخزين","52","التخزين وأنشطة الدعم للنقل","521","التخزين","5210","التخزين","521031","مخازن زيوت التشحيم","المخازن والمستودعات التي يتم فيها تخزين كافة أنواع زيوت التشحيم الخاصة بالمركبات والآلات الغير مستعملة"
"D","النقل والتخزين","52","التخزين وأنشطة الدعم للنقل","521","التخزين","5210","التخزين","521032","مخازن المواد الكيميائية","المخازن والمستودعات التي يتم فيه تحزين كافة أنواع المواد الكيميائية السائلة وغير السائلة"
"D","النقل والتخزين","52","التخزين وأنشطة الدعم للنقل","521","التخزين","5210","التخزين","521033","مخازن مواد النظافة","المخازن والمستودعات التي يتم فيها تحزين كافة أنواع مواد النظافة"
"D","النقل والتخزين","52","التخزين وأنشطة الدعم للنقل","521","التخزين","5210","التخزين","521034","مخازن إطارات السيارات","المخازن والمستودعات التي يتم فيها تخزين الإطارات الجديدة والمستعملة بكافة أنواعها"
"D","النقل والتخزين","52","التخزين وأنشطة الدعم للنقل","521","التخزين","5210","التخزين","521035","مخازن المنتجات الكرتونية والبلاستيكية","المخازن والمستودعات التي يتم فيها تخزين المنتجات الكرتونية والبلاستيكية"
"D","النقل والتخزين","52","التخزين وأنشطة الدعم للنقل","521","التخزين","5210","التخزين","521036","مخازن البطاريات","المخازن والمستودعات التي يتم فيها تخزين البطاريات الجديدة والمستعلمة بكافة أنواعها الكهربائية والسائلة"
"D","النقل والتخزين","52","التخزين وأنشطة الدعم للنقل","521","التخزين","5210","التخزين","521091","مخازن المواد الغذائية المجمدة","مخازن تختص بالمواد الغذائية المجمدة عند درجة حرارة معينة"
"D","النقل والتخزين","52","التخزين وأنشطة الدعم للنقل","521","التخزين","5210","التخزين","521092","التخزين في مستودعات صوامع الغلال والدقيق والمنتجات الزراعية",
"D","النقل والتخزين","52","التخزين وأنشطة الدعم للنقل","521","التخزين","5210","التخزين","521093","المخازن العامة التي تضم مجموعة متنوعة من السلع","هي المخازن المخصصة لتخزين السلع والمنتجات الغير غذائية."
"D","النقل والتخزين","52","التخزين وأنشطة الدعم للنقل","521","التخزين","5210","التخزين","521094","مخازن الوقود والمواد الكميائية",
"D","النقل والتخزين","52","التخزين وأنشطة الدعم للنقل","521","التخزين","5210","التخزين","521095","مخازن الأثاث والأخشاب",
"D","النقل والتخزين","52","التخزين وأنشطة الدعم للنقل","521","التخزين","5210","التخزين","521096","مخازن السيارات",
"D","النقل والتخزين","52","التخزين وأنشطة الدعم للنقل","521","التخزين","5210","التخزين","521097","التخزين في الموانىء والمناطق الجمركية أوالحرة","مكاتب الشركات والمؤسسات التي تقوم بتقديم خدمات التخزين في الموانىء والمناطق الجمركية أوالحرة."
"D","النقل والتخزين","52","التخزين وأنشطة الدعم للنقل","521","التخزين","5210","التخزين","521098","مخازن المواد الغذائية الجافة","مخازن خاصة بالمواد الغذائية الجافة"
"D","النقل والتخزين","52","التخزين وأنشطة الدعم للنقل","522","الأنشطة الداعمة للنقل","5221","أنشطة الخدمات المتصلة بالنقل البري","522101","تشغيل وصيانة مرافق السكك الحديدية",
"D","النقل والتخزين","52","التخزين وأنشطة الدعم للنقل","522","الأنشطة الداعمة للنقل","5221","أنشطة الخدمات المتصلة بالنقل البري","522102","تشغيل محطات الحافلات محطات مناولة البضائع",
"D","النقل والتخزين","52","التخزين وأنشطة الدعم للنقل","522","الأنشطة الداعمة للنقل","5221","أنشطة الخدمات المتصلة بالنقل البري","522103","مواقف السيارات و مواقف السيارات في الساحات","المواقع المخصصة لمواقف السيارات بالمنشآت التجارية (المولات، الأسواق الشعبية، المستشفيات والمستوصفات، الأندية والمراكز الرياضية) والمواقف في المنشآت الحكومية ومواقف السيارات السطحية على الشوارع التجارية"
"D","النقل والتخزين","52","التخزين وأنشطة الدعم للنقل","522","الأنشطة الداعمة للنقل","5221","أنشطة الخدمات المتصلة بالنقل البري","522104","مواقف السيارات في المباني متعددة الطوابق","مواقع مواقف السيارات في المباني متعددة الطوابق والمواقف الذكية"
"D","النقل والتخزين","52","التخزين وأنشطة الدعم للنقل","522","الأنشطة الداعمة للنقل","5221","أنشطة الخدمات المتصلة بالنقل البري","522105","نقل السيارات وسحب المركبات","نقل السيارات وسحب المركبات على الطرق باستخدام مركبات النقل و/أو السحب مقابل أجر."
"D","النقل والتخزين","52","التخزين وأنشطة الدعم للنقل","522","الأنشطة الداعمة للنقل","5221","أنشطة الخدمات المتصلة بالنقل البري","522106","محطات السكة الحديد",
"D","النقل والتخزين","52","التخزين وأنشطة الدعم للنقل","522","الأنشطة الداعمة للنقل","5221","أنشطة الخدمات المتصلة بالنقل البري","522108","البنية التحتية لسكة الحديد",
"D","النقل والتخزين","52","التخزين وأنشطة الدعم للنقل","522","الأنشطة الداعمة للنقل","5221","أنشطة الخدمات المتصلة بالنقل البري","522111","تشغيل مواقف الشاحنات","القيام بتشغيل مواقف مخصصة للشاحنات تتوفر بها الخدمات الأساسية للشاحنات وسائقيها حيث تشمل الخدمات الأساسية على مصلى ودورات مياه، مكاتب، إدارة للمواقع، نظام مراقبة الكتروني لكامل الموقع ونظام تحكم آلي في بوابات الدخول والخروج وبوابات الطوارئ"
"D","النقل والتخزين","52","التخزين وأنشطة الدعم للنقل","522","الأنشطة الداعمة للنقل","5222","أنشطة الخدمات المتصلة بالنقل المائي","522201","أنشطة المواني","تشغيل وإدارة مرافق الميناء والمحطات البحرية والتعامل مع البضائع والسفن والعمليات اللوجستية والإشراف على المحطات والأرصفة البحرية، ومعدات مناولة البضائع، وجدولة السفن، وأعمال صيانة البنية التحتية وجميع الأنشطة ذات الصلة داخل الموانئ والمحطات البحرية"
"D","النقل والتخزين","52","التخزين وأنشطة الدعم للنقل","522","الأنشطة الداعمة للنقل","5222","أنشطة الخدمات المتصلة بالنقل المائي","522202","الإرشاد والمساندة والدعم البحري","تقديم الخدمات البحرية بالموانئ التي تتعلق بالإرشاد البحري لمساعدة السفن في العمليات الملاحية أثناء الدخول والخروج من الموانئ، وتشغيل عمليات (STS) لنقل المشتقات النفطية من سفينة إلى أخرى، ويكون لدى المنشآت أسطول من سفن الخدمات البحرية بالموانئ وطاقم من المرشدين، ويتمثل دورهم الأساسي في مساعدة السفن أثناء عمليات المناورة، بما في ذلك الدخول والخروج من الموانئ والتنقل في الممرات الملاحية الضيقة ، والسفن المتعطلة، والمنصات العائمة، بالإضافة إلى تقديم خدمات مكافحة الحرائق ومكافحة التلوث (والاستجابة لحالات الطوارئ )"
"D","النقل والتخزين","52","التخزين وأنشطة الدعم للنقل","522","الأنشطة الداعمة للنقل","5222","أنشطة الخدمات المتصلة بالنقل المائي","522203","قطر السفن","عملية سحب سفينة أو دفعها أو ارسائها أو أية مناورات أخرى لازمة لابحارها من مكان إلى مكان آخر بواسطة سفينة أخرى"
"D","النقل والتخزين","52","التخزين وأنشطة الدعم للنقل","522","الأنشطة الداعمة للنقل","5222","أنشطة الخدمات المتصلة بالنقل المائي","522204","إنقاذ السفن الجانحة أو المتضررة أو تعويم السفن الغارقة في البحر",
"D","النقل والتخزين","52","التخزين وأنشطة الدعم للنقل","522","الأنشطة الداعمة للنقل","5222","أنشطة الخدمات المتصلة بالنقل المائي","522206","أنشطة الموانئ الخاصة","تنمية وتطوير الميناء التجاري الخاص وتشغيل مرافقه وإبرام عقود للغير وذلك للإدارة والتطوير والصيانة والتشغيل والتمويل والاستثمار وتأسيس البنية التحتية وإقامة المشروعات والخدمات اللازمة."
"D","النقل والتخزين","52","التخزين وأنشطة الدعم للنقل","522","الأنشطة الداعمة للنقل","5222","أنشطة الخدمات المتصلة بالنقل المائي","522207","تشغيل المراسي البحرية السياحية","هو نشاط لتشغيل وإدارة عمليات المرسى البحري السياحي بشكل يومي لضمان سير العمليات بسلاسة، وتقديم خدمة عملاء ممتازة، والحفاظ على بيئة آمنة ومؤمنة لليخوت والزوار."
"D","النقل والتخزين","52","التخزين وأنشطة الدعم للنقل","522","الأنشطة الداعمة للنقل","5222","أنشطة الخدمات المتصلة بالنقل المائي","522208","وكالات الملاحة السياحية","هو نشاط لتنظيم خدمــات الوكيل الملاحي السياحي وفق اللائحة التنظيمية الصادرة من الهيئة السعودية للبحر الأحمر."
"D","النقل والتخزين","52","التخزين وأنشطة الدعم للنقل","522","الأنشطة الداعمة للنقل","5223","أنشطة الخدمات المتصلة بالنقل الجوي","522311","أنشطة المطارات","ترخيص للكيانات والإشراف على تشغيل وصيانة المطارات بما يشمل المباني والمنشآت والمعدات المخصصة كليا أو جزئيا لوصول الطائرات او تحركها او مغادرتها"
"D","النقل والتخزين","52","التخزين وأنشطة الدعم للنقل","522","الأنشطة الداعمة للنقل","5223","أنشطة الخدمات المتصلة بالنقل الجوي","522312","الملاحة والارشاد الجوي","ترخيص خاص بالكيانات القائمة بأعمال تنظيم الحركة الجوية والإرشاد الجوي"
"D","النقل والتخزين","52","التخزين وأنشطة الدعم للنقل","522","الأنشطة الداعمة للنقل","5223","أنشطة الخدمات المتصلة بالنقل الجوي","522313","تشغيل وصيانة جسور الاركاب","الترخيص لأعمال تشييد وتشغيل وصيانة جسور الاركاب وتطويرها وتكييفها وتجهيزها لخدمة المسافرين على أكمل وجه."
"D","النقل والتخزين","52","التخزين وأنشطة الدعم للنقل","522","الأنشطة الداعمة للنقل","5223","أنشطة الخدمات المتصلة بالنقل الجوي","522314","أنشطة مكافحة الحرائق في المطارات","ترخيص الكيانات لمزاولة نشاط مكافحة الحرائق في المطارات."
"D","النقل والتخزين","52","التخزين وأنشطة الدعم للنقل","522","الأنشطة الداعمة للنقل","5223","أنشطة الخدمات المتصلة بالنقل الجوي","522321","أنشطة التعامل مع الركاب في المطارات","الترخيص للكيانات بتقديم خدمات التعامل مع المسافرين بما يشمل فحص ومراجعة التذاكر ووثائق السفر وتسجيل العفش وحمله إلى منطقة الفرز والتصنيف."
"D","النقل والتخزين","52","التخزين وأنشطة الدعم للنقل","522","الأنشطة الداعمة للنقل","5223","أنشطة الخدمات المتصلة بالنقل الجوي","522322","خدمات الإدارة الأرضية والاشراف الأرضي في المطارات","الترخيص للكيانات المختصة لمزاولة الأنشطة الإدارية والإشرافية للخدمات الأرضية بما في ذلك التنسيق والتمثيل مع السلطات المحلية وإدارة التحميل على الطائرات والمراسلات والاتصالات ذات الصلة بالخدمات الارضية."
"D","النقل والتخزين","52","التخزين وأنشطة الدعم للنقل","522","الأنشطة الداعمة للنقل","5223","أنشطة الخدمات المتصلة بالنقل الجوي","522323","النقل السطحي","الترخيص للكيانات المختصة بتنفيذ وتنظيم عمليات نقل أطقم الملاحة والركاب بما يشمل خدمات ذوي الاحتياجات الخاصة بين الطائرات والصالات أو العكس، وبين الصالات في المطار."
"D","النقل والتخزين","52","التخزين وأنشطة الدعم للنقل","522","الأنشطة الداعمة للنقل","5223","أنشطة الخدمات المتصلة بالنقل الجوي","522324","مقدمي خدمات المناولة الأرضية","الترخيص يشمل خدمات المناولة في الساحات، خدمـــات تزويـــد الطائـــرات بالوقـــود، خدمات النقل السطحي، خدمات مناولة الأمتعة، خدمات الطائرات، خدمات الركاب، خدمات التمثيل والإشراف، خدمات التحكم في معدات تحميل الوحدات، خدمات التحكم في حمولة الطائرة وشحنها"
"D","النقل والتخزين","52","التخزين وأنشطة الدعم للنقل","522","الأنشطة الداعمة للنقل","5223","أنشطة الخدمات المتصلة بالنقل الجوي","522325","خدمات اجراءات الطيران","العمل على تصميم أومراجعة وتقييم اجراءات الطيران والتي تشتمل على اجراءات المغادرة والاقلاع و القدوم والهبوط والدوران، والمسارات والطرق الجوية وفقاً للمواصفات الفنية المطلوبة ."
"D","النقل والتخزين","52","التخزين وأنشطة الدعم للنقل","522","الأنشطة الداعمة للنقل","5224","مناولة البضائع","522401","تحميل وتفريغ البضائع وأمتعة الركاب بغض النظر عن وسيلة النقل",
"D","النقل والتخزين","52","التخزين وأنشطة الدعم للنقل","522","الأنشطة الداعمة للنقل","5224","مناولة البضائع","522402","الشحن والتفريغ لطائرات الشحن الجوي","ترخيص خاص بالكيانات المختصة بأعمال مناولة الشحن الجوي وتوفير الخدمات اللوجستية لطائرات الشحن في المطار المعني"
"D","النقل والتخزين","52","التخزين وأنشطة الدعم للنقل","522","الأنشطة الداعمة للنقل","5224","مناولة البضائع","522403","مناولة وقود وزيت الطائرات","الترخيص للكيانات بمزاولة عمليات التزويد والتفريغ بالوقود بما في ذلك تخزين الوقود ومراقبة نوعية وعملية امدادات الوقود وكذلك اعادة التزود بالزيت وغيره من السوائل."
"D","النقل والتخزين","52","التخزين وأنشطة الدعم للنقل","522","الأنشطة الداعمة للنقل","5224","مناولة البضائع","522405","توجيه مركبات نقل البضائع",
"D","النقل والتخزين","52","التخزين وأنشطة الدعم للنقل","522","الأنشطة الداعمة للنقل","5224","مناولة البضائع","522406","وسطاء الشحن","هي منشئات مخصصة بترتيب عمليات النقل مع الناقل لنقل بضاعة من مرسل الى مرسل إليه"
"D","النقل والتخزين","52","التخزين وأنشطة الدعم للنقل","522","الأنشطة الداعمة للنقل","5224","مناولة البضائع","522408","خدمات مناولة العفش لطائرات الركاب","""الترخيص للكيانات بمناولة العفش في منطقة الفرز ومن ثم فرزها وتجهيزها للمغادرة وتحميلها على الأجهزة المخصصة لنقلها من الطائرة إلى منطقة الفرز والعكس وكذلك تفريغها من على تلك الأجهزة، بالإضافة إلى نقل الحقائب من منطقة الفرز إلى منطقة استعادة الحقائب."""
"D","النقل والتخزين","52","التخزين وأنشطة الدعم للنقل","522","الأنشطة الداعمة للنقل","5229","أنشطة دعم النقل الأخرى","522911","أنشطة التخليص الجمركي",
"D","النقل والتخزين","52","التخزين وأنشطة الدعم للنقل","522","الأنشطة الداعمة للنقل","5229","أنشطة دعم النقل الأخرى","522912","أنشطة وكالات النقل والشحن البحري",
"D","النقل والتخزين","52","التخزين وأنشطة الدعم للنقل","522","الأنشطة الداعمة للنقل","5229","أنشطة دعم النقل الأخرى","522913","وكالات الشحن الجوي المعتمد","ترخيص لمزاولة مهنة شحن جوي معتمد (إستقبال الشحنات والتحقق منها ومن هوية المرسل وعمل الإجراءات الأمنية لها ومن ثم ترحيلها لمبنى الشحن بالمطار) لنقل الشحنات عبر الجو."""
"D","النقل والتخزين","52","التخزين وأنشطة الدعم للنقل","522","الأنشطة الداعمة للنقل","5229","أنشطة دعم النقل الأخرى","522914","أنشطة التعبئة والتفريغ من صناديق الشحن",
"D","النقل والتخزين","52","التخزين وأنشطة الدعم للنقل","522","الأنشطة الداعمة للنقل","5229","أنشطة دعم النقل الأخرى","522915","أنشطة فحص وأخذ عينات من البضائع","أخذ العينات من البضائع والمستودعات لغرض فحصها واختبارها"
"D","النقل والتخزين","52","التخزين وأنشطة الدعم للنقل","522","الأنشطة الداعمة للنقل","5229","أنشطة دعم النقل الأخرى","522916","خدمات سماسرة الطائرات","الترخيص للكيانات بمزاولة أعمال السمسرة والوساطة في الطيران التجاري والخاص."
"D","النقل والتخزين","52","التخزين وأنشطة الدعم للنقل","522","الأنشطة الداعمة للنقل","5229","أنشطة دعم النقل الأخرى","522917","أنشطة الكيالة والوزن",
"D","النقل والتخزين","52","التخزين وأنشطة الدعم للنقل","522","الأنشطة الداعمة للنقل","5229","أنشطة دعم النقل الأخرى","522918","الوساطة في بيع قطع غيار الطائرات والأجهزة التشبيهية","الترخيص للكيانات بمزاولة أعمال الوساطة في بيع قطع غيار الطائرات المدنية وتوفير الأجهزة التشبيهية أو قطع غيارها."
"D","النقل والتخزين","52","التخزين وأنشطة الدعم للنقل","522","الأنشطة الداعمة للنقل","5229","أنشطة دعم النقل الأخرى","522922","توجيه مركبات الأجرة","توجيه المركبات الخاصة بالأفراد لغرض نقل الركاب للحصول على منفعة مقسومة بين الطرفين بواسطة تطبيقات الأجهزة الذكية"
"D","النقل والتخزين","52","التخزين وأنشطة الدعم للنقل","522","الأنشطة الداعمة للنقل","5229","أنشطة دعم النقل الأخرى","522923","استلام وتفريغ السلع والمنتجات من الناقلات وصفها وترتيبها على الرفوف",
"D","النقل والتخزين","52","التخزين وأنشطة الدعم للنقل","522","الأنشطة الداعمة للنقل","5229","أنشطة دعم النقل الأخرى","522924","تموين السفن ماعدا الوقود بجميع أشكاله",
"D","النقل والتخزين","52","التخزين وأنشطة الدعم للنقل","522","الأنشطة الداعمة للنقل","5229","أنشطة دعم النقل الأخرى","522925","مباشرة وإعداد التقارير الفنية لحوادث تسرب الزيت أو أي ملوثات أخرى داخل البحر",
"D","النقل والتخزين","52","التخزين وأنشطة الدعم للنقل","522","الأنشطة الداعمة للنقل","5229","أنشطة دعم النقل الأخرى","522926","إصدار رخص القيادة الدولية ودفاتر المرور الجمركية",
"D","النقل والتخزين","52","التخزين وأنشطة الدعم للنقل","522","الأنشطة الداعمة للنقل","5229","أنشطة دعم النقل الأخرى","522927","مناولة الشحن الجوي للبضائع والبريد","القيام بالأعمال اللوجستية في المطارات لمناولة بضائع الشحن الجوي وتصديرها ونقلها واستيرادها، أو مناولة البريد الصادر والوارد، أو بهما معاً، ومعالجة الوثائق ذات الصلة، والإجراءات الجمركية، وتنفيذ أي إجراءات أمنية تنص عليها الأنظمة والمتفق عليها بين الأطراف في مرافق المطار ومستودعات الشحن دون التعامل المباشر مع الطائرات."
"D","النقل والتخزين","52","التخزين وأنشطة الدعم للنقل","522","الأنشطة الداعمة للنقل","5229","أنشطة دعم النقل الأخرى","522928","وكالات الشحن الجوي التجميعي","ترخيص لمزاولة نشاط الشحن الجوي التجميعي (تجميع الشحنات والتحقق منها ومن هوية المرسل ومن ثم ترحيلها الى الشاحن الجوي المعتمد ومن ثم للمطار) لنقل الشحنات عبر الجو.."
"D","النقل والتخزين","52","التخزين وأنشطة الدعم للنقل","522","الأنشطة الداعمة للنقل","5229","أنشطة دعم النقل الأخرى","522931","الخدمات اللوجستية","إدارة وتخطيط العمليات الداعمة لنقل وتخزين البضائع من مرحلة الإنتاج إلى المستهلك النهائي شاملةً وسطاء الشحن (البري، البحري، الجوي) وخدمات القيمة المضافة مثل التعبئة والتغليف ووضع الملصقات"
"D","النقل والتخزين","52","التخزين وأنشطة الدعم للنقل","522","الأنشطة الداعمة للنقل","5229","أنشطة دعم النقل الأخرى","522932","توجيه الحافلات","وساطة إلكترونية لتوجيه الحافلات من خلال تطبيقات الأجهزة الذكية لنقل الركاب مقابل أجر"
"D","النقل والتخزين","52","التخزين وأنشطة الدعم للنقل","522","الأنشطة الداعمة للنقل","5229","أنشطة دعم النقل الأخرى","522933","وسيط الأجرة","ترحيل وتنظيم نقل الركاب بسيارات الأجرة العامة المملوكة للغير بين مدن المملكة وإلى الدول الأخرى، أو على سيارات الأجرة الأجنبية في طريق عودتها إلى بلد تسجيلها أو إلى بلد ثالث ."
"D","النقل والتخزين","52","التخزين وأنشطة الدعم للنقل","522","الأنشطة الداعمة للنقل","5229","أنشطة دعم النقل الأخرى","522934","وسيط الأجرة عبر التطبيقات","التوسط في توفير خدمة نقل الركاب بين المرخصين في أنشطة الأجرة العامة أو الأجرة العائلية والركاب مقابل الحصول على نسبة من أجر التوصيل بواسطة تطبيقات الأجهزة الذكية"
"D","النقل والتخزين","53","أنشطة البريد ونقل الرسائل والطرود بواسطة مندوبين","532","أنشطة شركات نقل البريد الخاصة","5320","أنشطة شركات نقل البريد الخاصة","532011","نقل الطرود (محلي)","تقديم خدمات نقل الطرود داخل المملكة"
"D","النقل والتخزين","53","أنشطة البريد ونقل الرسائل والطرود بواسطة مندوبين","532","أنشطة شركات نقل البريد الخاصة","5320","أنشطة شركات نقل البريد الخاصة","532012","نقل الطرود (محلي ودولي)","تقديم خدمات نقل الطرود داخل المملكة وعبر الحدود الدولية للمملكة"
"D","النقل والتخزين","53","أنشطة البريد ونقل الرسائل والطرود بواسطة مندوبين","532","أنشطة شركات نقل البريد الخاصة","5320","أنشطة شركات نقل البريد الخاصة","532013","تقديم خدمات التوصيل عبر المنصات الالكترونية","اي جهة ترغب في تقديم خدمة التوصيل عبر المنصات الإلكترونية ويتوفر لديها منصة الكترونية ويكون نشاط التوصيل هو نشاط العمل الرئيس لها وتستهدف استقبال طلبات الأفراد لتوصيل المنتجات والطلبات التي يتم توفيرها من قبل المحلات التجارية أو الأفراد، لموقع محدد من قبل مندوب توصيل لقاء مقابل مالي عن عملية التوصيل."
"I","أنشطة خدمات الاقامة والطعام","55","الإقامة","551","أنشطة الإقامة القصيرة المدى","5510","أنشطة الإقامة القصيرة المدى","551011","الفنادق",
"I","أنشطة خدمات الاقامة والطعام","55","الإقامة","551","أنشطة الإقامة القصيرة المدى","5510","أنشطة الإقامة القصيرة المدى","551013","الفنادق التراثية",
"I","أنشطة خدمات الاقامة والطعام","55","الإقامة","551","أنشطة الإقامة القصيرة المدى","5510","أنشطة الإقامة القصيرة المدى","551014","فنادق الاستشفاء","تطبق معايير فندق الاستشفاء على الفنادق التي تركز على الرفاهية والوقاية الصحية واللياقة البدنية وتهدف الى مساعدة السائح على تغيير نمط حياته اليومي بشكل دائم. ويجب على الفندق استيفاء معايير تصنيف الفنادق بالنجوم المطبقة في المملكة العربية السعودية ومعايير التصنيف الإلزامية حتى يحق له استخدام مسمى فندق استشفاء او منتجع استشفاء"
"I","أنشطة خدمات الاقامة والطعام","55","الإقامة","551","أنشطة الإقامة القصيرة المدى","5510","أنشطة الإقامة القصيرة المدى","551015","فنادق البوتيك","هـو عبـارة عـن مبنـى صغيـر الحجـم، يتكـون مـن غـرف مميـزة وراقيـة وبتصميـم جـذاب ولمسـات خاصـة. ويتطلـب أن يسـتوفي ""فنـدق البوتيـك"" معاييـر تصنيـف الفنـادق بالنجـوم المطبقـة فـي المملكـة العربيـة السـعودية وأن يحصـل فنـدق البوتيـك علـى تصنيـف 3 نجـوم كحـد بالإضافة إلـى معاييـر التصنيـف الإلزامية التاليـة حتـى يحـق لـه اسـتخدام مسـمى ""فنـدق بوتيـك"
"I","أنشطة خدمات الاقامة والطعام","55","الإقامة","551","أنشطة الإقامة القصيرة المدى","5510","أنشطة الإقامة القصيرة المدى","551022","الشقق الفندقية",
"I","أنشطة خدمات الاقامة والطعام","55","الإقامة","551","أنشطة الإقامة القصيرة المدى","5510","أنشطة الإقامة القصيرة المدى","551023","الفلل الفندقية",
"I","أنشطة خدمات الاقامة والطعام","55","الإقامة","551","أنشطة الإقامة القصيرة المدى","5510","أنشطة الإقامة القصيرة المدى","551025","الشقق المخدومة","هي وحدات تؤجر بشكل يومي وتحتوي على (غرفة معيشة وغرفة نوم وحمام ومطبخ بتجهيزاته) مع خدمات اساسية للضيف"
"I","أنشطة خدمات الاقامة والطعام","55","الإقامة","551","أنشطة الإقامة القصيرة المدى","5510","أنشطة الإقامة القصيرة المدى","551041","بيوت العطلات (الشاليهات)","هي مجموعة من الوحدات لها مدخل رئيسي ومدخل منفصل وخاصة لكل وحدة وتدار من قبل إدارة موحدة وتؤجر بشكل يومي يجب ان تتضمن كل وحدة على الأقل غرفة نوم واحدة وحمام ومطبخ. يجب استيفاء المعايير التالية للحصول على الحق في استخدام فندق بيت العطلات لاي استخدام تسويقي لبيوت العطلات"
"I","أنشطة خدمات الاقامة والطعام","55","الإقامة","551","أنشطة الإقامة القصيرة المدى","5510","أنشطة الإقامة القصيرة المدى","551042","الاستراحات التجارية",
"I","أنشطة خدمات الاقامة والطعام","55","الإقامة","551","أنشطة الإقامة القصيرة المدى","5510","أنشطة الإقامة القصيرة المدى","551043","النزل السياحية",
"I","أنشطة خدمات الاقامة والطعام","55","الإقامة","551","أنشطة الإقامة القصيرة المدى","5510","أنشطة الإقامة القصيرة المدى","551044","المنتجعات",
"I","أنشطة خدمات الاقامة والطعام","55","الإقامة","551","أنشطة الإقامة القصيرة المدى","5510","أنشطة الإقامة القصيرة المدى","551050","قصور وصالات الافراح والمناسبات مع الاقامة",
"I","أنشطة خدمات الاقامة والطعام","55","الإقامة","551","أنشطة الإقامة القصيرة المدى","5510","أنشطة الإقامة القصيرة المدى","551060","وحدات المشاركة بالوقت",
"I","أنشطة خدمات الاقامة والطعام","55","الإقامة","551","أنشطة الإقامة القصيرة المدى","5510","أنشطة الإقامة القصيرة المدى","551081","إدارة مرافق الإيواء السياحي",
"I","أنشطة خدمات الاقامة والطعام","55","الإقامة","552","أماكن المخيمات والمنتزهات الترفيهية التي تتيح مكاناّ للسيارات والمنتزهات التي تتيح مكاناّ للمقطورات","5520","أماكن المخيمات والمنتزهات الترفيهية التي تتيح مكاناّ للسيارات والمنتزهات التي تتيح مكاناّ للمقطورات","552001","المخيمات","هي كل مخيم يقام في المناطق الصحراوية، أو الجبلية، أو الساحلية، وفقاً للأنظمة، والشروط، والضوابط المعتمدة من الجهات المعنية بغرض الاستثمار السياحي، وممارسة الأنشطة الترفيهية السياحية ، تقع المخيمات عادة خارج المدن، وتكون غير دائمة مع تقديم خدمات الضيافة."
"I","أنشطة خدمات الاقامة والطعام","55","الإقامة","552","أماكن المخيمات والمنتزهات الترفيهية التي تتيح مكاناّ للسيارات والمنتزهات التي تتيح مكاناّ للمقطورات","5520","أماكن المخيمات والمنتزهات الترفيهية التي تتيح مكاناّ للسيارات والمنتزهات التي تتيح مكاناّ للمقطورات","552003","مرافق الضيافة المؤقتة","توفير خدمات الضيافــة المؤقتة التي عــادة مــا يتــم وضعهـا فـي أماكن الأحـداث الموســمية، وتشمل توفيــر المبيت والمرافــق الصحيــة وتأميــن السـلامة للضيـوف مـن خـلال التحكـم فـي دخـول وخــروج الضيــوف والزائريــن الآخريــن، ولا تشمل أنشطة الضيافة الدائمة"
"I","أنشطة خدمات الاقامة والطعام","55","الإقامة","559","مرافق الإقامة الاخرى","5590","مرافق الإقامة الاخرى","559002","سكن الطلاب",
"I","أنشطة خدمات الاقامة والطعام","55","الإقامة","559","مرافق الإقامة الاخرى","5590","مرافق الإقامة الاخرى","559003","السكن الجماعي للافراد","إدارة وتشغيل مباني السكن الجماعي للأفراد، وتشمل جميع الخدمات التشغيلية لمباني السكن الجماعي للأفراد"
"I","أنشطة خدمات الاقامة والطعام","56","أنشطة خدمات الأطعمة والمشروبات","561","أنشطة المطاعم وخدمات الأطعمة المتنقلة","5610","أنشطة المطاعم وخدمات الأطعمة المتنقلة","561010","المطاعم مع الخدمة","هي المنشآت التي يتم فيها إعداد وتقديم الوجبات الغذائية لتناولها داخل صالة الطعام الملحقة والمعدة خصيصاً لهذا الغرض أو يمكن تناولها خارج المحل ويوجد لدينا أنشطة تفصيلية داخلية لهذا النشاط مثل (محلات الاكلات الشعبية ، مطاعم المندي ، مطاعم الفول ..الخ)"
"I","أنشطة خدمات الاقامة والطعام","56","أنشطة خدمات الأطعمة والمشروبات","561","أنشطة المطاعم وخدمات الأطعمة المتنقلة","5610","أنشطة المطاعم وخدمات الأطعمة المتنقلة","561021","البوفيهات ( الكافيتريات )",
"I","أنشطة خدمات الاقامة والطعام","56","أنشطة خدمات الأطعمة والمشروبات","561","أنشطة المطاعم وخدمات الأطعمة المتنقلة","5610","أنشطة المطاعم وخدمات الأطعمة المتنقلة","561031","محلات الوجبات السريعة ( تشمل محلات البيتزاء )",
"I","أنشطة خدمات الاقامة والطعام","56","أنشطة خدمات الأطعمة والمشروبات","561","أنشطة المطاعم وخدمات الأطعمة المتنقلة","5610","أنشطة المطاعم وخدمات الأطعمة المتنقلة","561040","أنشطة تقديم الوجبات فقط ( تناول الوجبة خارج المحل Take Out )",
"I","أنشطة خدمات الاقامة والطعام","56","أنشطة خدمات الأطعمة والمشروبات","561","أنشطة المطاعم وخدمات الأطعمة المتنقلة","5610","أنشطة المطاعم وخدمات الأطعمة المتنقلة","561050","سيارة الآيس كريم المتجولة",
"I","أنشطة خدمات الاقامة والطعام","56","أنشطة خدمات الأطعمة والمشروبات","561","أنشطة المطاعم وخدمات الأطعمة المتنقلة","5610","أنشطة المطاعم وخدمات الأطعمة المتنقلة","561060","سيارة متجولة لبيع الأغذية",
"I","أنشطة خدمات الاقامة والطعام","56","أنشطة خدمات الأطعمة والمشروبات","561","أنشطة المطاعم وخدمات الأطعمة المتنقلة","5610","أنشطة المطاعم وخدمات الأطعمة المتنقلة","561081","المطاعم الفاخرة","تعرف المطاعم الفاخرة: هي المطاعم التي تعتمد على تقديم أفضل تجربة وفقاً لأفضل الممارسات، تكون الخدمة مميزة للغاية، مع أجواء راقية، إلى جانب إتاحة خيار الأطباق الخاصة، لتمتد إلى تقديم أفضل مستوى ممكن للتجربة، بخبرة طهي متقدمة"
"I","أنشطة خدمات الاقامة والطعام","56","أنشطة خدمات الأطعمة والمشروبات","561","أنشطة المطاعم وخدمات الأطعمة المتنقلة","5610","أنشطة المطاعم وخدمات الأطعمة المتنقلة","561092","محلات شوي الأسماك والمأكولات البحرية",
"I","أنشطة خدمات الاقامة والطعام","56","أنشطة خدمات الأطعمة والمشروبات","561","أنشطة المطاعم وخدمات الأطعمة المتنقلة","5610","أنشطة المطاعم وخدمات الأطعمة المتنقلة","561093","محلات شوي اللحوم (المشاكيك)",
"I","أنشطة خدمات الاقامة والطعام","56","أنشطة خدمات الأطعمة والمشروبات","562","أنشطة خدمات الطعام في المناسبات وغيرها من خدمات الطعام","5621","تقديم وجبات الطعام في المناسبات","562111","مطابخ إعداد الولائم للحفلات",
"I","أنشطة خدمات الاقامة والطعام","56","أنشطة خدمات الأطعمة والمشروبات","562","أنشطة خدمات الطعام في المناسبات وغيرها من خدمات الطعام","5621","تقديم وجبات الطعام في المناسبات","562112","متعهدي الاعاشة بالحج والعمرة",
"I","أنشطة خدمات الاقامة والطعام","56","أنشطة خدمات الأطعمة والمشروبات","562","أنشطة خدمات الطعام في المناسبات وغيرها من خدمات الطعام","5629","أنشطة خدمات الطعام الأخرى","562901","أنشطة المتعهدين الذين يقدمون خدمات الطعام","مسؤول عن نقل وتأمين المواد الغذائية الأولية أو النهائية إلى الجهات التي تحتاج إليها"
"I","أنشطة خدمات الاقامة والطعام","56","أنشطة خدمات الأطعمة والمشروبات","562","أنشطة خدمات الطعام في المناسبات وغيرها من خدمات الطعام","5629","أنشطة خدمات الطعام الأخرى","562902","تشغيل خدمات تقديم الطعام في المرافق الرياضية وما شابهها على أساس إمتياز محدد",
"I","أنشطة خدمات الاقامة والطعام","56","أنشطة خدمات الأطعمة والمشروبات","562","أنشطة خدمات الطعام في المناسبات وغيرها من خدمات الطعام","5629","أنشطة خدمات الطعام الأخرى","562903","تشغيل المقاصف والكفتيريات على أساس إمتياز محدد ، يشمل ( المقاصف والكفتيريات في المصانع والمكاتب والمستشفيات والمدارس .. الخ )",
"I","أنشطة خدمات الاقامة والطعام","56","أنشطة خدمات الأطعمة والمشروبات","562","أنشطة خدمات الطعام في المناسبات وغيرها من خدمات الطعام","5629","أنشطة خدمات الطعام الأخرى","562904","أنشطة المتعهدين الذين يقدمون خدمات الطعام للطائرات","الترخيص للكيانات بتخزين الأطعمة والمشروبات وكذلك المعدات اللازمة لإعدادها ونقل الأطعمة والمشروبات من و إلى الطائرة فضلاً عن تحميلها وتفريغها"
"I","أنشطة خدمات الاقامة والطعام","56","أنشطة خدمات الأطعمة والمشروبات","563","أنشطة تقديم المشروبات","5630","أنشطة تقديم المشروبات","563011","محلات تقديم المشروبات ( الكوفي شوب )",
"I","أنشطة خدمات الاقامة والطعام","56","أنشطة خدمات الأطعمة والمشروبات","563","أنشطة تقديم المشروبات","5630","أنشطة تقديم المشروبات","563012","المقاهي الشعبية",
"I","أنشطة خدمات الاقامة والطعام","56","أنشطة خدمات الأطعمة والمشروبات","563","أنشطة تقديم المشروبات","5630","أنشطة تقديم المشروبات","563014","محلات البوظة ( الايسكريم )",
"I","أنشطة خدمات الاقامة والطعام","56","أنشطة خدمات الأطعمة والمشروبات","563","أنشطة تقديم المشروبات","5630","أنشطة تقديم المشروبات","563020","تقديم العصائر الطازجة و المشروبات الباردة",
"S","المعلومات والاتصالات","58","أنشطة النشر","581","نشر الكُتب والدوريات وغيرها من أنشطة النشر","5811","نشر الكُتب","581101","نشر الكتب الورقية والقواميس والأطالس والخرائط ( ويشمل : استيراد وإنتاج الأوعية الفكرية المكتوبة أو المرسومة أو المصورة )",
"S","المعلومات والاتصالات","58","أنشطة النشر","581","نشر الكُتب والدوريات وغيرها من أنشطة النشر","5811","نشر الكُتب","581104","النشر الالكتروني",
"S","المعلومات والاتصالات","58","أنشطة النشر","581","نشر الكُتب والدوريات وغيرها من أنشطة النشر","5811","نشر الكُتب","581105","الكتب المسموعة",
"S","المعلومات والاتصالات","58","أنشطة النشر","581","نشر الكُتب والدوريات وغيرها من أنشطة النشر","5811","نشر الكُتب","581106","نشر الكتب على الانترنت",
"S","المعلومات والاتصالات","58","أنشطة النشر","581","نشر الكُتب والدوريات وغيرها من أنشطة النشر","5812","نشر الأدلة وقوائم العناوين البريدية","581200","نشر الأدلة وقوائم العناوين البريدية",
"S","المعلومات والاتصالات","58","أنشطة النشر","581","نشر الكُتب والدوريات وغيرها من أنشطة النشر","5812","نشر الأدلة وقوائم العناوين البريدية","581201","نشر قوائم العناوين","يشمل نشر قوائم المعلومات/الحقائق (قواعد البيانات) المحمية من حيث الشكل ولكن ليس من حيث المضمون وتنشر هذه القوائم عادةً في شكل مطبوع أو إلكتروني"
"S","المعلومات والاتصالات","58","أنشطة النشر","581","نشر الكُتب والدوريات وغيرها من أنشطة النشر","5812","نشر الأدلة وقوائم العناوين البريدية","581202","نشر دليل الهاتف","تزويد المستخدمين بدليل هاتف والتي منها تجميع المعلومات المتاحة للعموم ونشرها في الدليل للأغراض التجارية"
"S","المعلومات والاتصالات","58","أنشطة النشر","581","نشر الكُتب والدوريات وغيرها من أنشطة النشر","5813","نشر الصُحف والمجلات والدوريات","581311","نشر الصحف والمجلات والدوريات",
"S","المعلومات والاتصالات","58","أنشطة النشر","581","نشر الكُتب والدوريات وغيرها من أنشطة النشر","5819","أنشطة النشر الأخرى","581904","نشر الصور والأشكال المحفورة",
"S","المعلومات والاتصالات","58","أنشطة النشر","582","نشر البرمجيات","5820","نشر البرمجيات","582001","نشر البرامج الجاهزة","تطبيقات سطح المكتب وتطبيقات الهاتف الجوال المتاحة التي تخدم مباشرةً حاجة المستخدم النهائي، بعملية استهلاك أو شراء خدمات لصالح طرف ثالث. مثل تطبيقات مايكروسوفت سطح المكتب ( MS Office) والتطبيقات الإنتاجية والتطبيقات التنظيمية وبرامج تصميم الجرافيك وبرامج تعديل الفيديوهات ومحركات البحث."
"S","المعلومات والاتصالات","58","أنشطة النشر","582","نشر البرمجيات","5820","نشر البرمجيات","582002","أنظمة التشغيل","جميع أنواع البرمجيات المصممة لتشغيل الأنظمة أو حمايتها. مثل أنظمة التشغيل (أندرويد ونظام تشغيل أجهزة الأيفون ونظام الويندوز ونظام لينوكس) ومحركات الأنظمة وبرامج الأمن السيبراني، والبرمجيات الشبكية ونواة أنظمة التشغيل ورموز (Code) تشغيل أنظمة التشغيل."
"S","المعلومات والاتصالات","59","أنشطة إنتاج الأفلام والفيديو والبرامج التليفزيونية والتسجيلات الصوتية ونشر الموسيقى","591","أنشطة إنتاج الأفلام والفيديو والبرامج التلفزيونية","5911","أنشطة إنتاج الأفلام والفيديو والبرامج التلفزيونية","591101","انتاج افلام سينمائية ، يشمل الرسوم المتحركة التقليدية","انتاج الأفلام السينمائية ومحتواها ، يشـمل: إنتـاج الأفلام السينمائية وأفلام الرسوم المتحركة التقليدية، تأثيرات الخاصة ضمن نطاق الانتاج والتصوير"
"S","المعلومات والاتصالات","59","أنشطة إنتاج الأفلام والفيديو والبرامج التليفزيونية والتسجيلات الصوتية ونشر الموسيقى","591","أنشطة إنتاج الأفلام والفيديو والبرامج التلفزيونية","5911","أنشطة إنتاج الأفلام والفيديو والبرامج التلفزيونية","591102","افلام وبرامج الفيديو","أنشطة الإنتاج التي تشمل الإنتاج والسيناريوهات المكتوبة ، في نطاق الإنتاج والتصوير"
"S","المعلومات والاتصالات","59","أنشطة إنتاج الأفلام والفيديو والبرامج التليفزيونية والتسجيلات الصوتية ونشر الموسيقى","591","أنشطة إنتاج الأفلام والفيديو والبرامج التلفزيونية","5911","أنشطة إنتاج الأفلام والفيديو والبرامج التلفزيونية","591103","برامج تلفزيونية",
"S","المعلومات والاتصالات","59","أنشطة إنتاج الأفلام والفيديو والبرامج التليفزيونية والتسجيلات الصوتية ونشر الموسيقى","591","أنشطة إنتاج الأفلام والفيديو والبرامج التلفزيونية","5911","أنشطة إنتاج الأفلام والفيديو والبرامج التلفزيونية","591104","انتاج اعلانات تجارية تلفزيونية",
"S","المعلومات والاتصالات","59","أنشطة إنتاج الأفلام والفيديو والبرامج التليفزيونية والتسجيلات الصوتية ونشر الموسيقى","591","أنشطة إنتاج الأفلام والفيديو والبرامج التلفزيونية","5911","أنشطة إنتاج الأفلام والفيديو والبرامج التلفزيونية","591105","تشغيل استوديو صوتي ومرئي","تشغيل استديو صوتي ومرئي يشمل إدارة وتوفير مجموعة من الخدمات الإعلامية المرئية والمسموعة التي تشمل تسجيل الصوت، المكساج، تحرير الفيديو، وتصميم الجرافيك، باستخدام معدات وتقنيات متقدمة ضمن استوديوهات مجهزة خصيصًا لهذا الغرض"
"S","المعلومات والاتصالات","59","أنشطة إنتاج الأفلام والفيديو والبرامج التليفزيونية والتسجيلات الصوتية ونشر الموسيقى","591","أنشطة إنتاج الأفلام والفيديو والبرامج التلفزيونية","5912","أنشطة ما بعد الإنتاج لأفلام السينما وأفلام الفيديو والبرامج التلفزيونية","591201","تحرير الافلام ، يشمل الترجمة والمونتاج ووضع العناوين","نشاط تحرير الأفلام والدبلجــة والترجمــة المصاحبــة ووضع العناوين، والمونتــاج والنصــوص المكتوبــة للأعمال السينمائية"
"S","المعلومات والاتصالات","59","أنشطة إنتاج الأفلام والفيديو والبرامج التليفزيونية والتسجيلات الصوتية ونشر الموسيقى","591","أنشطة إنتاج الأفلام والفيديو والبرامج التلفزيونية","5912","أنشطة ما بعد الإنتاج لأفلام السينما وأفلام الفيديو والبرامج التلفزيونية","591202","انتاج الرسومات والصور المتحركة بالحاسوب","انشاء البيانات الصورية بواسطة الحاسب الآلي من خلال برامج الرسومات المتخصصة، وتشمل الرسومات ثنائية وثلاثية الأبعاد ومعالجة الصور وإنشاء الصور المتحركه رقمياً، ووضع الأشكال والرسوم المتحركة والتأثيرات الخاصة على الأفلام بواسطة الحاسوب"
"S","المعلومات والاتصالات","59","أنشطة إنتاج الأفلام والفيديو والبرامج التليفزيونية والتسجيلات الصوتية ونشر الموسيقى","591","أنشطة إنتاج الأفلام والفيديو والبرامج التلفزيونية","5912","أنشطة ما بعد الإنتاج لأفلام السينما وأفلام الفيديو والبرامج التلفزيونية","591203","التأثيرات الخاصة وتطوير معالجة الافلام","نشاط التأثيرات الخاصة وتطوير معالجة الأفلام، وانشطة ما بعد انتاج التأثيرات"
"S","المعلومات والاتصالات","59","أنشطة إنتاج الأفلام والفيديو والبرامج التليفزيونية والتسجيلات الصوتية ونشر الموسيقى","591","أنشطة إنتاج الأفلام والفيديو والبرامج التلفزيونية","5913","أنشطة توزيع الأفلام السينمائية والفيديو والبرامج التلفزيونية","591311","توزيع الافلام على العارضون وشبكات التلفزيون","هذا الترخيص يمنح الحقوق اللازمة لتوزيع الأفلام على عارضي الأفلام وشبكات التلفزيون"
"S","المعلومات والاتصالات","59","أنشطة إنتاج الأفلام والفيديو والبرامج التليفزيونية والتسجيلات الصوتية ونشر الموسيقى","591","أنشطة إنتاج الأفلام والفيديو والبرامج التلفزيونية","5913","أنشطة توزيع الأفلام السينمائية والفيديو والبرامج التلفزيونية","591312","توزيع الفيديو على العارضون وشبكات التلفزيون",
"S","المعلومات والاتصالات","59","أنشطة إنتاج الأفلام والفيديو والبرامج التليفزيونية والتسجيلات الصوتية ونشر الموسيقى","591","أنشطة إنتاج الأفلام والفيديو والبرامج التلفزيونية","5913","أنشطة توزيع الأفلام السينمائية والفيديو والبرامج التلفزيونية","591313","توزيع أقراص الفيديو الرقمية على العارضون وشبكات التلفزيون",
"S","المعلومات والاتصالات","59","أنشطة إنتاج الأفلام والفيديو والبرامج التليفزيونية والتسجيلات الصوتية ونشر الموسيقى","591","أنشطة إنتاج الأفلام والفيديو والبرامج التلفزيونية","5914","أنشطة عرض الأفلام السينمائية","591401","تشغيل دور السينما الثابتة","تشغيل دور السينما الدائمة وقاعات السينما"
"S","المعلومات والاتصالات","59","أنشطة إنتاج الأفلام والفيديو والبرامج التليفزيونية والتسجيلات الصوتية ونشر الموسيقى","591","أنشطة إنتاج الأفلام والفيديو والبرامج التلفزيونية","5914","أنشطة عرض الأفلام السينمائية","591402","أنشطة النوادي السينمائية","شهادة عدم ممانعة لأنشطة النوادي السينمائية"
"S","المعلومات والاتصالات","59","أنشطة إنتاج الأفلام والفيديو والبرامج التليفزيونية والتسجيلات الصوتية ونشر الموسيقى","591","أنشطة إنتاج الأفلام والفيديو والبرامج التلفزيونية","5914","أنشطة عرض الأفلام السينمائية","591403","تشغيل دار العرض السينمائي الدائم","تشغيل السينما لعرض فيلم سينمائي أو أكثر يستخدم بشكل دائم"
"S","المعلومات والاتصالات","59","أنشطة إنتاج الأفلام والفيديو والبرامج التليفزيونية والتسجيلات الصوتية ونشر الموسيقى","591","أنشطة إنتاج الأفلام والفيديو والبرامج التلفزيونية","5914","أنشطة عرض الأفلام السينمائية","591404","تشغيل دار العرض السينمائي المؤقت","تشغيل دور العرض المؤقتة هو عرض سينمائي يستخدم بشكل مؤقت (لمدة لا تزيد عن ثلاثين يوما متصلة أو متفرقة وقابلة للتمديد استثنائيا بقرار من الهيئة) لتقديم العروض السينمائية، بما في ذلك مهرجانات وفعاليات عروض الأفلام ذات الصلة"
"S","المعلومات والاتصالات","59","أنشطة إنتاج الأفلام والفيديو والبرامج التليفزيونية والتسجيلات الصوتية ونشر الموسيقى","591","أنشطة إنتاج الأفلام والفيديو والبرامج التلفزيونية","5914","أنشطة عرض الأفلام السينمائية","591405","تشغيل دار العرض السينمائي للاحتياج المتخصص","تشغيل دار عرض سينمائي في العروض الغير الربحية، والتي تعرض محتوى إعلاميًّا مصنفًا من الهيئة لأغراض تعليمية، أو تربوية، أو علمية، أو ثقافية، أو تاريخية، أو لأي غرض خاص آخر يتم الموافقة عليه"
"S","المعلومات والاتصالات","59","أنشطة إنتاج الأفلام والفيديو والبرامج التليفزيونية والتسجيلات الصوتية ونشر الموسيقى","592","أنشطة نشر التسجيلات الصوتية والموسيقى","5920","أنشطة نشر التسجيلات الصوتية والموسيقى","592011","انتاج التسجيلات الصوتية على اشرطة(كسيت)",
"S","المعلومات والاتصالات","59","أنشطة إنتاج الأفلام والفيديو والبرامج التليفزيونية والتسجيلات الصوتية ونشر الموسيقى","592","أنشطة نشر التسجيلات الصوتية والموسيقى","5920","أنشطة نشر التسجيلات الصوتية والموسيقى","592012","انتاج التسجيلات الصوتية على CD",
"S","المعلومات والاتصالات","59","أنشطة إنتاج الأفلام والفيديو والبرامج التليفزيونية والتسجيلات الصوتية ونشر الموسيقى","592","أنشطة نشر التسجيلات الصوتية والموسيقى","5920","أنشطة نشر التسجيلات الصوتية والموسيقى","592013","توزيع التسجيلات على التجار","توزيع التسجيلات الصوتية إلى بائعي الجملة والتجزئة أو للبيع المباشر للجمهور"
"S","المعلومات والاتصالات","59","أنشطة إنتاج الأفلام والفيديو والبرامج التليفزيونية والتسجيلات الصوتية ونشر الموسيقى","592","أنشطة نشر التسجيلات الصوتية والموسيقى","5920","أنشطة نشر التسجيلات الصوتية والموسيقى","592015","انتاج البرامج الإذاعية والتسجيلات الصوتية",
"S","المعلومات والاتصالات","60","أنشطة البرمجة والإذاعة","601","الإذاعة الصوتية","6010","الإذاعة الصوتية","601001","البث الاذاعي عن طريق الجو او الاسلاك او القمر الصناعي",
"S","المعلومات والاتصالات","60","أنشطة البرمجة والإذاعة","601","الإذاعة الصوتية","6010","الإذاعة الصوتية","601002","البث الاذاعي عن طريق الانترنت ( محطات اذاعة الانترنت )",
"S","المعلومات والاتصالات","60","أنشطة البرمجة والإذاعة","601","الإذاعة الصوتية","6010","الإذاعة الصوتية","601003","أنشطة الإذاعة",
"S","المعلومات والاتصالات","60","أنشطة البرمجة والإذاعة","602","أنشطة البرمجة والإذاعة التلفزيونية","6020","أنشطة البرمجة والإذاعة التلفزيونية","602011","البث التلفزيوني",
"S","المعلومات والاتصالات","60","أنشطة البرمجة والإذاعة","602","أنشطة البرمجة والإذاعة التلفزيونية","6020","أنشطة البرمجة والإذاعة التلفزيونية","602021","برامج الكابل والسواتل وغيرها من الخدمات الخاضعة للأشتراك",
"S","المعلومات والاتصالات","60","أنشطة البرمجة والإذاعة","602","أنشطة البرمجة والإذاعة التلفزيونية","6020","أنشطة البرمجة والإذاعة التلفزيونية","602031","أنشطة التلفزيون",
"S","المعلومات والاتصالات","60","أنشطة البرمجة والإذاعة","602","أنشطة البرمجة والإذاعة التلفزيونية","6020","أنشطة البرمجة والإذاعة التلفزيونية","602032","أنشطة برمجة اشتراك القنوات",
"S","المعلومات والاتصالات","60","أنشطة البرمجة والإذاعة","602","أنشطة البرمجة والإذاعة التلفزيونية","6020","أنشطة البرمجة والإذاعة التلفزيونية","602034","تشغيل خدمة الربط العلوي بالأقمار الصناعية لأغراض توزيع المحتوى المرئي والمسموع",
"S","المعلومات والاتصالات","60","أنشطة البرمجة والإذاعة","602","أنشطة البرمجة والإذاعة التلفزيونية","6020","أنشطة البرمجة والإذاعة التلفزيونية","602035","تشغيل منصة توزيع وإدارة قنوات فضائية عبر أجهزة الاستقبال الفضائي، وتوزيع البث المباشر عبر الأقمار الصناعية باستخدام نظام  (cas)",
"S","المعلومات والاتصالات","61","الاتصالات","611","أنشطة الاتصالات السلكية","6110","أنشطة الاتصالات السلكية","611001","تقديم خدمات الاتصالات الثابتة",
"S","المعلومات والاتصالات","61","الاتصالات","611","أنشطة الاتصالات السلكية","6110","أنشطة الاتصالات السلكية","611002","النطاق العريض الثابت",
"S","المعلومات والاتصالات","61","الاتصالات","611","أنشطة الاتصالات السلكية","6110","أنشطة الاتصالات السلكية","611003","تقديم خدمات الانترنت السلكية",
"S","المعلومات والاتصالات","61","الاتصالات","611","أنشطة الاتصالات السلكية","6110","أنشطة الاتصالات السلكية","611004","تقديم خدمات المعطيات السلكية",
"S","المعلومات والاتصالات","61","الاتصالات","611","أنشطة الاتصالات السلكية","6110","أنشطة الاتصالات السلكية","611005","خدمات محطات الإنزال وسعات الكابلات الدولية","إنشاء وتشغيل محطات لإنزال كابلات دولية بحرية أو برية في المملكة العربية السعودية أو بيع سعات دولية داخل المملكة عبر الكابلات الدولية المرتبطة بتلك المحطات، بما في ذلك الأعمال أو المرافق ذات الصلة التي تربط بين موقع في المملكة وآخر خارجها، وترتبط أو يُستهدف ربطها بمرافق ومنشآت الاتصالات في المملكة."
"S","المعلومات والاتصالات","61","الاتصالات","612","أنشطة الاتصالات اللاسلكية","6120","أنشطة الاتصالات اللاسلكية","612011","تقديم خدمات الاتصالات المتنقلة",
"S","المعلومات والاتصالات","61","الاتصالات","612","أنشطة الاتصالات اللاسلكية","6120","أنشطة الاتصالات اللاسلكية","612012","النطاق العريض المتنقل",
"S","المعلومات والاتصالات","61","الاتصالات","612","أنشطة الاتصالات اللاسلكية","6120","أنشطة الاتصالات اللاسلكية","612013","تقديم خدمات شبكات الاتصالات اللاسلكية المتخصصة","تقديم خدمات شبكة اتصالات لاسلكية متخصصة للمشترك باستخدام ترخيص للطيف الترددي صادر له من قبل الهيئة، لاستخدامه في نطاق جغرافي محدد، أو على مستوى المملكة. حسب ما نص عليه الإطار التنظيمي لتقديم خدمات شبكات الاتصالات اللاسلكية المتخصصة"
"S","المعلومات والاتصالات","61","الاتصالات","612","أنشطة الاتصالات اللاسلكية","6120","أنشطة الاتصالات اللاسلكية","612014","تقديم خدمات المعطيات اللاسلكية",
"S","المعلومات والاتصالات","61","الاتصالات","613","أنشطة الاتصالات الساتلية","6130","أنشطة الاتصالات الساتلية","613017","تقديم خدمات الاتصالات عبر الشبكات غير الأرضية","تقديم خدمات الاتصالات الصوتية أو خدمات الانترنت أو نقل البيانات أو خدمات القيمة المضافة ذات الصلة أو أي خدمات اتصالات أخرى عبر الشبكات غير الأرضية إلى المستخدم النهائي. وتعرف الشبكات غير الأرضية بأنها منظومة الربط التي تتضمن محطات الاتصالات الفضائية و/أو محطات الاتصالات الجوية، وقد تتضمن أجهزة ومعدات أرضية مرتبطة بها، وتستخدم لأغراض الاتصالات."
"S","المعلومات والاتصالات","61","الاتصالات","613","أنشطة الاتصالات الساتلية","6130","أنشطة الاتصالات الساتلية","613018","تقديم خدمات تشغيل الشبكات غير الأرضية","إنشاء وتشغيل البنية التحتية اللازمة للشبكات غير الأرضية بغرض تقديم خدمات الاتصالات الصوتية أو خدمات الانترنت أو نقل البيانات أو خدمات القيمة المضافة ذات الصلة أو أي خدمات اتصالات أخرى، علما أن تشغيل الشبكات غير الأرضية لا يشمل تقديم خدمات الاتصالات للمستخدمين النهائيين. وتعرف الشبكات غير الأرضية بأنها منظومة الربط التي تتضمن محطات الاتصالات الفضائية و/أو محطات الاتصالات الجوية، وقد تتضمن أجهزة ومعدات أرضية مرتبطة بها، وتستخدم لأغراض الاتصالات."
"S","المعلومات والاتصالات","61","الاتصالات","619","أنشطة الاتصالات الأخرى","6190","أنشطة الاتصالات الأخرى","619011","مقاهي الإنترنت","هي جميع الأماكن التي يرتادها عامة الناس لغرض التدريب أو الخدمة أو الترفيه وتوفر لهم نقاط اتصال بالأنترنت كخدمة أساسية أو إضافية مقابل أجر معين ولوقت محدد قصير"
"S","المعلومات والاتصالات","61","الاتصالات","619","أنشطة الاتصالات الأخرى","6190","أنشطة الاتصالات الأخرى","619012","أنشطة خدمات الهاتف العمومي",
"S","المعلومات والاتصالات","61","الاتصالات","619","أنشطة الاتصالات الأخرى","6190","أنشطة الاتصالات الأخرى","619014","كبائن الاتصالات",
"S","المعلومات والاتصالات","61","الاتصالات","619","أنشطة الاتصالات الأخرى","6190","أنشطة الاتصالات الأخرى","619015","أنشطة إعادة بيع خدمات الإتصالات (الموزعين)","مكاتب الشركات والمؤسسات والاكشاك التي يكون لها توكيل ببيع خدمات الاتصالات من شركات الاتصالات وبيعها للمستهلكين وينحصر عملها بالبيع لشركة اتصالات واحدة"
"S","المعلومات والاتصالات","61","الاتصالات","619","أنشطة الاتصالات الأخرى","6190","أنشطة الاتصالات الأخرى","619016","تقديم خدمات مشغلي شبكات الاتصالات المتنقلة الافتراضية (MVNO)",
"S","المعلومات والاتصالات","61","الاتصالات","619","أنشطة الاتصالات الأخرى","6190","أنشطة الاتصالات الأخرى","619017","تقديم خدمات البيع بالجملة للبنية التحتية",
"S","المعلومات والاتصالات","61","الاتصالات","619","أنشطة الاتصالات الأخرى","6190","أنشطة الاتصالات الأخرى","619018","تقديم خدمات مشغلي شبكات الاتصالات الافتراضية لإنترنت الأشياء","يتيح التصريح تقديم خدمات مشغلي شبكات الاتصالات الافتراضية لإنترنت الأشياء بغرض تمكين الاتصال الآلي بين الآلات والأجهزة عبر شرائح اتصال البيانات (SIM)، أو شرائح اتصال البيانات المدمجة (eSIM) أو أي وسائل مستقبلية مكافئة دون الحصول على أي مخصصات من الطيف الترددي، أو إنشاء أي شبكات نفاذ لاسلكية تابعة له. بالإضافة تقديم خدمات الإنترنت لتمكين الاتصال الآلي بين الآلات والأجهزة التي تستخدم شرائح اتصال البيانات (SIM) أو شرائح اتصال البيانات المدمجة (eSIM) أو أي وسائل مستقبلية مكافئة."
"S","المعلومات والاتصالات","61","الاتصالات","619","أنشطة الاتصالات الأخرى","6190","أنشطة الاتصالات الأخرى","619021","تقديم خدمة النظام الآلي لإدارة المركبات (AVL)",
"S","المعلومات والاتصالات","61","الاتصالات","619","أنشطة الاتصالات الأخرى","6190","أنشطة الاتصالات الأخرى","619022","تقديم خدمة تأجير مرافق الاتصالات (CSP)",
"S","المعلومات والاتصالات","61","الاتصالات","619","أنشطة الاتصالات الأخرى","6190","أنشطة الاتصالات الأخرى","619023","تقديم خدمات إنترنت الأشياء باستخدام الترددات المعفاة من الترخيص","هي الخدمات التي تهدف إلى تمكين الاتصال الآلي بين الآلات والأجهزة من خلال شبكات الطاقة المنخفضة واسعة النطاق (LPWAN) باستخدام ترددات معفاة من الترخيص (License – Exempt LPWAN). حيث أن شبكات الطاقة المنخفضة واسعة النطاق (LPWAN): هي شبكات لاسلكية ذات مساحة تغطية واسعة تقوم بربط أجهزة تتميز بعرض نطاق ترددي منخفض، وبمعدل استهلاك للطاقة منخفض، وبمعدلات سرعة بيانات منخفضة."
"S","المعلومات والاتصالات","61","الاتصالات","619","أنشطة الاتصالات الأخرى","6190","أنشطة الاتصالات الأخرى","619024","الخدمات الصوتية الافتراضية","توفير خدمات الاتصالات التي تسمح للمستخدمين النهائيين باستقبال وإجراء المكالمات الهاتفية الصوتية الافتراضية من وإلى الشبكات الهاتفية العامة (PSTN) باستخدام الصيغة القياسية الدولية للترقيم (E.164) عبر بروتوكول الإنترنت (IP) من خلال الشبكات المرخصة في المملكة."
"S","المعلومات والاتصالات","61","الاتصالات","619","أنشطة الاتصالات الأخرى","6190","أنشطة الاتصالات الأخرى","619025","خدمات مقاسم الإنترنت","نقاط الارتباط المحايدة وتعني البنية التحتية المادية التي يتسنى من خلالها لمقدمي الخدمات؛ الربط بالشبكات وتبادل الحركة (ولا يشمل ذلك، المقاسم الخاصة من خلال الترتيبات الثنائية المباشرة) بين شبكاتهم (الأنظمة المستقلة)"
"S","المعلومات والاتصالات","61","الاتصالات","619","أنشطة الاتصالات الأخرى","6190","أنشطة الاتصالات الأخرى","619026","إدارة وتشغيل الأقمار الصناعية والمحطات الأرضية","تشمل إدارة وتشغيل الأقمار الصناعية والمحطات الأرضية بما في ذلك محطات الاستقبال والارسال"
"S","المعلومات والاتصالات","61","الاتصالات","619","أنشطة الاتصالات الأخرى","6190","أنشطة الاتصالات الأخرى","619027","خدمات القيمة المضافة لمنصة الرصد الفضائي للأرض","تقديم خدمات القيمة المضافة لمنصة الرصد الفضائي للأرض والتي تشمل معالجة وإدارة بيانات الرصد الفضائي على المنصة."
"S","المعلومات والاتصالات","61","الاتصالات","619","أنشطة الاتصالات الأخرى","6190","أنشطة الاتصالات الأخرى","619028","خدمات التتبع والرصد والوعي بالحالة الفضائية","تشمل خدمات الوعي بالحالة والوضع الراهن وبالظروف المحيطة في الفضاء، بما في ذلك مراقبة وتتبع الاجسام الفضائية سواء من خلال المحطة الأرضية أو عن طريق تحليل البيانات من مصادر أخرى"
"S","المعلومات والاتصالات","61","الاتصالات","619","أنشطة الاتصالات الأخرى","6190","أنشطة الاتصالات الأخرى","619031","الوساطة الإلكترونية في خدمات الاتصالات","ممارسة تقديم أعمال الوساطة الإلكترونية في خدمات الاتصالات والتي تشمل على خدمات الاتصالات المتنقلة مثل بيع مقدمي الخدمات لبطاقات وباقات الاتصال المفوترة ومسبقة الدفع، وبطاقات وباقات البيانات المفوترة ومسبقة الدفع، وباقات التجوال الدولي...الخ،. وكذلك خدمات الاتصالات الثابتة مثل خدمات الهاتف الثابت، وخدمات وباقات الخدمات الثابتة المفوترة ومسبقة الدفع ... الخ. وذلك بتوفير معلومات الأسعار والمميزات والأحكام والشروط الخاصة لكل خدمة وباقة، لغرض المقارنة من قبل المستخدمين، واختيار الخدمة أو الباقة المناسبة"
"S","المعلومات والاتصالات","62","أنشطة البرمجة الحاسوبية والخبرة الاستشارية وما يتصل بها من أنشطة","620","برمجة الحاسوب - وتقديم الاستشارات في مجال الحاسوب والأنشطة ذات الصلة","6201","أنشطة البرمجة الحاسوبية","620101","تحليل النظم","هي عملية تفحص ودراسةٍ لكافة أجزاء النظام، وكيفية أدائها لعملها، ويشمل مفهوم النظام في هذا السياق الأفراد والآلات والعناصر التي تُشكل بمجموعها النظام، ويشمل اجراء الدراسات المتعمقه في نظام قائم وتفاصيله للوصول إلى ما يعانيه من مشاكل"
"S","المعلومات والاتصالات","62","أنشطة البرمجة الحاسوبية والخبرة الاستشارية وما يتصل بها من أنشطة","620","برمجة الحاسوب - وتقديم الاستشارات في مجال الحاسوب والأنشطة ذات الصلة","6201","أنشطة البرمجة الحاسوبية","620102","تصميم وبرمجة البرمجيات الخاصة",
"S","المعلومات والاتصالات","62","أنشطة البرمجة الحاسوبية والخبرة الاستشارية وما يتصل بها من أنشطة","620","برمجة الحاسوب - وتقديم الاستشارات في مجال الحاسوب والأنشطة ذات الصلة","6201","أنشطة البرمجة الحاسوبية","620104","تصميم واجهة وتجربة المستخدم","تقديم خدمات تصميم تجربة المستخدم والذي يهدف ال تحسين رضى وولاء العملاء عن المنتج من خلال تحسين تجربة التفاعل بين العميل والمنتج بشكل كامل، ويشمل تحليل المنافس والعملاء ووضع استراتيجية للمنتج، تصميم المخططات الهيكلية والنماذج الأولية، التنسيق مع المطورين ومصمموا واجهات المستخدم، إضافةً إلى تصميم واجهات المستخدم الذي يركز بشكل أساسي على الشكل البصري لواجهات الإستخدام الخاصة بالتطبيقات والبرامج والإسلوب البصري التفاعلي، ويعتبر إمتداد لتصميم الهوية البصرية للشركة/المؤسسة لتوظيف هوية الشركة البصرية ضمن منتجاتها بطريقة فنية تمكن المستخدم من التعرف على منتج الشركة بمجرد رؤيته. ويشمل هذا المجال تحليل العملاء لتصميم الشكل والشعور، والتجاوب والتفاعل، وربطها بتجربة المستخدم"
"S","المعلومات والاتصالات","62","أنشطة البرمجة الحاسوبية والخبرة الاستشارية وما يتصل بها من أنشطة","620","برمجة الحاسوب - وتقديم الاستشارات في مجال الحاسوب والأنشطة ذات الصلة","6201","أنشطة البرمجة الحاسوبية","620106","تقنيات الروبوت","تقديم خدمات تقنيات الربوتات من تجميع الأجهزة وبرمجة التطبيقات وتطوير الأعمال وتقديم الخدمات والمنتجات والحلول التقنية ذات العلاقة بتقنيات الروبوتات من ضبط إعدادات الأجهزة والخوادم وربط وتكامل الأجهزة ونحوها"
"S","المعلومات والاتصالات","62","أنشطة البرمجة الحاسوبية والخبرة الاستشارية وما يتصل بها من أنشطة","620","برمجة الحاسوب - وتقديم الاستشارات في مجال الحاسوب والأنشطة ذات الصلة","6201","أنشطة البرمجة الحاسوبية","620107","تقنية الطباعة ثلاثية الأبعاد","تقديم خدمات تقنية الطباعة ثلاثية الأبعاد من تجميع القطع وتوفير القطع البديلة وبرمجة التطبيقات وتطوير الأعمال وتقديم الخدمات والمنتجات والحلول وجميع المهام ذات العلاقة بتقنية الطباعة ثلاثية الأبعاد"
"S","المعلومات والاتصالات","62","أنشطة البرمجة الحاسوبية والخبرة الاستشارية وما يتصل بها من أنشطة","620","برمجة الحاسوب - وتقديم الاستشارات في مجال الحاسوب والأنشطة ذات الصلة","6201","أنشطة البرمجة الحاسوبية","620108","تقنيات الواقع الافتراضي والمعزز","تقديم خدمات تقنيات الواقع الافتراضي و الواقع المعزز و الواقع المدمج من تجميع القطع وتوفير القطع البديلة وبرمجة التطبيقات وتطوير الأعمال وتقديم الخدمات والمنتجات والحلول وجميع المهام ذات العلاقة بتقنيات الواقع الافتراضي و الواقع المعزز"
"S","المعلومات والاتصالات","62","أنشطة البرمجة الحاسوبية والخبرة الاستشارية وما يتصل بها من أنشطة","620","برمجة الحاسوب - وتقديم الاستشارات في مجال الحاسوب والأنشطة ذات الصلة","6201","أنشطة البرمجة الحاسوبية","620111","تطوير التطبيقات","تقديم خدمات تحليل و تصميم وتطوير واختبار وضمان جودة ونشر البرمجيات والتطبيقات على سبيل المثال لا الحصر تطبيقات الويب و الهواتف الذكية وتطبيقات سطح المكتب"
"S","المعلومات والاتصالات","62","أنشطة البرمجة الحاسوبية والخبرة الاستشارية وما يتصل بها من أنشطة","620","برمجة الحاسوب - وتقديم الاستشارات في مجال الحاسوب والأنشطة ذات الصلة","6201","أنشطة البرمجة الحاسوبية","620112","تطوير الألعاب الإلكترونية","تقديم خدمات تحليل و تصميم وتطوير واختبار وضمان جودة ونشر الألعاب الإلكترونية"
"S","المعلومات والاتصالات","62","أنشطة البرمجة الحاسوبية والخبرة الاستشارية وما يتصل بها من أنشطة","620","برمجة الحاسوب - وتقديم الاستشارات في مجال الحاسوب والأنشطة ذات الصلة","6201","أنشطة البرمجة الحاسوبية","620113","تقنيات الذكاء الاصطناعي","تقديم خدمات تقنيات الذكاء الاصطناعي من نظم خبيرة وانظمة دعم القرار و تعلم الألة (ML, DL, NN,..وغيرها) وبرمجة التطبيقات والخوارزميات الخاصة بالذكاء الاصطناعي وتطوير الأعمال وتكامل الانظمة و الحلول وتقديم الخدمات والمنتجات والحلول وجميع المهام ذات العلاقة بتقنيات الذكاء الاصطناعي"
"S","المعلومات والاتصالات","62","أنشطة البرمجة الحاسوبية والخبرة الاستشارية وما يتصل بها من أنشطة","620","برمجة الحاسوب - وتقديم الاستشارات في مجال الحاسوب والأنشطة ذات الصلة","6201","أنشطة البرمجة الحاسوبية","620115","حلول التقنية المالية","تقديم خدمات التقنيات المالية (Fintech) ومنها تطوير البرمجيات والمنتجات والخدمات ذات العلاقة بالتقنيات المالية مع تطوير الأنظمة للتكامل مع أنظمة أخرى وواجهات برمجية وتقديم حلول متكاملة بما يخص التقنيات المالية"
"S","المعلومات والاتصالات","62","أنشطة البرمجة الحاسوبية والخبرة الاستشارية وما يتصل بها من أنشطة","620","برمجة الحاسوب - وتقديم الاستشارات في مجال الحاسوب والأنشطة ذات الصلة","6201","أنشطة البرمجة الحاسوبية","620116","البرمجيات العسكرية","تشمل الحلول البرمجية لكافة الالكترونيات العسكرية"
"S","المعلومات والاتصالات","62","أنشطة البرمجة الحاسوبية والخبرة الاستشارية وما يتصل بها من أنشطة","620","برمجة الحاسوب - وتقديم الاستشارات في مجال الحاسوب والأنشطة ذات الصلة","6201","أنشطة البرمجة الحاسوبية","620117","تطبيقات وخدمات ويب نظم المعلومات الجيومكانية","تطبيقات نظم المعلومات الجيومكانية التحليلية وهي عملية ملاحظة الأنماط الجغرافية واكتشاف العلاقات التي تربط بين المعالم، وإنتاج معرفة يمكن عرضها واستغلالها لتحقيق مهمة محددة، وجميع الأنشطة المتعلقة بتطبيقات الويب للبيانات الجيومكانية وتطبيقات الإنترنت الجيومكاني للأشياء"
"S","المعلومات والاتصالات","62","أنشطة البرمجة الحاسوبية والخبرة الاستشارية وما يتصل بها من أنشطة","620","برمجة الحاسوب - وتقديم الاستشارات في مجال الحاسوب والأنشطة ذات الصلة","6201","أنشطة البرمجة الحاسوبية","620118","برمجيات الاجهزة الصحية والطبية","برمجيات أو أنظمة برمجيات التي تم تطويرها بغرض دمجها في الجهاز أو المستلزم الطبي ويشمل التطبيقات والبرامج المصممة للاستخدام على وجه التحديد لإدارة صحة الأفراد أو الحفاظ عليها أو تحسينها أو تقديم الرعاية"
"S","المعلومات والاتصالات","62","أنشطة البرمجة الحاسوبية والخبرة الاستشارية وما يتصل بها من أنشطة","620","برمجة الحاسوب - وتقديم الاستشارات في مجال الحاسوب والأنشطة ذات الصلة","6202","أنشطة الخبرة الاستشارية الحاسوبية وإدارة المرافق الحاسوبية","620211","تقديم خدمة إدارة ومراقبة شبكات الاتصالات والمعلومات",
"S","المعلومات والاتصالات","62","أنشطة البرمجة الحاسوبية والخبرة الاستشارية وما يتصل بها من أنشطة","620","برمجة الحاسوب - وتقديم الاستشارات في مجال الحاسوب والأنشطة ذات الصلة","6202","أنشطة الخبرة الاستشارية الحاسوبية وإدارة المرافق الحاسوبية","620212","أنشطة الاستشارات في مجال الحاسب الآلي",
"S","المعلومات والاتصالات","62","أنشطة البرمجة الحاسوبية والخبرة الاستشارية وما يتصل بها من أنشطة","620","برمجة الحاسوب - وتقديم الاستشارات في مجال الحاسوب والأنشطة ذات الصلة","6202","أنشطة الخبرة الاستشارية الحاسوبية وإدارة المرافق الحاسوبية","620213","أنشطة الاستشارات في مجال الاتصالات وتقنية المعلومات",
"S","المعلومات والاتصالات","62","أنشطة البرمجة الحاسوبية والخبرة الاستشارية وما يتصل بها من أنشطة","620","برمجة الحاسوب - وتقديم الاستشارات في مجال الحاسوب والأنشطة ذات الصلة","6202","أنشطة الخبرة الاستشارية الحاسوبية وإدارة المرافق الحاسوبية","620214","الأمن السيبراني","""الأمن السيبراني هو: حماية الشبكات وأنظمة تقنية المعلومات وأنظمة التقنيات التشغيلية ومكوناتها من أجهزة وبرمجيات، وما تقدمه من خدمات، وما تحويه من بيانات، من أي اختراق أو تعطيل أو تعديل أو دخول أو استخدام أو استغلال غير مشروع. كما يشمل هذا المفهوم أمن المعلومات والأمن الإلكتروني والأمن الرقمي ونحوها وللأمن السيبراني مجالات وخدمات عديدة، وتنقسم خدمات الأمن السيبراني إلى عدة مجالات منها : 1. خدمات حوكمة ومخاطر والتزام الأمن السيبراني: تتضمن الخدمات الاستشارية للأمن السيبراني ذات العلاقة بحوكمة الأمن السيبراني، وإدارة مخاطر الأمن السيبراني، وتقييم نضج الأمن السيبراني، وإعداد استراتيجية وخارطة طريق الأمن السيبراني. منها ما يلي: 1‚1 حوكمة الأمن السيبراني 1‚2 مخاطر الأمن السيبراني 1‚3 التزام الأمن السيبراني 2. خدمة إصدار شهادات الالتزام بمتطلبات الأمن السيبراني وهي خدمات إصدار شهادات التزام وتحقيق متطلبات الأمن السيبراني المختلفة الصادرة عن الهيئة عن طريق تقديم خدمات التدقيق والتحقق من الالتزام بالضوابط والمعايير والتشريعات الصادرة عن الهيئة 3. خدمات إدارة حوادث الأمن السيبراني 3‚1 الاستجابة لحوادث الأمن السيبراني 3‚2 عمليات التحليل الجنائي الرقمي 4. الخدمات المدارة لعملبات الأمن السيبراني 4‚1 مراقبة عملبات وتحليل الأمن السيبراني 4‚2 حماية الأمن السيبراني للشبكات والبريد الإلكتروني 5. خدمات التقييم الفني للأمن السيبراني 5‚1 تقييم الثغرات (Vulnerability Assessment) 5‚2 اختبار الاختراق (Penetration Testing) 5‚3 مراجعة الشفرة المصدرية (Source Code Review) 5‚4 التحقق من فعالية أنظمة واجراءات وضوابط الأمن السيبراني لمواجهة الاختراقات (Red Teaming) 5‚5 تقييم الانتهاكات الأمنية أو تحديد التهديدات 6. خدمات تكامل أنظمة الأمن السيبراني خدمات التنفيذ والإعدادات لمنتجات وحلول الأمن السيبراني. منها ما يلي: 6‚1 تطبيق وتكامل أنظمة وتطبيقات الأمن السيبراني 6‚2 إعدادات أنظمة الأمن السيبراني 6‚3 التصميم الفني ومعمارية الأمن السيبراني 7. خدمات منصات تدريب ومنافسات ومحاكاة الأمن السيبراني خدمات منصات تدريب ومنافسات ومحاكاة الأمن السيبراني للجهات في المملكة منها الخدمات التالية: 7‚1 خدمات مكافأة اكتشاف الثغرات (Bug Bounty) 7‚2 خدمات تمارين الأمن السيبراني (Cyber Drills) 8. خدمات حلول الأمن السيبراني خدمات تطوير حلول الأمن السيبراني والتي تُبنى وتُنفذ بشكل خاص للجهات المستفيدة، وتكون عبارة عن منصات أو أنظمة مخصوصة تتكامل لتكون حل لمشكلة او نقص معين في الأمن السيبراني 9. خدمات منتجات الأمن السيبراني مقدمي منتجات الأمن السيبراني بالمملكة بما يشمل منتجات الأمن السيبراني المصنعة في المملكة والمستوردة من الخارج """
"S","المعلومات والاتصالات","63","أنشطة خدمات المعلومات","631","تجهيز البيانات واستضافة المواقع على الشبكة ، وما يتصل لذلك من أنشطة ، والبوابات على الشبكة","6311","تجهيز البيانات واستضافة المواقع على الشبكة وما يتصل بذلك من أنشطة","631111","تقديم خدمات التصديق الرقمي","تقديم خدمات التصديق الرقمي والمشتملة على خدمات إصدار الشهادات الرقمية وخدمات التوقيع الإلكتروني بالإضافة إلى خدمات الختم الإلكتروني والزمني"
"S","المعلومات والاتصالات","63","أنشطة خدمات المعلومات","631","تجهيز البيانات واستضافة المواقع على الشبكة ، وما يتصل لذلك من أنشطة ، والبوابات على الشبكة","6311","تجهيز البيانات واستضافة المواقع على الشبكة وما يتصل بذلك من أنشطة","631112","تقنيات سلاسل الكتل (البلوك تشين)","تقديم خدمات تقنيات سلاسل الكتل "" البلوكتشين"" ومنها تطوير البرمجيات والخدمات ذات العلاقة بتقنيات سلاسل الكتل "" البلوكتشين"" مع تطوير الأنظمة للتكامل مع أنظمة أخرى وواجهات برمجية وتقديم حلول متكاملة بما يخص تقنيات سلاسل الكتل "" البلوكتشين"""
"S","المعلومات والاتصالات","63","أنشطة خدمات المعلومات","631","تجهيز البيانات واستضافة المواقع على الشبكة ، وما يتصل لذلك من أنشطة ، والبوابات على الشبكة","6311","تجهيز البيانات واستضافة المواقع على الشبكة وما يتصل بذلك من أنشطة","631113","تقنيات البيانات الضخمة وعلم وتحليل البيانات","تقديم خدمات علم البيانات وتقنيات البيانات الضخمة من تجميع وتخزين وتحليل وفرز واستخلاص وتصنيف وتمثيل وتكامل البيانات وتطوير الأعمال وتكامل الانظمة و الحلول وتقديم الخدمات والمنتجات والحلول وجميع المهام ذات العلاقة ببعلم البيانات وتقنيات البيانات الضخمة"
"S","المعلومات والاتصالات","63","أنشطة خدمات المعلومات","631","تجهيز البيانات واستضافة المواقع على الشبكة ، وما يتصل لذلك من أنشطة ، والبوابات على الشبكة","6311","تجهيز البيانات واستضافة المواقع على الشبكة وما يتصل بذلك من أنشطة","631121","إقامة البنية الأساسية لاستضافة المواقع على الشبكة وخدمات تجهيز البيانات والأنشطة المتصلة بذلك",
"S","المعلومات والاتصالات","63","أنشطة خدمات المعلومات","631","تجهيز البيانات واستضافة المواقع على الشبكة ، وما يتصل لذلك من أنشطة ، والبوابات على الشبكة","6311","تجهيز البيانات واستضافة المواقع على الشبكة وما يتصل بذلك من أنشطة","631122","تقديم خدمات الرسائل القصيرة",
"S","المعلومات والاتصالات","63","أنشطة خدمات المعلومات","631","تجهيز البيانات واستضافة المواقع على الشبكة ، وما يتصل لذلك من أنشطة ، والبوابات على الشبكة","6311","تجهيز البيانات واستضافة المواقع على الشبكة وما يتصل بذلك من أنشطة","631123","تقديم خدمة مراكــز الاتصـال",
"S","المعلومات والاتصالات","63","أنشطة خدمات المعلومات","631","تجهيز البيانات واستضافة المواقع على الشبكة ، وما يتصل لذلك من أنشطة ، والبوابات على الشبكة","6311","تجهيز البيانات واستضافة المواقع على الشبكة وما يتصل بذلك من أنشطة","631124","تقديم خدمة النصوص المسموعة (700)",
"S","المعلومات والاتصالات","63","أنشطة خدمات المعلومات","631","تجهيز البيانات واستضافة المواقع على الشبكة ، وما يتصل لذلك من أنشطة ، والبوابات على الشبكة","6311","تجهيز البيانات واستضافة المواقع على الشبكة وما يتصل بذلك من أنشطة","631125","تقديم خدمات الحوسبة السحابية","تقديم خدمات الحوسبة مثل (المعالجة والتخزين والشبكات وغيرها) التي تستند على البنية التحتية السحابية داخل المملكة، والتي تلبي متطلبات الحوسبة السحابية وفقًا للمعايير المذكورة في تنظيمات تقديم خدمات الحوسبة السحابية الصادرة من هيئة الاتصالات والفضاء والتقنية والتي تشمل البنية التحتية كخدمة(IaaS) و المنصات كخدمة (PaaS) و البرمجيات كخدمة (SaaS)"
"S","المعلومات والاتصالات","63","أنشطة خدمات المعلومات","631","تجهيز البيانات واستضافة المواقع على الشبكة ، وما يتصل لذلك من أنشطة ، والبوابات على الشبكة","6311","تجهيز البيانات واستضافة المواقع على الشبكة وما يتصل بذلك من أنشطة","631131","بناء وتشغيل منصة/بوابة جيومكانية","جميع الأنشطة المتعلقة بإنشاء وتشغيل وتطوير وإشراف على منصة/بوابة جيومكانية عبر الإنترنت"
"S","المعلومات والاتصالات","63","أنشطة خدمات المعلومات","631","تجهيز البيانات واستضافة المواقع على الشبكة ، وما يتصل لذلك من أنشطة ، والبوابات على الشبكة","6311","تجهيز البيانات واستضافة المواقع على الشبكة وما يتصل بذلك من أنشطة","631132","بناء قواعد البيانات الجيومكانية","جميع الأنشطة المتعلقة ببناء أو دمج/تكامل قواعد البيانات الجيومكانية وما يتعلق بها من إدارتها وصيانتها وتحديثها ومعالجتها"
"S","المعلومات والاتصالات","63","أنشطة خدمات المعلومات","631","تجهيز البيانات واستضافة المواقع على الشبكة ، وما يتصل لذلك من أنشطة ، والبوابات على الشبكة","6311","تجهيز البيانات واستضافة المواقع على الشبكة وما يتصل بذلك من أنشطة","631133","تقديم خدمة منصة البيانات الفضائية","خدمة منصة البيانات الفضائية هي خدمة تهدف إلى إنشاء منصة إلكترونية تعمل كسوق للبيانات الفضائية، تمكن مقدمي البيانات الفضائية من الارتباط بها وعرض البيانات الفضائية التي يملكونها وتمكين مطوري البرامج والتطبيقات من معالجة البيانات الفضائية وتحويلها إلى برامج وتطبيقات ذات قيمة مضافة وبيعها للمستفيدين عبر المنصة."
"S","المعلومات والاتصالات","63","أنشطة خدمات المعلومات","639","أنشطة خدمات المعلومات الأخرى","6391","أنشطة وكالات الأنباء ، يشمل أنشطة شركات الأنباء ووكالات الأنباء التي تقدِّم الأخبار والصور والرسائل الإخبارية إلى وسائط الإعلام","639100","أنشطة وكالات الأنباء ، يشمل أنشطة شركات الأنباء ووكالات الأنباء التي تقدِّم الأخبار والصور والرسائل الإخبارية إلى وسائط الإعلام","ويشمل وكالة الأنباء السعودية"
"S","المعلومات والاتصالات","63","أنشطة خدمات المعلومات","639","أنشطة خدمات المعلومات الأخرى","6399","أنشطة خدمات المعلومات الأخرى غير المصنّفة في موضع آخر","639901","الخدمات الصحفية",
"S","المعلومات والاتصالات","63","أنشطة خدمات المعلومات","639","أنشطة خدمات المعلومات الأخرى","6399","أنشطة خدمات المعلومات الأخرى غير المصنّفة في موضع آخر","639902","خدمات المكاتب العلمية والفنية للمنتجات عدا المستحضرات الصيدلانية","تقديم المعلومات الفنية والعلمية عن جميع المنتجات عدا المستحضرات الصيدلانية للمؤسسات والأفراد"
"M","لأنشطة المالية وأنشطة التأمين","64","أنشطة الخدمات المالية ، فيما عدا تمويل التأمين وصناديق المعاشات","641","الوساطة المالية","6419","أنواع الوساطة المالية الأخرى","641911","بنوك تجارية وطنية (محلية)","البنوك التجارية التي يكون مقرها الرئيسي في المملكة وما لها من فروع في المملكة، وتزاول أنشطة (أعمال) تسلم النقود كودائع جارية أو ثابتة وفتح الحسابات الجارية وفتح الاعتمادات وإصدار خطابات الضمان ودفع وتحصيل الشيكات او الأوامر او اذون الصرف وغيرها من الأوراق ذات القيمة وخصم السندات والكمبيالات وغيرها من الأوراق التجارية واعمال الصرف الأجنبي وغير ذلك من اعمال البنوك."
"M","لأنشطة المالية وأنشطة التأمين","64","أنشطة الخدمات المالية ، فيما عدا تمويل التأمين وصناديق المعاشات","641","الوساطة المالية","6419","أنواع الوساطة المالية الأخرى","641912","فروع بنوك تجارية أجنبية","البنوك التجارية التي يكون مقرها الرئيسي خارج المملكة ولها فروع في المملكة وتزاول بعض الأنشطة (الاعمال) التجارية المصرفية الموضحة أعلاه."
"M","لأنشطة المالية وأنشطة التأمين","64","أنشطة الخدمات المالية ، فيما عدا تمويل التأمين وصناديق المعاشات","641","الوساطة المالية","6419","أنواع الوساطة المالية الأخرى","641932","التقنية في الخدمات المالية","هي صناعة تدمج بين التقنية والخدمات المالية. وهذا مجال جديد يهدف إلى تسهيل التعاملات الإلكترونية التي تتطلب الدفع أو التبادل التجاري أو توفير خدمات المعلومات الائتمانية من خلال المواقع والتطبيقات الإلكترونية بطريقة مبتكرة. التقنيات المالية تشمل التقنيات الناشئة والمبتكرة والتي تسهل استخدام كافة الأنشطة التجارية وتربط المستخدم الإلكتروني مع المستخدمين الاخرين والأنظمة والمتاجر لتحقيق المنفعة المالية بأسهل الطرق وبشكل آمن. وتقدم نماذج الأعمال المبتكرة في منتجات أو خدمات مالية جديدة مثل التحويل والدفع الإلكتروني، والمدفوعات والخدمات المالية الإلكترونية والتمويل والشراء والبيع دون استخدام العملة النقدية ونقاط البيع ومكافآت المشتريات لبرامج الولاء والأعمال المحاسبية وتقنية البلوكتشين وخدمات التأمين الإلكترونية وخدمات الإدارة المالية الذاتية وتقنيات التوفير المالي والإدخار والمحافظ الإلكترونية"
"M","لأنشطة المالية وأنشطة التأمين","64","أنشطة الخدمات المالية ، فيما عدا تمويل التأمين وصناديق المعاشات","641","الوساطة المالية","6419","أنواع الوساطة المالية الأخرى","641933","إدارة وتشغيل مراكز النقد"," إدارة وتشغيل مراكز النقد ويشمل العد والفرز والحيازة والحفظ والرقابة والتأمين عليها لغرض خدمة فروع البنوك ومؤسسة النقد العربي السعودي وأجهزة الصرف/الايداع الألي."
"M","لأنشطة المالية وأنشطة التأمين","64","أنشطة الخدمات المالية ، فيما عدا تمويل التأمين وصناديق المعاشات","641","الوساطة المالية","6419","أنواع الوساطة المالية الأخرى","641934"," الوكالات المصرفية","قيام وكيل (كيان قانوني متعاقد مع بنك تجاري مرخص له) بتقديم خدمات ومنتجات مصرفية نيابة عن البنك ومحددة تعاقدياً بين الطرفين بما يتوافق مع أحكام القواعد المنظمة الصادرة من مؤسسة النقد العربي السعودي، بهدف توسيع نطاق انتشار الخدمات المصرفية وتعزيز الشمول المالي لأفراد المجتمع. وكذلك زيادة وتنوع القنوات البنكية المتاحة للحصول على الخدمات المالية و تيسير عملية الحصول على الخدمات المالية وإتاحتها في مختلف المناطق، وتوفير قناة بديلة لفروع المصارف في المناطق التي تخلو من قنوات تقديم الخدمات المصرفية والتيسير على أفراد المجتمع في الحصول على الخدمات المالية اللازمة بلا عناء أو مشقة."
"M","لأنشطة المالية وأنشطة التأمين","64","أنشطة الخدمات المالية ، فيما عدا تمويل التأمين وصناديق المعاشات","642","أنشطة الشركات القابضة (أي الوحدات التي تستحوذ على أصول امتلاك حصة مهيمنة من رأس المال لمجموعة من الشركات التابعة، ويكون نشاطها الرئيسي هو ملكية تلك المجموعة)","6420","أنشطة الشركات القابضة (أي الوحدات التي تستحوذ على أصول امتلاك حصة مهيمنة من رأس المال لمجموعة من الشركات التابعة، ويكون نشاطها الرئيسي هو ملكية تلك المجموعة)","642001","إدارة الشركات التابعة للشركات القابضة","أنشطة غير تجارية تمارس من قبل الشركات القابضة لإدارة الشركات التابعة أو المشتركة التي تمتلك حصة مهيمنة من رأس مالها وتوفير الدعم اللازم لها."
"M","لأنشطة المالية وأنشطة التأمين","64","أنشطة الخدمات المالية ، فيما عدا تمويل التأمين وصناديق المعاشات","642","أنشطة الشركات القابضة (أي الوحدات التي تستحوذ على أصول امتلاك حصة مهيمنة من رأس المال لمجموعة من الشركات التابعة، ويكون نشاطها الرئيسي هو ملكية تلك المجموعة)","6420","أنشطة الشركات القابضة (أي الوحدات التي تستحوذ على أصول امتلاك حصة مهيمنة من رأس المال لمجموعة من الشركات التابعة، ويكون نشاطها الرئيسي هو ملكية تلك المجموعة)","642002","استثمار أموال الشركات التابعة للشركات القابضة","أنشطة غير تجارية تمارس من قبل الشركات القابضة لاستثمار أموال الشركات التابعة أو المشتركة التي تمتلك حصة مهيمنة من رأس مالها في الأسهم وغيرها من الأوراق المالية."
"M","لأنشطة المالية وأنشطة التأمين","64","أنشطة الخدمات المالية ، فيما عدا تمويل التأمين وصناديق المعاشات","642","أنشطة الشركات القابضة (أي الوحدات التي تستحوذ على أصول امتلاك حصة مهيمنة من رأس المال لمجموعة من الشركات التابعة، ويكون نشاطها الرئيسي هو ملكية تلك المجموعة)","6420","أنشطة الشركات القابضة (أي الوحدات التي تستحوذ على أصول امتلاك حصة مهيمنة من رأس المال لمجموعة من الشركات التابعة، ويكون نشاطها الرئيسي هو ملكية تلك المجموعة)","642003","امتلاك العقارات والمنقولات اللازمة للشركات القابضة","أنشطة غير تجارية تمارس من قبل الشركات القابضة لامتلاك العقارات والمنقولات اللازمة للشركات التابعة أو المشتركة التي تمتلك حصة مهيمنة من رأس مالها."
"M","لأنشطة المالية وأنشطة التأمين","64","أنشطة الخدمات المالية ، فيما عدا تمويل التأمين وصناديق المعاشات","642","أنشطة الشركات القابضة (أي الوحدات التي تستحوذ على أصول امتلاك حصة مهيمنة من رأس المال لمجموعة من الشركات التابعة، ويكون نشاطها الرئيسي هو ملكية تلك المجموعة)","6420","أنشطة الشركات القابضة (أي الوحدات التي تستحوذ على أصول امتلاك حصة مهيمنة من رأس المال لمجموعة من الشركات التابعة، ويكون نشاطها الرئيسي هو ملكية تلك المجموعة)","642004","تقديم القروض والكفالات والتمويل للشركات التابعة للشركات القابضة","أنشطة غير تجارية تمارس من قبل الشركات القابضة لتقديم القروض والكفالات والتمويل للشركات التابعة أو المشتركة التي تمتلك حصة مهيمنة من رأس مالها."
"M","لأنشطة المالية وأنشطة التأمين","64","أنشطة الخدمات المالية ، فيما عدا تمويل التأمين وصناديق المعاشات","642","أنشطة الشركات القابضة (أي الوحدات التي تستحوذ على أصول امتلاك حصة مهيمنة من رأس المال لمجموعة من الشركات التابعة، ويكون نشاطها الرئيسي هو ملكية تلك المجموعة)","6420","أنشطة الشركات القابضة (أي الوحدات التي تستحوذ على أصول امتلاك حصة مهيمنة من رأس المال لمجموعة من الشركات التابعة، ويكون نشاطها الرئيسي هو ملكية تلك المجموعة)","642005","امتلاك حقوق الملكية الصناعية للشركات التابعة للشركات القابضة","أنشطة غير تجارية تمارس من قبل الشركات القابضة لامتلاك حقوق الملكية الصناعية من براءات الاختراع والعلامات التجارية والصناعية وحقوق الامتياز وغيرها من الحقوق المعنوية واستغلالها للشركات التابعة أو المشتركة التي تمتلك حصة مهيمنة من رأس مالها."
"M","لأنشطة المالية وأنشطة التأمين","64","أنشطة الخدمات المالية ، فيما عدا تمويل التأمين وصناديق المعاشات","642","أنشطة الشركات القابضة (أي الوحدات التي تستحوذ على أصول امتلاك حصة مهيمنة من رأس المال لمجموعة من الشركات التابعة، ويكون نشاطها الرئيسي هو ملكية تلك المجموعة)","6420","أنشطة الشركات القابضة (أي الوحدات التي تستحوذ على أصول امتلاك حصة مهيمنة من رأس المال لمجموعة من الشركات التابعة، ويكون نشاطها الرئيسي هو ملكية تلك المجموعة)","642006","تأجير حقوق الملكية الصناعية للشركات التابعة للشركات القابضة","أنشطة غير تجارية تمارس من قبل الشركات القابضة لتأجير حقوق الملكية الصناعية من براءات الاختراع والعلامات التجارية والصناعية وحقوق الامتياز وغيرها من الحقوق المعنوية واستغلالها للشركات التابعة أو المشتركة التي تمتلك حصة مهيمنة من رأس مالها."
"M","لأنشطة المالية وأنشطة التأمين","64","أنشطة الخدمات المالية ، فيما عدا تمويل التأمين وصناديق المعاشات","643","الاتحادات الاحتكارية وصناديق الأموال والكيانات المالية المشابهة","6430","الاتحادات الاحتكارية وصناديق الأموال والكيانات المالية المشابهة","643014","إصدار وحدات استثمارية من خلال منشأة ذات أغراض خاصة","إصدار وحدات استثمارية من خلال صندوق استثماري يتخذ شكل المنشأة ذات الأغراض الخاصة"
"M","لأنشطة المالية وأنشطة التأمين","64","أنشطة الخدمات المالية ، فيما عدا تمويل التأمين وصناديق المعاشات","649","أنشطة الخدمات المالية الأخرى ، فيما عدا تمويل التأمين و المعاشات التقاعدية","6491","الإيجار التمويلي","649100","الإيجار التمويلي",
"M","لأنشطة المالية وأنشطة التأمين","64","أنشطة الخدمات المالية ، فيما عدا تمويل التأمين وصناديق المعاشات","649","أنشطة الخدمات المالية الأخرى ، فيما عدا تمويل التأمين و المعاشات التقاعدية","6491","الإيجار التمويلي","649111","تسجيل عقود الإيجار التمويلي","نشاط تسجيل عقود الإيجار التمويلي ينحصر في إعداد سجل العقود التي تُقيد فيه عقود الإيجار التمويلي المبرمة في المملكة أو المنفذة فيها وتشمل كل ما يمكن ايجاره من العقار والمنقول والمنافع والخدمات والحقوق المعنوية وكحقوق الملكية والفكرية، وعقود البيع المترتبة على الإيجار التمويلي، وأي تعديل لهذه العقود، وذلك وفقًا لأحكام نظام الإيجار التمويلي. وتنحصر المشاركة في تأسيس وملكية شركة تسجيل العقود في المؤجرين المرخصين لمزاولة نشاط الإيجار التمويلي من مؤسسة النقد العربي السعودي"
"M","لأنشطة المالية وأنشطة التأمين","64","أنشطة الخدمات المالية ، فيما عدا تمويل التأمين وصناديق المعاشات","649","أنشطة الخدمات المالية الأخرى ، فيما عدا تمويل التأمين و المعاشات التقاعدية","6492","أشكال منح القروض الأخرى","649221","التمويل العقاري",
"M","لأنشطة المالية وأنشطة التأمين","64","أنشطة الخدمات المالية ، فيما عدا تمويل التأمين وصناديق المعاشات","649","أنشطة الخدمات المالية الأخرى ، فيما عدا تمويل التأمين و المعاشات التقاعدية","6492","أشكال منح القروض الأخرى","649222","إعادة التمويل العقاري",
"M","لأنشطة المالية وأنشطة التأمين","64","أنشطة الخدمات المالية ، فيما عدا تمويل التأمين وصناديق المعاشات","649","أنشطة الخدمات المالية الأخرى ، فيما عدا تمويل التأمين و المعاشات التقاعدية","6492","أشكال منح القروض الأخرى","649223","تمويل الأصول الإنتاجية",
"M","لأنشطة المالية وأنشطة التأمين","64","أنشطة الخدمات المالية ، فيما عدا تمويل التأمين وصناديق المعاشات","649","أنشطة الخدمات المالية الأخرى ، فيما عدا تمويل التأمين و المعاشات التقاعدية","6492","أشكال منح القروض الأخرى","649224","تمويل نشاط المنشآت الصغيرة والمتوسطة",
"M","لأنشطة المالية وأنشطة التأمين","64","أنشطة الخدمات المالية ، فيما عدا تمويل التأمين وصناديق المعاشات","649","أنشطة الخدمات المالية الأخرى ، فيما عدا تمويل التأمين و المعاشات التقاعدية","6492","أشكال منح القروض الأخرى","649225","تمويل بطاقات الائتمان",
"M","لأنشطة المالية وأنشطة التأمين","64","أنشطة الخدمات المالية ، فيما عدا تمويل التأمين وصناديق المعاشات","649","أنشطة الخدمات المالية الأخرى ، فيما عدا تمويل التأمين و المعاشات التقاعدية","6492","أشكال منح القروض الأخرى","649226","التمويل الاستهلاكي",
"M","لأنشطة المالية وأنشطة التأمين","64","أنشطة الخدمات المالية ، فيما عدا تمويل التأمين وصناديق المعاشات","649","أنشطة الخدمات المالية الأخرى ، فيما عدا تمويل التأمين و المعاشات التقاعدية","6492","أشكال منح القروض الأخرى","649227","التمويل متناهي الصغر",
"M","لأنشطة المالية وأنشطة التأمين","64","أنشطة الخدمات المالية ، فيما عدا تمويل التأمين وصناديق المعاشات","649","أنشطة الخدمات المالية الأخرى ، فيما عدا تمويل التأمين و المعاشات التقاعدية","6492","أشكال منح القروض الأخرى","649228","التمويل الاستهلاكي المُصغر","هو التمويل المقدم للمستفيد لأغراض تمويل شراء السلع والخدمات بغرض الاستهلاك، ويُستثنى من ذلك التمويل لأغراض مرتبطة بأعمال المستفيد التجارية أو المهنية أو تمويل المركبات،"
"M","لأنشطة المالية وأنشطة التأمين","64","أنشطة الخدمات المالية ، فيما عدا تمويل التأمين وصناديق المعاشات","649","أنشطة الخدمات المالية الأخرى ، فيما عدا تمويل التأمين و المعاشات التقاعدية","6492","أشكال منح القروض الأخرى","649231","إصدار أدوات الدين من قبل منشأة ذات أغراض خاصة",
"M","لأنشطة المالية وأنشطة التأمين","64","أنشطة الخدمات المالية ، فيما عدا تمويل التأمين وصناديق المعاشات","649","أنشطة الخدمات المالية الأخرى ، فيما عدا تمويل التأمين و المعاشات التقاعدية","6492","أشكال منح القروض الأخرى","649232","التمويل الجماعي بالدين","هو جمع الأموال من المشاركين من خلال منصة رقمية، لمنح الأئتمان بعقود للمنشآت المستفيدة"
"M","لأنشطة المالية وأنشطة التأمين","64","أنشطة الخدمات المالية ، فيما عدا تمويل التأمين وصناديق المعاشات","649","أنشطة الخدمات المالية الأخرى ، فيما عدا تمويل التأمين و المعاشات التقاعدية","6492","أشكال منح القروض الأخرى","649233","الدفع الآجل","تمويل العميل لشراء السلع أو الخدمات من المتاجر بلا كلفة آجل مستحقة على العميل"
"M","لأنشطة المالية وأنشطة التأمين","64","أنشطة الخدمات المالية ، فيما عدا تمويل التأمين وصناديق المعاشات","649","أنشطة الخدمات المالية الأخرى ، فيما عدا تمويل التأمين و المعاشات التقاعدية","6499","أنشطة الخدمات المالية الأخرى بأستثناء التأمين وتمويل المعاشات التقاعدية غير المصنفة في موضع آخر","649913","التسويات المالية والتعويضات","تحليل وأعداد التسويات والمطالبات لأعمال مراكز النقد وعمليات أجهزة الصرف الالي والايداع النقدي ونقاط البيع والدفع الالكتروني الآمن والذكي"
"M","لأنشطة المالية وأنشطة التأمين","64","أنشطة الخدمات المالية ، فيما عدا تمويل التأمين وصناديق المعاشات","649","أنشطة الخدمات المالية الأخرى ، فيما عدا تمويل التأمين و المعاشات التقاعدية","6499","أنشطة الخدمات المالية الأخرى بأستثناء التأمين وتمويل المعاشات التقاعدية غير المصنفة في موضع آخر","649914","تسجيل وحفظ صكوك التمويل العقاري",
"M","لأنشطة المالية وأنشطة التأمين","64","أنشطة الخدمات المالية ، فيما عدا تمويل التأمين وصناديق المعاشات","649","أنشطة الخدمات المالية الأخرى ، فيما عدا تمويل التأمين و المعاشات التقاعدية","6499","أنشطة الخدمات المالية الأخرى بأستثناء التأمين وتمويل المعاشات التقاعدية غير المصنفة في موضع آخر","649915","الوساطة الرقمية","ربط المستفيدين بجهات التمويل (شركات التمويل والبنوك) باعتبار التزاماتهم الائتمانية وملاءتهم المالية، وعرض الخيارات التمويلية المتاحة لهم، لقاء مقابل مادي من خلال منصة إلكترونية"
"M","لأنشطة المالية وأنشطة التأمين","64","أنشطة الخدمات المالية ، فيما عدا تمويل التأمين وصناديق المعاشات","649","أنشطة الخدمات المالية الأخرى ، فيما عدا تمويل التأمين و المعاشات التقاعدية","6499","أنشطة الخدمات المالية الأخرى بأستثناء التأمين وتمويل المعاشات التقاعدية غير المصنفة في موضع آخر","649916","تحصيل ديون جهات التمويل","تقديم خدمات تحصيل الديون من العملاء نيابة عن الجهات التمويلية الخاصة (شركات التمويل والبنوك) والعامة"
"M","لأنشطة المالية وأنشطة التأمين","64","أنشطة الخدمات المالية ، فيما عدا تمويل التأمين وصناديق المعاشات","649","أنشطة الخدمات المالية الأخرى ، فيما عدا تمويل التأمين و المعاشات التقاعدية","6499","أنشطة الخدمات المالية الأخرى بأستثناء التأمين وتمويل المعاشات التقاعدية غير المصنفة في موضع آخر","649921","أنشطة الاستثمار للحساب الخاص للوحدات المعنية ، يشمل شركات رؤوس الأموال المجازفة، ونوادي الاستثمار",
"M","لأنشطة المالية وأنشطة التأمين","64","أنشطة الخدمات المالية ، فيما عدا تمويل التأمين وصناديق المعاشات","649","أنشطة الخدمات المالية الأخرى ، فيما عدا تمويل التأمين و المعاشات التقاعدية","6499","أنشطة الخدمات المالية الأخرى بأستثناء التأمين وتمويل المعاشات التقاعدية غير المصنفة في موضع آخر","649922","أنشطة الشركات الاستثمارية","الوحدات التي تستحوذ على أصول امتلاك حصة غير مهيمنه من رأس المال لمجموعة من الشركات, ويكون نشاطها الرئيسي هو ملكية في تلك المجموعة"
"M","لأنشطة المالية وأنشطة التأمين","65","تمويل التأمين وإعادة التأمين وصناديق المعاشات التقاعدية باستثناء الضمان الاجتماعي الإلزامي","651","التأمين","6511","التأمين على الحياة","651112","تأمين الحماية و الادخار","ويشمل: 1-تأمين الحماية: ويشمل عمليات التأمين التي تتعلق بآثار الوفاة والعجز الدائم الكلي أو الجزئي أو المؤقت للفرد والمجموعات. 2-تأمين الحماية مع الادخار: ويشمل عمليات التأمين التي يدفع بموجبها المؤمن مبلغاً أو مبالغ، بما فيها حصيلة الادخار، في تاريخ مستقبلي مقابل مايدفعه المؤمن له من اشتراكات. 3-فروع تأمين الحماية والادخار الأخرى: ويشمل فروع تأمين الحماية والادخار الأخرى التي لم يتم ذكرها آنفاً"
"M","لأنشطة المالية وأنشطة التأمين","65","تمويل التأمين وإعادة التأمين وصناديق المعاشات التقاعدية باستثناء الضمان الاجتماعي الإلزامي","651","التأمين","6512","التأمين ، بخلاف التأمين على الحياة","651201","التأمين الصحي","ويشمل التأمين على التكاليف الطبية والأدوية وجميع الخدمات والمستلزمات الطبية والعلاجية، وإدارة البرامج الطبية"
"M","لأنشطة المالية وأنشطة التأمين","65","تمويل التأمين وإعادة التأمين وصناديق المعاشات التقاعدية باستثناء الضمان الاجتماعي الإلزامي","651","التأمين","6512","التأمين ، بخلاف التأمين على الحياة","651202","التأمين العام","ويشمل: 1. التأمين من الحوادث والمسؤولية (التأمين من الحوادث الشخصية &التأمين من إصابات العمل &التأمين من مسؤولية رب العمل& التأمين من المسؤولية تجاه الغير التأمين من المسؤولية العامة& التأمين من المسؤولية الناتجة عن المنتجات& التأمين من المسؤولية الطبية& التأمين من المسؤولية المهنية& التأمين من السرقة والسطو &التأمين من خيانة الأمانة& التأمين على الأموال التي في الخزينة وأثناء النقل). 2. التأمين على المركبات (التأمين من الخسائر والمسؤوليات المتعلقة بالمركبات ويستثنى من ذلك مخاطر النقل). 3. التأمين على الممتلكات (التأمين من الخسائر الناتجة عن الحريق، والسرقة، والانفجارات، والظواهر الطبيعية، والاضطرابات) وأي تأمينات أخرى تقع ضمن هذا الفرع. 4. التأمين البحري (التأمين على البضائع المنقولة بحراً وهياكل السفن والمسؤوليات). وأي تأمينات أخرى تقع ضمن هذا الفرع 5. تأمين الطيران (التأمين على أجسام الطائرات والمسؤوليات تجاه الركاب والغير والبضائع المنقولة جواً) وأي تأمينات أخرى تقع ضمن هذا الفرع. 6. تأمين الطاقة (تأمين على المنشآت البترولية، والمنشآت البتروكيميائية، ومنشآت الطاقة الأخرى) وأي تأمينات أخرى تقع ضمن هذا الفرع. 7. تأمين الهندسي (التأمين على أخطار المقاولين، وأخطار التركيب والإنشاءات والأجهزة الكهربائية والإلكترونية، وتلف الآلات) وأي تأمينات أخرى تقع ضمن هذا الفرع. 8. فروع التأمين الأخرى، ويشمل فروع التأمين العام الأخرى التي لم يتم ذكرها آنفاً. ولا يشمل هذا التأمين العام ما يلي: 1- التأمين الصحي. 2- تأمين الحماية. 3- تأمين الحماية مع الادخار."
"M","لأنشطة المالية وأنشطة التأمين","65","تمويل التأمين وإعادة التأمين وصناديق المعاشات التقاعدية باستثناء الضمان الاجتماعي الإلزامي","652","إعادة التأمين","6520","إعادة التأمين","652000","إعادة التأمين","تحويل أعباء المخاطر المؤمن عليها من المؤمِّن إلى معيد التأمين، وتعويض المؤمِّن من قبل معيد التأمين عما يتم دفعه للمؤمن لهم إذا تعرضوا للضرر أو الخسارة"
"M","لأنشطة المالية وأنشطة التأمين","66","الأنشطة المساعدة لأنشطة الخدمات المالية وأنشطة التأمين","661","الأنشطة المساعدة لأنشطة الخدمات المالية في عدا تمويل التأمين والمعاشات التقاعدية","6611","إدارة الأسواق المالية","661101","إدراج وتداول الأوراق المالية","تحديد شروط وآليات إدراج وتداول الأوراق المالية، والنشر الفوري المنتظم للمعلومات المتعلقة بالصفقات المنفذة للأوراق المالية المتداولة في السوق، وكذلك التزامات مصدري الأوراق المالية، والمساهمين، والأعضاء، بالإفصاح عن المعلومات الضرورية ."
"M","لأنشطة المالية وأنشطة التأمين","66","الأنشطة المساعدة لأنشطة الخدمات المالية وأنشطة التأمين","661","الأنشطة المساعدة لأنشطة الخدمات المالية في عدا تمويل التأمين والمعاشات التقاعدية","6611","إدارة الأسواق المالية","661102","إيداع وتسوية الأوراق المالية","تسجيل ملكية الأوراق المالية المتداولة في السوق وحقوق الملكية المرتبطة بها لدى مركز الإيداع بموجب قيود تدون في سجلاته كي تتمتع بالحماية ضد مطالبات الغير، وتوفير وتهيئة أعمال التسوية والمقاصة والحفظ في الأوراق المالية وفقاً للأنظمة واللوائح ذات العلاقة ."
"M","لأنشطة المالية وأنشطة التأمين","66","الأنشطة المساعدة لأنشطة الخدمات المالية وأنشطة التأمين","661","الأنشطة المساعدة لأنشطة الخدمات المالية في عدا تمويل التأمين والمعاشات التقاعدية","6611","إدارة الأسواق المالية","661103","مقاصة الأوراق المالية","مزاولة عمليات مقاصة الأوراق المالية، وتحديد الحقوق والالتزامات الناشئة عن عمليات تداول الأوراق المالية وتغطية المراكز المالية الناتجة عن هذه العمليات وكل ما يتبعها من خصم وإضافة الحسابات المخصصة لذلك ولها أخذ الرهونات وقبول الضمانات واتخاذ الإجراءات والتصرفات اللازمة حيال ذلك بما في ذلك إدارة صندوق تغطية العجز."
"M","لأنشطة المالية وأنشطة التأمين","66","الأنشطة المساعدة لأنشطة الخدمات المالية وأنشطة التأمين","661","الأنشطة المساعدة لأنشطة الخدمات المالية في عدا تمويل التأمين والمعاشات التقاعدية","6612","أنشطة الوساطة المتعلقة بعقود الأوراق المالية والسلع الأساسية","661212","شراء وبيع العملات الأجنبية","مراكز الصرافة التي يقتصر نشاطها على شراء وبيع العملات الأجنبية وتداولها داخل المملكة"
"M","لأنشطة المالية وأنشطة التأمين","66","الأنشطة المساعدة لأنشطة الخدمات المالية وأنشطة التأمين","661","الأنشطة المساعدة لأنشطة الخدمات المالية في عدا تمويل التأمين والمعاشات التقاعدية","6612","أنشطة الوساطة المتعلقة بعقود الأوراق المالية والسلع الأساسية","661213","استيراد وتصدير العملات","مراكز الصرافة التي يقتصر نشاطها على شراء وبيع العملات الأجنبية وتداولها داخل المملكة واستيراد وتصدير العملات"
"M","لأنشطة المالية وأنشطة التأمين","66","الأنشطة المساعدة لأنشطة الخدمات المالية وأنشطة التأمين","661","الأنشطة المساعدة لأنشطة الخدمات المالية في عدا تمويل التأمين والمعاشات التقاعدية","6612","أنشطة الوساطة المتعلقة بعقود الأوراق المالية والسلع الأساسية","661214","منصات لتداول وبيع وشراء شهادات الائتمان الكربوني","تشغيل وإدارة منصة إلكترونية لتداول بيع وشراء شهادات الائتمان الكربوني، وتمثل هذه الشهادات كمية تخفيض او إزالة لانبعاثات غازات الاحتباس الحراري. وذلك بما لا يتعارض مع الاهداف المناخية للمملكة، ومن ذلك المساهمات المحددة وطنياً."
"M","لأنشطة المالية وأنشطة التأمين","66","الأنشطة المساعدة لأنشطة الخدمات المالية وأنشطة التأمين","661","الأنشطة المساعدة لأنشطة الخدمات المالية في عدا تمويل التأمين والمعاشات التقاعدية","6612","أنشطة الوساطة المتعلقة بعقود الأوراق المالية والسلع الأساسية","661221","التعامل في الأوراق المالية","التعامل في ورقة مالية، سواء بصفة أصيل أم وكيل، ويشمل التعامل البيع أو الشراء أو إدارة الاكتتاب في الأوراق المالية، أو التعهد بتغطيتها"
"M","لأنشطة المالية وأنشطة التأمين","66","الأنشطة المساعدة لأنشطة الخدمات المالية وأنشطة التأمين","661","الأنشطة المساعدة لأنشطة الخدمات المالية في عدا تمويل التأمين والمعاشات التقاعدية","6619","الأنشطة الأخرى المساعدة لأنشطة الخدمات المالية","661901","مراكز الحوالات",
"M","لأنشطة المالية وأنشطة التأمين","66","الأنشطة المساعدة لأنشطة الخدمات المالية وأنشطة التأمين","661","الأنشطة المساعدة لأنشطة الخدمات المالية في عدا تمويل التأمين والمعاشات التقاعدية","6619","الأنشطة الأخرى المساعدة لأنشطة الخدمات المالية","661903","الترتيب في الأوراق المالية",
"M","لأنشطة المالية وأنشطة التأمين","66","الأنشطة المساعدة لأنشطة الخدمات المالية وأنشطة التأمين","661","الأنشطة المساعدة لأنشطة الخدمات المالية في عدا تمويل التأمين والمعاشات التقاعدية","6619","الأنشطة الأخرى المساعدة لأنشطة الخدمات المالية","661904","تقديم المشورة في الأوراق المالية",
"M","لأنشطة المالية وأنشطة التأمين","66","الأنشطة المساعدة لأنشطة الخدمات المالية وأنشطة التأمين","661","الأنشطة المساعدة لأنشطة الخدمات المالية في عدا تمويل التأمين والمعاشات التقاعدية","6619","الأنشطة الأخرى المساعدة لأنشطة الخدمات المالية","661905","الحفظ في الأوراق المالية",
"M","لأنشطة المالية وأنشطة التأمين","66","الأنشطة المساعدة لأنشطة الخدمات المالية وأنشطة التأمين","661","الأنشطة المساعدة لأنشطة الخدمات المالية في عدا تمويل التأمين والمعاشات التقاعدية","6619","الأنشطة الأخرى المساعدة لأنشطة الخدمات المالية","661906","أنشطة التصنيف الإئتماني",
"M","لأنشطة المالية وأنشطة التأمين","66","الأنشطة المساعدة لأنشطة الخدمات المالية وأنشطة التأمين","661","الأنشطة المساعدة لأنشطة الخدمات المالية في عدا تمويل التأمين والمعاشات التقاعدية","6619","الأنشطة الأخرى المساعدة لأنشطة الخدمات المالية","661907","التقنية المالية في أعمال الأوراق المالية",
"M","لأنشطة المالية وأنشطة التأمين","66","الأنشطة المساعدة لأنشطة الخدمات المالية وأنشطة التأمين","661","الأنشطة المساعدة لأنشطة الخدمات المالية في عدا تمويل التأمين والمعاشات التقاعدية","6619","الأنشطة الأخرى المساعدة لأنشطة الخدمات المالية","661908","نظم المدفوعات والتسويات المالية والخدمات المتعلقة بها",
"M","لأنشطة المالية وأنشطة التأمين","66","الأنشطة المساعدة لأنشطة الخدمات المالية وأنشطة التأمين","661","الأنشطة المساعدة لأنشطة الخدمات المالية في عدا تمويل التأمين والمعاشات التقاعدية","6619","الأنشطة الأخرى المساعدة لأنشطة الخدمات المالية","661911","تقديم خدمات الدفع لنقاط البيع والمنافذ الإلكترونية الآمنة والذكية (أجهزة الصراف/الإيداع الآلي)","إدارة وتشغيل ومعالجة حلول (نقاط البيع، أجهزة الصراف/الإيداع الآلي والدفع الالكتروني الآمن والذكي) وتشمل خدمات الدعم والرقابة وتنسيق التركيب والرصد والصيانة الاولية والدورية ومراقبة الأعطال وإصدار التقارير الشاملة ومنها مؤشرات الأداء"
"M","لأنشطة المالية وأنشطة التأمين","66","الأنشطة المساعدة لأنشطة الخدمات المالية وأنشطة التأمين","661","الأنشطة المساعدة لأنشطة الخدمات المالية في عدا تمويل التأمين والمعاشات التقاعدية","6619","الأنشطة الأخرى المساعدة لأنشطة الخدمات المالية","661912","التسجيل والإفصاح عن تداول المشتقات المالية خارج السوق المدرجة","تسجيل وحفظ عقود المشتقات المالية في الاسواق غير المدرجة بهدف تقليل المخاطر وتحسين الشفافية في اسواق المشتقات"
"M","لأنشطة المالية وأنشطة التأمين","66","الأنشطة المساعدة لأنشطة الخدمات المالية وأنشطة التأمين","662","الأنشطة المساعدة لأنشطة التأمين وصناديق المعاشات التقاعدية","6621","تقييم المخاطر والأضرار","662111","المعاينة وتقدير الخسائر","إجراء فحص ومعاينة محل التأمين قبل التأمين عليه، ومعاينة الأضرار بعد وقوعها لمعرفة أسباب الخسارة وتقدير قيمتها وتحديد المسؤولية"
"M","لأنشطة المالية وأنشطة التأمين","66","الأنشطة المساعدة لأنشطة الخدمات المالية وأنشطة التأمين","662","الأنشطة المساعدة لأنشطة التأمين وصناديق المعاشات التقاعدية","6621","تقييم المخاطر والأضرار","662120","تسوية المطالبات التأمينية","إدارة ومراجعة وتسوية المطالبات التأمينية نيابةً عن شركة التأمين"
"M","لأنشطة المالية وأنشطة التأمين","66","الأنشطة المساعدة لأنشطة الخدمات المالية وأنشطة التأمين","662","الأنشطة المساعدة لأنشطة التأمين وصناديق المعاشات التقاعدية","6622","أنشطة وكلاء وسماسرة التأمين","662200","وكالة التأمين","القيام بتمثيل شركة التأمين بناء على مقابل مادي، وتسويق وبيع وثائق التأمين، وجميع الأعمال التي تقوم بها عادة لحساب الشركة أو بالنيابة عنها"
"M","لأنشطة المالية وأنشطة التأمين","66","الأنشطة المساعدة لأنشطة الخدمات المالية وأنشطة التأمين","662","الأنشطة المساعدة لأنشطة التأمين وصناديق المعاشات التقاعدية","6622","أنشطة وكلاء وسماسرة التأمين","662211","وساطة التأمين","القيام لقاء مقابل مادي بالتفاوض مع شركة التأمين لإتمام عملية التأمين لصالح المؤمن لهم"
"M","لأنشطة المالية وأنشطة التأمين","66","الأنشطة المساعدة لأنشطة الخدمات المالية وأنشطة التأمين","662","الأنشطة المساعدة لأنشطة التأمين وصناديق المعاشات التقاعدية","6622","أنشطة وكلاء وسماسرة التأمين","662212","وساطة إعادة التأمين","القيام لقاء مقابل مادي بالتفاوض مع شركات إعادة التأمين لإتمام إعادة التأمين لصالح شركة التأمين، والحصول على عمولة نظير تفعيل اتفاقيات إعادة التأمين وخدمات التأمين الأخرى التي تقدمها شركة إعادة التأمين"
"M","لأنشطة المالية وأنشطة التأمين","66","الأنشطة المساعدة لأنشطة الخدمات المالية وأنشطة التأمين","662","الأنشطة المساعدة لأنشطة التأمين وصناديق المعاشات التقاعدية","6622","أنشطة وكلاء وسماسرة التأمين","662213","وساطة التأمين الإلكترونية","ممارسة أعمال وساطة التأمين من خلال الوسائل الإلكترونية لإتمام عملية شراء وثائق التأمين لصالح المؤمن لهم، ويشمل ذلك مقارنة الأسعار والتغطيات المقدمة من شركات التأمين، وتسهيل وإتمام عملية بيع وشراء الوثائق إلكترونياً"
"M","لأنشطة المالية وأنشطة التأمين","66","الأنشطة المساعدة لأنشطة الخدمات المالية وأنشطة التأمين","662","الأنشطة المساعدة لأنشطة التأمين وصناديق المعاشات التقاعدية","6629","أنشطة أخرى مساعدة للتأمين وتمويل المعاشات التقاعدية","662911","استشارات التأمين","تقديم خدمات استشارية متعلقة بنشاط التأمين"
"M","لأنشطة المالية وأنشطة التأمين","66","الأنشطة المساعدة لأنشطة الخدمات المالية وأنشطة التأمين","662","الأنشطة المساعدة لأنشطة التأمين وصناديق المعاشات التقاعدية","6629","أنشطة أخرى مساعدة للتأمين وتمويل المعاشات التقاعدية","662912","الخدمات الاكتوارية","القيام بتطبيق نظرية الاحتمالات والإحصاءات، التي بموجبها تسعّر الخدمات، وتقوم الالتزامات، وتكوّن المخصصات"
"M","لأنشطة المالية وأنشطة التأمين","66","الأنشطة المساعدة لأنشطة الخدمات المالية وأنشطة التأمين","663","أنشطة إدارة الأموال","6630","أنشطة إدارة الأموال","663002","إدارة الاستثمارات وتشغيل الصناديق","اتخاذ القرارات الاستثمارية لصناديق الاستثمار ومحافظ العملاء في حالات تستدعي التصرف بحسب التقدير، وتشغيل صناديق الاستثمار"
"M","لأنشطة المالية وأنشطة التأمين","66","الأنشطة المساعدة لأنشطة الخدمات المالية وأنشطة التأمين","663","أنشطة إدارة الأموال","6630","أنشطة إدارة الأموال","663003","إدارة الاستثمارات","اتخاذ القرارات الاستثمارية لصناديق الاستثمار غير العقارية ومحافظ العملاء في حالات تستدعي التصرف بحسب التقدير"
"N","الأنشطة العقارية","68","الأنشطة العقارية","681","الأنشطة العقارية فى الممتلكات المملوكة أو المؤجّرة","6810","الأنشطة العقارية فى الممتلكات المملوكة أو المؤجّرة","681010","بيع وتأجير مشروعات عقارية على الخارطة","مشروع عقاري يراد تطويره لبيع أو تأجير أراضي مطورة او وحدات عقارية على الخارطة، قبل البدء في تنفيذه او في اعمال الانشاء والتطوير بحسب التصميم او المخطط المتفق عليه"
"N","الأنشطة العقارية","68","الأنشطة العقارية","681","الأنشطة العقارية فى الممتلكات المملوكة أو المؤجّرة","6810","الأنشطة العقارية فى الممتلكات المملوكة أو المؤجّرة","681021","إدارة وتاجير العقارات المملوكة أو المؤجرة (سكنية )","إدارة و تأجير العقارات المملوكة أو المؤجرة (سكنية)"
"N","الأنشطة العقارية","68","الأنشطة العقارية","681","الأنشطة العقارية فى الممتلكات المملوكة أو المؤجّرة","6810","الأنشطة العقارية فى الممتلكات المملوكة أو المؤجّرة","681022","إدارة وتاجير العقارات المملوكة او المؤجرة (غير سكنية )","إدارة و تأجير العقارات المملوكة أو المؤجرة (غير سكنية)"
"N","الأنشطة العقارية","68","الأنشطة العقارية","681","الأنشطة العقارية فى الممتلكات المملوكة أو المؤجّرة","6810","الأنشطة العقارية فى الممتلكات المملوكة أو المؤجّرة","681024","إدارة وتأجير المخازن ذاتية التخزين","إدارة وتأجير منشآت التخزين الدائم او المؤقت داخل النطاق العمراني"
"N","الأنشطة العقارية","68","الأنشطة العقارية","681","الأنشطة العقارية فى الممتلكات المملوكة أو المؤجّرة","6810","الأنشطة العقارية فى الممتلكات المملوكة أو المؤجّرة","681041","التطوير العقاري للمباني السكنية بأساليب البناء الحديثة","التطوير العقاري السكني باستخدام اساليب البناء الحديث بغرض تحويل الجهد المبذول في عمليات الانشاء من موقع البناء الى منشأة التصنيع الخاضعة للأشراف كـ ( شراء الأراضي والترتيب لتمويل المشاريع والاتفاق مع مقاولين تشييد )، و لا يتضمن نشاط التشييد و البناء"
"N","الأنشطة العقارية","68","الأنشطة العقارية","681","الأنشطة العقارية فى الممتلكات المملوكة أو المؤجّرة","6810","الأنشطة العقارية فى الممتلكات المملوكة أو المؤجّرة","681042","التطوير العقاري للمباني التجارية بأساليب البناء الحديثة","التطوير العقاري التجاري باستخدام اساليب البناء الحديث بغرض تحويل الجهد المبذول في عمليات الانشاء من موقع البناء الى منشأة التصنيع الخاضعة للأشراف كـ ( شراء الأراضي والترتيب لتمويل المشاريع والاتفاق مع مقاولين تشييد ) ، و لا يتضمن نشاط التشييد و البناء"
"N","الأنشطة العقارية","68","الأنشطة العقارية","681","الأنشطة العقارية فى الممتلكات المملوكة أو المؤجّرة","6810","الأنشطة العقارية فى الممتلكات المملوكة أو المؤجّرة","681043","المساهمات العقارية","مشروع تطوير عقاري يشترك فيه مجموعة من الأشخاص لأجل تحقيق منفعة، ويكون ذلك بتملك عقار وتطويره إلى سكني، أو تجاري، أو صناعي، أو زراعي وغير ذلك، ثم بيع وإنهاء المساهمة، ولا يشمل ذلك الصناديق الاستثمارية العقارية"
"N","الأنشطة العقارية","68","الأنشطة العقارية","682","الأنشطة العقارية على أساس رسوم أو عقود","6820","الأنشطة العقارية على أساس رسوم أو عقود","682010","الوساطة العقارية","ممارسة نشاط التوسط في إتمام صفقة عقارية بين طرفيها ؛ وذلك مقابل الحصول على عمولة. ويشمل ذلك الوساطة الإلكترونية من خلال وسائل التقنية كالمواقع الإلكترونية ومنصات التواصل الاجتماعي ونحوها."
"N","الأنشطة العقارية","68","الأنشطة العقارية","682","الأنشطة العقارية على أساس رسوم أو عقود","6820","الأنشطة العقارية على أساس رسوم أو عقود","682020","إدارة الأملاك","تولي الشؤون المالية والإدارية للعقار نيابة عن مالكه أو المستفيد الحقيقي منه"
"N","الأنشطة العقارية","68","الأنشطة العقارية","682","الأنشطة العقارية على أساس رسوم أو عقود","6820","الأنشطة العقارية على أساس رسوم أو عقود","682030","تقييم العقارات","تقييم جميع المصالح والحقوق والالتزامات المتعلقة بملكية العقارات بكل التحسينات المثبتة عليها بشكل دائم والملحقات التابعة المرتبطة بها"
"N","الأنشطة العقارية","68","الأنشطة العقارية","682","الأنشطة العقارية على أساس رسوم أو عقود","6820","الأنشطة العقارية على أساس رسوم أو عقود","682041","خدمات التسجيل العيني للعقار","سجيل بيانات الملكية والبيانات المكانية لكل عقار بالمملكة في قاعدة بيانات موحدة وتنفيذ جميع الخدمات اللوجستية للتسجيل العيني المقررة في نظام التسجيل العيني  "
"N","الأنشطة العقارية","68","الأنشطة العقارية","682","الأنشطة العقارية على أساس رسوم أو عقود","6820","الأنشطة العقارية على أساس رسوم أو عقود","682042","الاستشارات العقارية","تقديم التوصية أو الرأي أو المشورة المتصلة بالقطاع العقاري، التي يقدمها المستشار العقاري للعميل بأي وسيلة، سواء كانت بشكل مكتوب أم غير مكتوب."
"N","الأنشطة العقارية","68","الأنشطة العقارية","682","الأنشطة العقارية على أساس رسوم أو عقود","6820","الأنشطة العقارية على أساس رسوم أو عقود","682043","تسويق وحدات عقارية سياحية بنظام المشاركة بالوقت","السعي لإقناع أو جذب شخص طبيعي أو معنوي لإبرام عقد مشاركة بالوقت على وحدة عقارية سياحية – وفقاً لأحكام هذا النظام – باستخدام أي وسيلة من وسائل الإقناع والجذب بما في ذلك الإعلان، أو العرض أو الهدية، أو المسابقة، أو الجائزة"
"N","الأنشطة العقارية","68","الأنشطة العقارية","682","الأنشطة العقارية على أساس رسوم أو عقود","6820","الأنشطة العقارية على أساس رسوم أو عقود","682044","المزادات العقارية","نشاط المزايدة العلنية على عقار من أجل بيعه أو بيع منفعته أو تأجيره؛ للوصول بثمنه إلى أعلى قدر. ويشمل ذلك المزادات الإلكترونية."
"N","الأنشطة العقارية","68","الأنشطة العقارية","682","الأنشطة العقارية على أساس رسوم أو عقود","6820","الأنشطة العقارية على أساس رسوم أو عقود","682045","إدارة المرافق العقارية","تولي الشؤون الفنية للعقار نيابة عن مالكه أو مالك منفعته، مثل : إدارة الشبكات الداخلية كالمياه والغاز والكهرباء وتكييف الهواء والهاتف وشبكات الكمبيوتر والتلفاز والصرف الصحي وتصريف مياه الأمطار والتخلص من النفايات والمخلفات وتسليم البريد أو الطرود أو البضائع ونحوها."
"N","الأنشطة العقارية","68","الأنشطة العقارية","682","الأنشطة العقارية على أساس رسوم أو عقود","6820","الأنشطة العقارية على أساس رسوم أو عقود","682046","التسويق و الاعلان العقاري","الترويج للمنتجات العقارية باستخدام الوسائل الدعائية والإعلانية دون الدخول في إجراءات البيع والوساطة"
"N","الأنشطة العقارية","68","الأنشطة العقارية","682","الأنشطة العقارية على أساس رسوم أو عقود","6820","الأنشطة العقارية على أساس رسوم أو عقود","682047","التحليل العقاري","تقديم الرأي المتصل بالقطاع العقاري المبني على تحليل البيانات وإيجاد المعلومات وتقديمه للعموم عبر وسائل الإعلام أو وسائل التواصل الاجتماعي أو أي وسيلة إعلامية"
"O","الأنشطة المهنية والعلمية والتقنية","69","الأنشطة القانونية وأنشطة المحاسبة","691","الأنشطة القانونية","6910","الأنشطة القانونية","691010","أنشطة المحاماة والاستشارات القانونية",
"O","الأنشطة المهنية والعلمية والتقنية","69","الأنشطة القانونية وأنشطة المحاسبة","691","الأنشطة القانونية","6910","الأنشطة القانونية","691020","أنشطة التوثيق العام",
"O","الأنشطة المهنية والعلمية والتقنية","69","الأنشطة القانونية وأنشطة المحاسبة","691","الأنشطة القانونية","6910","الأنشطة القانونية","691030","أنشطة تسجيل براءة اختراع",
"O","الأنشطة المهنية والعلمية والتقنية","69","الأنشطة القانونية وأنشطة المحاسبة","691","الأنشطة القانونية","6910","الأنشطة القانونية","691041","تبليغ الإعلانات، والمواعيد، والأوامر والمستندات القضائية التي يتطلبها التنفيذ",
"O","الأنشطة المهنية والعلمية والتقنية","69","الأنشطة القانونية وأنشطة المحاسبة","691","الأنشطة القانونية","6910","الأنشطة القانونية","691042","الخزن القضائي لحفظ المال",
"O","الأنشطة المهنية والعلمية والتقنية","69","الأنشطة القانونية وأنشطة المحاسبة","691","الأنشطة القانونية","6910","الأنشطة القانونية","691043","تسليم المؤجر الأصول المنقولة",
"O","الأنشطة المهنية والعلمية والتقنية","69","الأنشطة القانونية وأنشطة المحاسبة","691","الأنشطة القانونية","6910","الأنشطة القانونية","691051","إدارة المال وحفظه للعقار",
"O","الأنشطة المهنية والعلمية والتقنية","69","الأنشطة القانونية وأنشطة المحاسبة","691","الأنشطة القانونية","6910","الأنشطة القانونية","691052","إدارة المال وحفظه للمنشآت التجارية",
"O","الأنشطة المهنية والعلمية والتقنية","69","الأنشطة القانونية وأنشطة المحاسبة","691","الأنشطة القانونية","6910","الأنشطة القانونية","691053","إدارة المال وحفظه للمنشآت الطبية",
"O","الأنشطة المهنية والعلمية والتقنية","69","الأنشطة القانونية وأنشطة المحاسبة","691","الأنشطة القانونية","6910","الأنشطة القانونية","691054","إدارة المال وحفظه للمركبات",
"O","الأنشطة المهنية والعلمية والتقنية","69","الأنشطة القانونية وأنشطة المحاسبة","691","الأنشطة القانونية","6910","الأنشطة القانونية","691055","إدارة المال وحفظه للمواشي",
"O","الأنشطة المهنية والعلمية والتقنية","69","الأنشطة القانونية وأنشطة المحاسبة","691","الأنشطة القانونية","6910","الأنشطة القانونية","691061","التمثيل القانوني لمصنعي الأجهزة والمنتجات الطبية","التمثيل القانوني لمصنعي الأجهزة والمنتجات الطبية المحليين والخارجيين أمام الهيئة العامة للغذاء والدواء"
"O","الأنشطة المهنية والعلمية والتقنية","69","الأنشطة القانونية وأنشطة المحاسبة","691","الأنشطة القانونية","6910","الأنشطة القانونية","691062","خدمات مراكز التحكيم",
"O","الأنشطة المهنية والعلمية والتقنية","69","الأنشطة القانونية وأنشطة المحاسبة","692","الأنشطة المحاسبية وأنشطة مسك الدفاتر ومراجعة الحسابات ، والاستشارات الضريبية","6920","الأنشطة المحاسبية وأنشطة مسك الدفاتر ومراجعة الحسابات ، والاستشارات الضريبية","692010","أنشطة المراجعة وتدقيق الحسابات","المكاتب التي تعمل في مجال المراجعة المالية وتدقيق الحسابات"
"O","الأنشطة المهنية والعلمية والتقنية","69","الأنشطة القانونية وأنشطة المحاسبة","692","الأنشطة المحاسبية وأنشطة مسك الدفاتر ومراجعة الحسابات ، والاستشارات الضريبية","6920","الأنشطة المحاسبية وأنشطة مسك الدفاتر ومراجعة الحسابات ، والاستشارات الضريبية","692020","أنشطة الاستشارات المالية","المكاتب التي تقدم الاستشارات المالية"
"O","الأنشطة المهنية والعلمية والتقنية","69","الأنشطة القانونية وأنشطة المحاسبة","692","الأنشطة المحاسبية وأنشطة مسك الدفاتر ومراجعة الحسابات ، والاستشارات الضريبية","6920","الأنشطة المحاسبية وأنشطة مسك الدفاتر ومراجعة الحسابات ، والاستشارات الضريبية","692030","أنشطة المراجعة والتدقيق لاعداد كشوف الذمة المالية للضريبة","المكاتب التي تمارس أنشطة المراجعة والتدقيق لأعداد كشوف الذمة المالية للضريبة"
"O","الأنشطة المهنية والعلمية والتقنية","69","الأنشطة القانونية وأنشطة المحاسبة","692","الأنشطة المحاسبية وأنشطة مسك الدفاتر ومراجعة الحسابات ، والاستشارات الضريبية","6920","الأنشطة المحاسبية وأنشطة مسك الدفاتر ومراجعة الحسابات ، والاستشارات الضريبية",692041,"أنشطة الاستشارات المالية لغير الأوراق المالية",
"O","الأنشطة المهنية والعلمية والتقنية","69","الأنشطة القانونية وأنشطة المحاسبة","692","الأنشطة المحاسبية وأنشطة مسك الدفاتر ومراجعة الحسابات ، والاستشارات الضريبية","6920","الأنشطة المحاسبية وأنشطة مسك الدفاتر ومراجعة الحسابات ، والاستشارات الضريبية","692042","أنشطة الاستشارات في مجال الزكاة وضريبة الدخل",
"O","الأنشطة المهنية والعلمية والتقنية","69","الأنشطة القانونية وأنشطة المحاسبة","692","الأنشطة المحاسبية وأنشطة مسك الدفاتر ومراجعة الحسابات ، والاستشارات الضريبية","6920","الأنشطة المحاسبية وأنشطة مسك الدفاتر ومراجعة الحسابات ، والاستشارات الضريبية","692043","خدمات ضريبة القيمة المضافة","إعداد الإقرارات المتعلقة بضريبة القيمة المضافة"
"O","الأنشطة المهنية والعلمية والتقنية","69","الأنشطة القانونية وأنشطة المحاسبة","692","الأنشطة المحاسبية وأنشطة مسك الدفاتر ومراجعة الحسابات ، والاستشارات الضريبية","6920","الأنشطة المحاسبية وأنشطة مسك الدفاتر ومراجعة الحسابات ، والاستشارات الضريبية","692044","أنشطة تقديم خدمات المحاسبة","تقديم كل ما له علاقة بإثبات وقياس وتسجيل المعلومات المالية والقيام بكل ما يلزم لإعداد التقارير بأنواعها – عدى التأكيدات- سواء للأغراض الداخلية للمنشأة أو للأغراض الخارجية، وإعداد الموازنات التخطيطية وتحليل الانحرافات، وتصميم أنظمة الرقابة المالية"
"O","الأنشطة المهنية والعلمية والتقنية","70","أنشطة المكاتب الرئيسية، والأنشطة الاستشارية في مجال الإدارة","701","أنشطة المكاتب الرئيسة (الإشراف على الوحدات الأخرى في الشركة أو المؤسسة وإدارتها)","7010","أنشطة المكاتب الرئيسة (الإشراف على الوحدات الأخرى في الشركة أو المؤسسة وإدارتها)","701011","أنشطة المقرات الإقليمية للشركات الأجنبية","تقوم المنشأة المرخص لها بهذا النشاط بإدارة الفروع أو الشركات الأخرى المرتبطة بها في إقليم معين لا يتم خدمته مباشرة من المركز الرئيسي للشركة او المجموعة."
"O","الأنشطة المهنية والعلمية والتقنية","70","أنشطة المكاتب الرئيسية، والأنشطة الاستشارية في مجال الإدارة","701","أنشطة المكاتب الرئيسة (الإشراف على الوحدات الأخرى في الشركة أو المؤسسة وإدارتها)","7010","أنشطة المكاتب الرئيسة (الإشراف على الوحدات الأخرى في الشركة أو المؤسسة وإدارتها)","701012","أنشطة المكاتب الرئيسة","الإشراف على الوحدات الأخرى في الشركة أو المؤسسة وإدارتها"
"O","الأنشطة المهنية والعلمية والتقنية","70","أنشطة المكاتب الرئيسية، والأنشطة الاستشارية في مجال الإدارة","702","أنشطة الخبرة الاستشارية في مجال الإدارة","7020","أنشطة الخبرة الاستشارية في مجال الإدارة","702011","منح شهادات المطابقة لنظم الإدارة","تقويم المطابقة لمنح شهادة المطابقة لنظام إداري محدد,وفقاً لمتطلبات مواصفة قياسية او لائحة فنية يشمل العمليات الفنية الخاصة بالتدقيق والمنح (مثال: جهة منح شهادات لنظم الجودة 9001)."
"O","الأنشطة المهنية والعلمية والتقنية","70","أنشطة المكاتب الرئيسية، والأنشطة الاستشارية في مجال الإدارة","702","أنشطة الخبرة الاستشارية في مجال الإدارة","7020","أنشطة الخبرة الاستشارية في مجال الإدارة","702012","التحقق من صحة الوثائق والمستندات والبيانات","المكاتب التي تقوم بالتحقق من صحة الوثائق والمستندات والبيانات"
"O","الأنشطة المهنية والعلمية والتقنية","70","أنشطة المكاتب الرئيسية، والأنشطة الاستشارية في مجال الإدارة","702","أنشطة الخبرة الاستشارية في مجال الإدارة","7020","أنشطة الخبرة الاستشارية في مجال الإدارة","702013","أنشطة الاستشارات الإدارية","تقديم خدمات استشارية بهدف مساعدة الشركات أو المؤسسات أو الأفراد في تحسين الأداء، حل المشكلات، وتحقيق الأهداف الإدارية والتنظيمية، تحسين الكفاءة الإدارية والتشغيلية للمنشآت من خلال تحليل العمليات والإجراءات الإدارية وتقديم التوصيات المناسبة ، ولا يشمل نشاط تقديم خدمات الاستشارات الإدارية العليا"
"O","الأنشطة المهنية والعلمية والتقنية","70","أنشطة المكاتب الرئيسية، والأنشطة الاستشارية في مجال الإدارة","702","أنشطة الخبرة الاستشارية في مجال الإدارة","7020","أنشطة الخبرة الاستشارية في مجال الإدارة","702014","إعادة تأهيل وهيكلة العمليات الإدارية والمالية والتشغيلية للمنشآت","المكاتب التي تقوم بإعادة تأهيل وهيكلة العمليات الإدارية والمالية والتشغيلية للمنشآت"
"O","الأنشطة المهنية والعلمية والتقنية","70","أنشطة المكاتب الرئيسية، والأنشطة الاستشارية في مجال الإدارة","702","أنشطة الخبرة الاستشارية في مجال الإدارة","7020","أنشطة الخبرة الاستشارية في مجال الإدارة","702015","العلاقات العامة والاتصال",
"O","الأنشطة المهنية والعلمية والتقنية","70","أنشطة المكاتب الرئيسية، والأنشطة الاستشارية في مجال الإدارة","702","أنشطة الخبرة الاستشارية في مجال الإدارة","7020","أنشطة الخبرة الاستشارية في مجال الإدارة","702016","أنشطة الاستشارات العمالية","تقديم الاستشارات في مجال العمالية"
"O","الأنشطة المهنية والعلمية والتقنية","70","أنشطة المكاتب الرئيسية، والأنشطة الاستشارية في مجال الإدارة","702","أنشطة الخبرة الاستشارية في مجال الإدارة","7020","أنشطة الخبرة الاستشارية في مجال الإدارة","702017","تقديم خدمات الاستشارات الإدارية العليا",
"O","الأنشطة المهنية والعلمية والتقنية","70","أنشطة المكاتب الرئيسية، والأنشطة الاستشارية في مجال الإدارة","702","أنشطة الخبرة الاستشارية في مجال الإدارة","7020","أنشطة الخبرة الاستشارية في مجال الإدارة","702018","أنشطة الاستشارات في مجال الرياضة","نشاط مكتبي يعنى بتقديم المشورة وإبداء الرأي في المجالات الرياضية المختلفة ."
"O","الأنشطة المهنية والعلمية والتقنية","70","أنشطة المكاتب الرئيسية، والأنشطة الاستشارية في مجال الإدارة","702","أنشطة الخبرة الاستشارية في مجال الإدارة","7020","أنشطة الخبرة الاستشارية في مجال الإدارة","702020","أنشطة الاستشارات المحاسبية ووضع السياسات والاجراءات",
"O","الأنشطة المهنية والعلمية والتقنية","70","أنشطة المكاتب الرئيسية، والأنشطة الاستشارية في مجال الإدارة","702","أنشطة الخبرة الاستشارية في مجال الإدارة","7020","أنشطة الخبرة الاستشارية في مجال الإدارة","702031","إدارة دورة الإيرادات","شركات إدارة دورة الإيرادات تتعاقد مع مقدمي الخدمات الطبية للقيام بأعمال : نظيم الدورة المستندية وإجراءات رفع الموافقات الطبية لشركات الـتأمين، معالجة الموافقات والمطالبات المرفوضة ومعرفة مصدر المشكلة والعمل على تصحيحها ، خفض التكاليف وزيادة الإيرادات لمقدمي الخدمة، تقليل المنازعات المالية بين شركات التأمين ومقدمي الخدمة، تحسين وتبسيط الإجراءات التشغيلية لمقدمي الخدمة، حويل الخدمات الطبية إلى رسوم قابلة للفوترة، الحد من المطالبات المرفوضة، اعداد عملية الترميز الطبي عن طريق استخدام التصنيف الدولي للأمراض (ICD)"
"O","الأنشطة المهنية والعلمية والتقنية","71","أنشطة المعمارية والهندسية ، والاختبارات الفنية والتحليل","711","الأنشطة المعمارية الهندسية والخدمات الاستشارية الفنية المتصلة بها","7110","الأنشطة المعمارية الهندسية والخدمات الاستشارية الفنية المتصلة بها","711011","تقديم خدمات الاستشارات الهندسية في مجال الوقاية والحماية من الحريق","إعداد الدراسات الهندسية للمشاريع ومنها على سبيل المثال   ( الأبراج – محطات الوقود – المجمعات التجارية – المنشآت الصحية – المنشآت التعليمية – الفنادق – المقرات الحكومية ..... الخ وما شابهها من المنشآت الهامة)."
"O","الأنشطة المهنية والعلمية والتقنية","71","أنشطة المعمارية والهندسية ، والاختبارات الفنية والتحليل","711","الأنشطة المعمارية الهندسية والخدمات الاستشارية الفنية المتصلة بها","7110","الأنشطة المعمارية الهندسية والخدمات الاستشارية الفنية المتصلة بها","711012","تقديم الخدمات الفنية للوقاية والحماية من الحريق","إعداد خطط الوقاية للحماية من الحريق للمنشآت العامة والخاصة، تحليل وتقييم الأخطار وا?عداد الد ارسات لمنع الخسائر، إعداد التقارير الفنية عن مطابقة أو جاهزية أنظمة الوقاية للحماية من الحريق في المنشآت للوائح وتعليمات الدفاع المدني وللمواصفات القياسية السعودية أو الدولية المعتمدة واستلامها، التوعية الوقائية من خلال الجلسات العلمية وا?عطاء المحاضرات التثقيفية والتوجيهية لتوعية مشغلي ومستخدمي المنشآت العامة والخاصة من ذوي الاختصاص في نواحي السلامة ومواجهة الأخطار ومتطلباتها، تقديم الاستشا ا رت الفنية فيما يدخل ضمن المهام الموكلة إليه، إعداد التقارير الفنية عن مقاولي أعمال التركيب والصيانة المرخص لهم عن مدى التزامهم بالاشتراطات الخاصة بالنشاط الذي يمارسونه."
"O","الأنشطة المهنية والعلمية والتقنية","71","أنشطة المعمارية والهندسية ، والاختبارات الفنية والتحليل","711","الأنشطة المعمارية الهندسية والخدمات الاستشارية الفنية المتصلة بها","7110","الأنشطة المعمارية الهندسية والخدمات الاستشارية الفنية المتصلة بها","711013","أنشطة الاستشارات الهندسية والمعمارية",
"O","الأنشطة المهنية والعلمية والتقنية","71","أنشطة المعمارية والهندسية ، والاختبارات الفنية والتحليل","711","الأنشطة المعمارية الهندسية والخدمات الاستشارية الفنية المتصلة بها","7110","الأنشطة المعمارية الهندسية والخدمات الاستشارية الفنية المتصلة بها","711014","إدارة المشاريع الانشائية",
"O","الأنشطة المهنية والعلمية والتقنية","71","أنشطة المعمارية والهندسية ، والاختبارات الفنية والتحليل","711","الأنشطة المعمارية الهندسية والخدمات الاستشارية الفنية المتصلة بها","7110","الأنشطة المعمارية الهندسية والخدمات الاستشارية الفنية المتصلة بها","711015","الاستشارات الهندسية للتخطيط الحضري","مكاتب الشركات والمؤسسات التي تقوم باعمال الاستشارات الهندسية للتخطيط الحضري"
"O","الأنشطة المهنية والعلمية والتقنية","71","أنشطة المعمارية والهندسية ، والاختبارات الفنية والتحليل","711","الأنشطة المعمارية الهندسية والخدمات الاستشارية الفنية المتصلة بها","7110","الأنشطة المعمارية الهندسية والخدمات الاستشارية الفنية المتصلة بها","711016","الاستشارات الهندسية لعمارة البيئة","مكاتب الشركات والمؤسسات التي تقوم بتقديم الاستشارات الهندسية لعمارة البيئة"
"O","الأنشطة المهنية والعلمية والتقنية","71","أنشطة المعمارية والهندسية ، والاختبارات الفنية والتحليل","711","الأنشطة المعمارية الهندسية والخدمات الاستشارية الفنية المتصلة بها","7110","الأنشطة المعمارية الهندسية والخدمات الاستشارية الفنية المتصلة بها","711017","أنشطة تقديم خدمات لكفاءة وترشيد المياه","يوفر النشاط الخدمات التالية: القياس والتحقق من الوفورات المائية، تصميم وتنفيذ حلول كفاءة وترشيد المياه، التدقيق المائي، كشف تسربات المياه"
"O","الأنشطة المهنية والعلمية والتقنية","71","أنشطة المعمارية والهندسية ، والاختبارات الفنية والتحليل","711","الأنشطة المعمارية الهندسية والخدمات الاستشارية الفنية المتصلة بها","7110","الأنشطة المعمارية الهندسية والخدمات الاستشارية الفنية المتصلة بها","711020","أنشطة المسح والاستكشاف الجيولوجى والتنقيب",
"O","الأنشطة المهنية والعلمية والتقنية","71","أنشطة المعمارية والهندسية ، والاختبارات الفنية والتحليل","711","الأنشطة المعمارية الهندسية والخدمات الاستشارية الفنية المتصلة بها","7110","الأنشطة المعمارية الهندسية والخدمات الاستشارية الفنية المتصلة بها","711031","الاستشارات الهندسية للطرق والجسور والانفاق","مكاتب الشركات والمؤسسات التي تقوم باعمال الاستشارات الهندسية للطرق والجسور والأنفاق"
"O","الأنشطة المهنية والعلمية والتقنية","71","أنشطة المعمارية والهندسية ، والاختبارات الفنية والتحليل","711","الأنشطة المعمارية الهندسية والخدمات الاستشارية الفنية المتصلة بها","7110","الأنشطة المعمارية الهندسية والخدمات الاستشارية الفنية المتصلة بها","711032","أنشطة الهندسة للمشاريع الكهربائية والحفريات والامن والسلامة والكيماوية","مكاتب الشركات والمؤسسات التي تقوم باعمال أنشطة الهندسة للمشاريع الكهربائية والحفريات والامن والسلامة والكيماوية"
"O","الأنشطة المهنية والعلمية والتقنية","71","أنشطة المعمارية والهندسية ، والاختبارات الفنية والتحليل","711","الأنشطة المعمارية الهندسية والخدمات الاستشارية الفنية المتصلة بها","7110","الأنشطة المعمارية الهندسية والخدمات الاستشارية الفنية المتصلة بها","711033","أنشطة الاستشارات الصناعية",
"O","الأنشطة المهنية والعلمية والتقنية","71","أنشطة المعمارية والهندسية ، والاختبارات الفنية والتحليل","711","الأنشطة المعمارية الهندسية والخدمات الاستشارية الفنية المتصلة بها","7110","الأنشطة المعمارية الهندسية والخدمات الاستشارية الفنية المتصلة بها","711034","الاستشارات الهندسية للنفط والغاز","مكاتب الشركات والمؤسسات التي تقوم باعمال الاستشارات الهندسية للنفط والغاز"
"O","الأنشطة المهنية والعلمية والتقنية","71","أنشطة المعمارية والهندسية ، والاختبارات الفنية والتحليل","711","الأنشطة المعمارية الهندسية والخدمات الاستشارية الفنية المتصلة بها","7110","الأنشطة المعمارية الهندسية والخدمات الاستشارية الفنية المتصلة بها","711035","الاستشارات الهندسية للسكك الحديدية","مكاتب الشركات والمؤسسات التي تقوم باعمال الاستشارات الهندسية للسكك الحديدية"
"O","الأنشطة المهنية والعلمية والتقنية","71","أنشطة المعمارية والهندسية ، والاختبارات الفنية والتحليل","711","الأنشطة المعمارية الهندسية والخدمات الاستشارية الفنية المتصلة بها","7110","الأنشطة المعمارية الهندسية والخدمات الاستشارية الفنية المتصلة بها","711036","الاستشارات الهندسية للموانئ البحرية وإنشاءات النقل البحري","مكاتب الشركات والمؤسسات التي تقوم باعمال الاستشارات الهندسية للموانئ البحرية وانشاءات النقل البحري"
"O","الأنشطة المهنية والعلمية والتقنية","71","أنشطة المعمارية والهندسية ، والاختبارات الفنية والتحليل","711","الأنشطة المعمارية الهندسية والخدمات الاستشارية الفنية المتصلة بها","7110","الأنشطة المعمارية الهندسية والخدمات الاستشارية الفنية المتصلة بها","711037","الاستشارات الهندسية للمياه والصرف الصحي","مكاتب الشركات والمؤسسات التي تقوم باعمال الاستشارات الهندسية للمياه والصرف الصحي"
"O","الأنشطة المهنية والعلمية والتقنية","71","أنشطة المعمارية والهندسية ، والاختبارات الفنية والتحليل","711","الأنشطة المعمارية الهندسية والخدمات الاستشارية الفنية المتصلة بها","7110","الأنشطة المعمارية الهندسية والخدمات الاستشارية الفنية المتصلة بها","711040","الأنشطة الهندسية والتقنية المتعلقة بالأنشطة التخصصية لجميع فروع الهندسة",
"O","الأنشطة المهنية والعلمية والتقنية","71","أنشطة المعمارية والهندسية ، والاختبارات الفنية والتحليل","711","الأنشطة المعمارية الهندسية والخدمات الاستشارية الفنية المتصلة بها","7110","الأنشطة المعمارية الهندسية والخدمات الاستشارية الفنية المتصلة بها","711041","إستشارات الهندسة الميكانيكية","مكاتب الشركات والمؤسسات التي تقوم بتقديم إستشارات الهندسة الميكانيكية"
"O","الأنشطة المهنية والعلمية والتقنية","71","أنشطة المعمارية والهندسية ، والاختبارات الفنية والتحليل","711","الأنشطة المعمارية الهندسية والخدمات الاستشارية الفنية المتصلة بها","7110","الأنشطة المعمارية الهندسية والخدمات الاستشارية الفنية المتصلة بها","711042","إستشارات الهندسة الالكترونية","مكاتب الشركات والمؤسسات التي تقوم بتقديم إستشارات الهندسة الالكترونية"
"O","الأنشطة المهنية والعلمية والتقنية","71","أنشطة المعمارية والهندسية ، والاختبارات الفنية والتحليل","711","الأنشطة المعمارية الهندسية والخدمات الاستشارية الفنية المتصلة بها","7110","الأنشطة المعمارية الهندسية والخدمات الاستشارية الفنية المتصلة بها","711043","الاستشارات والأعمال الجيوديسية","تنفيذ الأعمال وتقديم الاستشارات الجيوديسية، ويشمل شبكة نقاط تحكم جيوديسية، لتحديد المواقع والارتفاعات، والمحطات المرجعية للرصد المستمر CORS باستخدام النظام العالمي لتحديد المواقع بواسطة الأقمار الصناعية GNSS ومعلومات المرجع الرأسي الوطني، والأرصاد الجيوديسية ومعالجتها لأعمال المسح الأرضي والجيوديسي ذات الدقة العالية، وشبكة نقاط التحكم الأرضية GCP"
"O","الأنشطة المهنية والعلمية والتقنية","71","أنشطة المعمارية والهندسية ، والاختبارات الفنية والتحليل","711","الأنشطة المعمارية الهندسية والخدمات الاستشارية الفنية المتصلة بها","7110","الأنشطة المعمارية الهندسية والخدمات الاستشارية الفنية المتصلة بها","711044","الأسماء الجغرافية","جمع الأسماء الجغرافية وممارسة الأعمال ذات الصلة من إعداد قواعد بيانات جيومكانية تتضمن الأسماء بالحروف العربية والإنجليزية واللاتينية (الرومنة)"
"O","الأنشطة المهنية والعلمية والتقنية","71","أنشطة المعمارية والهندسية ، والاختبارات الفنية والتحليل","711","الأنشطة المعمارية الهندسية والخدمات الاستشارية الفنية المتصلة بها","7110","الأنشطة المعمارية الهندسية والخدمات الاستشارية الفنية المتصلة بها","711045","إنتاج بيانات وخدمات جيومكانية باستخدام التصوير البانورامي","جمع ومعالجة وتحليل الصور والبيانات البانورامية الأرضية والجوية والداخلية لإنتاج بيانات وخدمات جيومكانية"
"O","الأنشطة المهنية والعلمية والتقنية","71","أنشطة المعمارية والهندسية ، والاختبارات الفنية والتحليل","711","الأنشطة المعمارية الهندسية والخدمات الاستشارية الفنية المتصلة بها","7110","الأنشطة المعمارية الهندسية والخدمات الاستشارية الفنية المتصلة بها","711046","رصد وقياس حركة المد والجزر","رصد وقياس الحركة الرأسية والأفقية للمياه البحرية ويشمل ذلك معالجة وتحليل بيانات المد والجزر وأعمال النمذجة وإنتاج منشورات المد والجزر"
"O","الأنشطة المهنية والعلمية والتقنية","71","أنشطة المعمارية والهندسية ، والاختبارات الفنية والتحليل","711","الأنشطة المعمارية الهندسية والخدمات الاستشارية الفنية المتصلة بها","7110","الأنشطة المعمارية الهندسية والخدمات الاستشارية الفنية المتصلة بها","711047","ضبط وضمان جودة البيانات الجيومكانية","إجراء عمليات ضبط وضمان الجودة للبيانات الجيومكانية، لتقييم وتأكيد تماثل البيانات وجودتها"
"O","الأنشطة المهنية والعلمية والتقنية","71","أنشطة المعمارية والهندسية ، والاختبارات الفنية والتحليل","711","الأنشطة المعمارية الهندسية والخدمات الاستشارية الفنية المتصلة بها","7110","الأنشطة المعمارية الهندسية والخدمات الاستشارية الفنية المتصلة بها","711048","التصوير والمسح الجوي","جمع ومعالجة وتحليل الصور والبيانات لإنتاج بيانات جيومكانية باستخدام كاميرات أو ليدار أو التقنيات المماثلة المحمولة جواً"
"O","الأنشطة المهنية والعلمية والتقنية","71","أنشطة المعمارية والهندسية ، والاختبارات الفنية والتحليل","711","الأنشطة المعمارية الهندسية والخدمات الاستشارية الفنية المتصلة بها","7110","الأنشطة المعمارية الهندسية والخدمات الاستشارية الفنية المتصلة بها","711050","المسح الأرضي","قياس وتحديد ومراقبة النقاط ثنائية أو ثلاثية الأبعاد والمسافات والزوايا بينها، وحساب الكميات"
"O","الأنشطة المهنية والعلمية والتقنية","71","أنشطة المعمارية والهندسية ، والاختبارات الفنية والتحليل","711","الأنشطة المعمارية الهندسية والخدمات الاستشارية الفنية المتصلة بها","7110","الأنشطة المعمارية الهندسية والخدمات الاستشارية الفنية المتصلة بها","711051","استخدام الطائرات بدون طيار في عمليات المسح الجوي وأنظمة المعلومات الجغرافية GIS","مزاولة نشاط المسح وأنظمة المعلومات الجغرافية GIS"
"O","الأنشطة المهنية والعلمية والتقنية","71","أنشطة المعمارية والهندسية ، والاختبارات الفنية والتحليل","711","الأنشطة المعمارية الهندسية والخدمات الاستشارية الفنية المتصلة بها","7110","الأنشطة المعمارية الهندسية والخدمات الاستشارية الفنية المتصلة بها","711052","الاستشارات الجيومكانية","تقديم الاستشارات فيما يخص الأعمال الجيومكانية وتقديم الحلول للأعمال الفنية"
"O","الأنشطة المهنية والعلمية والتقنية","71","أنشطة المعمارية والهندسية ، والاختبارات الفنية والتحليل","711","الأنشطة المعمارية الهندسية والخدمات الاستشارية الفنية المتصلة بها","7110","الأنشطة المعمارية الهندسية والخدمات الاستشارية الفنية المتصلة بها","711053","رسم الخرائط","تصميم و رسم الخرائط وإخراجها من خلال معالجة البيانات الجيومكانية التي تم جمعها وعرضها في شكل رموز ومصطلحات وألوان ونصوص منها خرائط تفصيلية وداخلية والويب وغيرها"
"O","الأنشطة المهنية والعلمية والتقنية","71","أنشطة المعمارية والهندسية ، والاختبارات الفنية والتحليل","711","الأنشطة المعمارية الهندسية والخدمات الاستشارية الفنية المتصلة بها","7110","الأنشطة المعمارية الهندسية والخدمات الاستشارية الفنية المتصلة بها","711054","المسح البحري","جمع ومعالجة بيانات المسح البحري (الهيدروغرافي) وإنشاء قواعد بيانات المسح البحري ، بواسطة السفن والزوارق والطائرات ومركبات التحكم عن بعد لغرض إنتاج خرائط بحرية ملاحية وخرائط إدارة المناطق الساحلية لدعم سلامة الملاحة البحرية، وفقاً لمواصفات المنظمة الدولية للمسح البحري (IHO) والمنظمة الدولية البحرية (IMO)"
"O","الأنشطة المهنية والعلمية والتقنية","71","أنشطة المعمارية والهندسية ، والاختبارات الفنية والتحليل","711","الأنشطة المعمارية الهندسية والخدمات الاستشارية الفنية المتصلة بها","7110","الأنشطة المعمارية الهندسية والخدمات الاستشارية الفنية المتصلة بها","711055","إعداد الأطالس","جمع المعلومات الجيومكانية وفرزها وتصنيفها وتحليلها وإخراجها وعرض ارتباطها بمواقعها الجغرافية"
"O","الأنشطة المهنية والعلمية والتقنية","71","أنشطة المعمارية والهندسية ، والاختبارات الفنية والتحليل","711","الأنشطة المعمارية الهندسية والخدمات الاستشارية الفنية المتصلة بها","7110","الأنشطة المعمارية الهندسية والخدمات الاستشارية الفنية المتصلة بها","711056","إنتاج الخرائط البحرية","إنتاج الخرائط البحرية الملاحية وإدارة المناطق الساحلية (الورقية والإلكترونية)، وفقاً لمواصفات المنظمة الدولية للمسح البحري (IHO)، للأغراض الهندسية والاقتصادية وغيرها تغطي السواحل البحرية والجزر"
"O","الأنشطة المهنية والعلمية والتقنية","71","أنشطة المعمارية والهندسية ، والاختبارات الفنية والتحليل","711","الأنشطة المعمارية الهندسية والخدمات الاستشارية الفنية المتصلة بها","7110","الأنشطة المعمارية الهندسية والخدمات الاستشارية الفنية المتصلة بها","711057","الاستشارات (الهيدروغرافية)","تقديم خدمات الاستشارات الهيدروغرافية لجميع الأنشطة ذات الصلة لتلبية أفضل الممارسات الدولية والخدمات الهيدروغرافية والأجهزة والبرامج والمعدات، وأجهزة الاستشعار والتدريب وبناء الوسائط البحرية في مجال المسح البحري (الهيدروغرافي)"
"O","الأنشطة المهنية والعلمية والتقنية","71","أنشطة المعمارية والهندسية ، والاختبارات الفنية والتحليل","711","الأنشطة المعمارية الهندسية والخدمات الاستشارية الفنية المتصلة بها","7110","الأنشطة المعمارية الهندسية والخدمات الاستشارية الفنية المتصلة بها","711058","أعمال نظم المعلومات الجغرافية","جميع الأنشطة المتعلقة بأعمال نظم المعلومات الجيومكانية المختلفة من إدخال ومعالجة وتحليل وفهرسة وتنقية وأتمتة البيانات الجيومكانية"
"O","الأنشطة المهنية والعلمية والتقنية","71","أنشطة المعمارية والهندسية ، والاختبارات الفنية والتحليل","711","الأنشطة المعمارية الهندسية والخدمات الاستشارية الفنية المتصلة بها","7110","الأنشطة المعمارية الهندسية والخدمات الاستشارية الفنية المتصلة بها","711060","أنشطة الهندسة الصوتية والسمعية",
"O","الأنشطة المهنية والعلمية والتقنية","71","أنشطة المعمارية والهندسية ، والاختبارات الفنية والتحليل","711","الأنشطة المعمارية الهندسية والخدمات الاستشارية الفنية المتصلة بها","7110","الأنشطة المعمارية الهندسية والخدمات الاستشارية الفنية المتصلة بها","711070","أنشطة الاستشارات الجيوفيزيائية",
"O","الأنشطة المهنية والعلمية والتقنية","71","أنشطة المعمارية والهندسية ، والاختبارات الفنية والتحليل","711","الأنشطة المعمارية الهندسية والخدمات الاستشارية الفنية المتصلة بها","7110","الأنشطة المعمارية الهندسية والخدمات الاستشارية الفنية المتصلة بها","711071","الأعمال الجيوديسية للتطبيقات الجيوفيزيائية","إنشاء ورصد ومعالجة شبكة من نقاط/ محطات للجاذبية الأرضية (مطلقة أو نسبية) لتوزيع قيم ونماذج مجال الجاذبية بواسطة أجهزة الرصد الأرضي والجوي والأقمار الصناعية للجاذبية والأرصاد الجيوديسية"
"O","الأنشطة المهنية والعلمية والتقنية","71","أنشطة المعمارية والهندسية ، والاختبارات الفنية والتحليل","711","الأنشطة المعمارية الهندسية والخدمات الاستشارية الفنية المتصلة بها","7110","الأنشطة المعمارية الهندسية والخدمات الاستشارية الفنية المتصلة بها","711072","الاستشعار عن بعد","كل ما يتعلق باستخلاص المعلومات والبيانات وخصائص الأجسام والظواهر على سطح الأرض أو في الغلاف الجوي أو المحيطات دون الاتصال المباشر بتلك الأجسام أو الظواهر، وذلك من خلال استخدام مستشعرات متخصصة تعمل على رصد وتحليل الموجات الكهرومغناطيسية المنعكسة أو المنبعثة من الأجسام. تشمل هذه المستشعرات أنواعاً مختلفة مثل المستشعرات السلبية (Passive) التي تعتمد على تسجيل الموجات الكهرومغناطيسية الطبيعية (كالضوء المرئي والأشعة تحت الحمراء)، والمستشعرات النشطة (Active) التي تقوم بإرسال الموجات الكهرومغناطيسية ثم تسجيل انعكاسها، كما هو الحال في الرادار (Radar) واللايدار (LiDAR). وتُثبت هذه المستشعرات على منصات متنوعة محمولة مثل الطائرات المأهولة، والطائرات بدون طيار (الدرونز)، أو منصات ثابتة على الأرض، وغيرها من الوسائل. كما يمكن استخدامها في مجالات متعددة مثل مراقبة التغيرات ، والكشف عن الموارد الطبيعية، وإدارة الكوارث، والزراعة الدقيقة، والدراسات الجيولوجية، والتنبؤ بالطقس، و التطبيقات العسكرية والأمنية."
"O","الأنشطة المهنية والعلمية والتقنية","71","أنشطة المعمارية والهندسية ، والاختبارات الفنية والتحليل","711","الأنشطة المعمارية الهندسية والخدمات الاستشارية الفنية المتصلة بها","7110","الأنشطة المعمارية الهندسية والخدمات الاستشارية الفنية المتصلة بها","711081","أنشطة إدارة مشاريع كفاءة الطاقة",
"O","الأنشطة المهنية والعلمية والتقنية","71","أنشطة المعمارية والهندسية ، والاختبارات الفنية والتحليل","711","الأنشطة المعمارية الهندسية والخدمات الاستشارية الفنية المتصلة بها","7110","الأنشطة المعمارية الهندسية والخدمات الاستشارية الفنية المتصلة بها","711082","أنشطة مراجعة البيانات والتدقيق في المباني",
"O","الأنشطة المهنية والعلمية والتقنية","71","أنشطة المعمارية والهندسية ، والاختبارات الفنية والتحليل","711","الأنشطة المعمارية الهندسية والخدمات الاستشارية الفنية المتصلة بها","7110","الأنشطة المعمارية الهندسية والخدمات الاستشارية الفنية المتصلة بها","711083","أنشطة تقديم خدمات مراجعة تصميم الطاقة",
"O","الأنشطة المهنية والعلمية والتقنية","71","أنشطة المعمارية والهندسية ، والاختبارات الفنية والتحليل","711","الأنشطة المعمارية الهندسية والخدمات الاستشارية الفنية المتصلة بها","7110","الأنشطة المعمارية الهندسية والخدمات الاستشارية الفنية المتصلة بها","711084","أنشطة تقديم خدمات التصميم الهندسي لمعايير كفاءة الطاقة",
"O","الأنشطة المهنية والعلمية والتقنية","71","أنشطة المعمارية والهندسية ، والاختبارات الفنية والتحليل","711","الأنشطة المعمارية الهندسية والخدمات الاستشارية الفنية المتصلة بها","7110","الأنشطة المعمارية الهندسية والخدمات الاستشارية الفنية المتصلة بها","711085","أنشطة تقديم خدمات القياس و التحقق من الطاقة",
"O","الأنشطة المهنية والعلمية والتقنية","71","أنشطة المعمارية والهندسية ، والاختبارات الفنية والتحليل","711","الأنشطة المعمارية الهندسية والخدمات الاستشارية الفنية المتصلة بها","7110","الأنشطة المعمارية الهندسية والخدمات الاستشارية الفنية المتصلة بها","711086","أنشطة مراجعة البيانات والتدقيق في المنشآت الصناعية",
"O","الأنشطة المهنية والعلمية والتقنية","71","أنشطة المعمارية والهندسية ، والاختبارات الفنية والتحليل","711","الأنشطة المعمارية الهندسية والخدمات الاستشارية الفنية المتصلة بها","7110","الأنشطة المعمارية الهندسية والخدمات الاستشارية الفنية المتصلة بها","711088","استشارات أنظمة الطاقة الشمسية الكهروضوئية","القيام بأعمال الاستشارات (زيارة موقع -دراسة الجدوى الاقتصادية -رفع طلب الموافقة للجهات ذات الصلاحية نيابة عن المشترك) التصاميم ( تصميم انظمة على احد برامج التصميم مع اعتمادها من الجهات ذات الصلاحية ) القيام بأعمال فحص واختبار ( الاشراف على المقاول اثناء التنفيذ, فحص واختبار النظام بعد اكتمال التركيبات )"
"O","الأنشطة المهنية والعلمية والتقنية","71","أنشطة المعمارية والهندسية ، والاختبارات الفنية والتحليل","712","الاختبارات والتحاليل التقنية","7120","الاختبارات والتحاليل التقنية","712010","أنشطة الاختبارات والتحليل الفيزيائي",
"O","الأنشطة المهنية والعلمية والتقنية","71","أنشطة المعمارية والهندسية ، والاختبارات الفنية والتحليل","712","الاختبارات والتحاليل التقنية","7120","الاختبارات والتحاليل التقنية","712020","أنشطة اختبار واعتماد النوعية والجودة والمنتج","المكاتب التي تقوم بأنشطة اختبار واعتماد النوعية والجودة والمنتج"
"O","الأنشطة المهنية والعلمية والتقنية","71","أنشطة المعمارية والهندسية ، والاختبارات الفنية والتحليل","712","الاختبارات والتحاليل التقنية","7120","الاختبارات والتحاليل التقنية","712031","المختبرات الغذائية","ترخيص للمختبرات الغذائية بعد التاكد من استكمال جميع الشروط والاجراءات اللازمة للمختبرات الخاصة"
"O","الأنشطة المهنية والعلمية والتقنية","71","أنشطة المعمارية والهندسية ، والاختبارات الفنية والتحليل","712","الاختبارات والتحاليل التقنية","7120","الاختبارات والتحاليل التقنية","712032","مختبرات المنتجات الكيميائية والبترولية (المواد الغير عضوية مثل فحص الذهب والاحجار الكريمة)","ترخيص لممارسة نشاط فحص المنتجات الكيميائية والبترولية (المواد الغير عضوية مثل فحص الذهب والاحجار الكريمة)"
"O","الأنشطة المهنية والعلمية والتقنية","71","أنشطة المعمارية والهندسية ، والاختبارات الفنية والتحليل","712","الاختبارات والتحاليل التقنية","7120","الاختبارات والتحاليل التقنية","712033","مختبرات المنتجات الكهربائية والالكترونية","ترخيص لممارسة نشاط فحص المنتجات الكهربائية والالكترونية"
"O","الأنشطة المهنية والعلمية والتقنية","71","أنشطة المعمارية والهندسية ، والاختبارات الفنية والتحليل","712","الاختبارات والتحاليل التقنية","7120","الاختبارات والتحاليل التقنية","712034","مختبرات التشييد ومواد البناء","ترخيص لممارسة نشاط فحص مواد التشييد والبناء"
"O","الأنشطة المهنية والعلمية والتقنية","71","أنشطة المعمارية والهندسية ، والاختبارات الفنية والتحليل","712","الاختبارات والتحاليل التقنية","7120","الاختبارات والتحاليل التقنية","712035","مختبرات منتجات الغزل والنسيج","ترخيص لممارسة نشاط فحص منتجات الغزل والنسيج"
"O","الأنشطة المهنية والعلمية والتقنية","71","أنشطة المعمارية والهندسية ، والاختبارات الفنية والتحليل","712","الاختبارات والتحاليل التقنية","7120","الاختبارات والتحاليل التقنية","712036","مختبرات القياس والمعايرة والتحقق","ترخيص لممارسة نشاط القياس والمعايرة والتحقق"
"O","الأنشطة المهنية والعلمية والتقنية","71","أنشطة المعمارية والهندسية ، والاختبارات الفنية والتحليل","712","الاختبارات والتحاليل التقنية","7120","الاختبارات والتحاليل التقنية","712037","مختبرات منتجات التجميل","هي المختبر الذي يقوم بعمل تحليل للمنتجات التجميلية للتأكد من سلامتها"
"O","الأنشطة المهنية والعلمية والتقنية","71","أنشطة المعمارية والهندسية ، والاختبارات الفنية والتحليل","712","الاختبارات والتحاليل التقنية","7120","الاختبارات والتحاليل التقنية","712038","المختبرات البيطرية","فحص العينات وتشخيص الأمراض الحيوانية"
"O","الأنشطة المهنية والعلمية والتقنية","71","أنشطة المعمارية والهندسية ، والاختبارات الفنية والتحليل","712","الاختبارات والتحاليل التقنية","7120","الاختبارات والتحاليل التقنية","712040","اختبار وقياس المؤشرات البيئية",
"O","الأنشطة المهنية والعلمية والتقنية","71","أنشطة المعمارية والهندسية ، والاختبارات الفنية والتحليل","712","الاختبارات والتحاليل التقنية","7120","الاختبارات والتحاليل التقنية","712041","اختبار وقياس المؤشرات البيئية وتشغيل مختبرات للمياه",
"O","الأنشطة المهنية والعلمية والتقنية","71","أنشطة المعمارية والهندسية ، والاختبارات الفنية والتحليل","712","الاختبارات والتحاليل التقنية","7120","الاختبارات والتحاليل التقنية","712042","اختبار وقياس المؤشرات البيئية وتشغيل مختبرات للتربة",
"O","الأنشطة المهنية والعلمية والتقنية","71","أنشطة المعمارية والهندسية ، والاختبارات الفنية والتحليل","712","الاختبارات والتحاليل التقنية","7120","الاختبارات والتحاليل التقنية","712043","اختبار وقياس المؤشرات البيئية وتشغيل مختبرات للهواء",
"O","الأنشطة المهنية والعلمية والتقنية","71","أنشطة المعمارية والهندسية ، والاختبارات الفنية والتحليل","712","الاختبارات والتحاليل التقنية","7120","الاختبارات والتحاليل التقنية","712051","اختبار الأداء للآلات تامة الصنع","المكاتب التي تقوم باختبار الأداء للآلات تامة الصنع"
"O","الأنشطة المهنية والعلمية والتقنية","71","أنشطة المعمارية والهندسية ، والاختبارات الفنية والتحليل","712","الاختبارات والتحاليل التقنية","7120","الاختبارات والتحاليل التقنية","712052","مختبرات المواد العامة","ترخيص لممارسة نشاط فحص المواد العامة"
"O","الأنشطة المهنية والعلمية والتقنية","71","أنشطة المعمارية والهندسية ، والاختبارات الفنية والتحليل","712","الاختبارات والتحاليل التقنية","7120","الاختبارات والتحاليل التقنية","712053","مختبرات المنتجات الميكانيكية والمعدنية","ترخيص لممارسة نشاط فحص المنتجات الميكانيكية والمعدنية"
"O","الأنشطة المهنية والعلمية والتقنية","71","أنشطة المعمارية والهندسية ، والاختبارات الفنية والتحليل","712","الاختبارات والتحاليل التقنية","7120","الاختبارات والتحاليل التقنية","712054","مختبرات الأعلاف","تحليل منتجات الأعلاف(جميع مايقدم للحيوانات من غذاء) للتأكد من السلامة والجودة"
"O","الأنشطة المهنية والعلمية والتقنية","71","أنشطة المعمارية والهندسية ، والاختبارات الفنية والتحليل","712","الاختبارات والتحاليل التقنية","7120","الاختبارات والتحاليل التقنية","712056","مختبرات المستحضرات الصيدلانية","تحليل المستحضرات الصيدلانية لأغراض التسجيل و التأكد من السلامة والمأمونية"
"O","الأنشطة المهنية والعلمية والتقنية","71","أنشطة المعمارية والهندسية ، والاختبارات الفنية والتحليل","712","الاختبارات والتحاليل التقنية","7120","الاختبارات والتحاليل التقنية","712061","الفحص الفني الدوري لسلامة المركبات على الطرق","إجراء الفحص الفني الدوري للمركبات (يشمل المركبة الخفيفة و المركبة الثقيلة والدراجة النارية) والقاطرة والمقطورة ونصف المقطورة؛ بحسب متطلبات ومواصفات وتعليمات محددة من جهة الترخيص للتأكد من خلوها من المشاكل الفنية"
"O","الأنشطة المهنية والعلمية والتقنية","71","أنشطة المعمارية والهندسية ، والاختبارات الفنية والتحليل","712","الاختبارات والتحاليل التقنية","7120","الاختبارات والتحاليل التقنية","712062","فحص ومعاينة السفن",
"O","الأنشطة المهنية والعلمية والتقنية","71","أنشطة المعمارية والهندسية ، والاختبارات الفنية والتحليل","712","الاختبارات والتحاليل التقنية","7120","الاختبارات والتحاليل التقنية","712063","فحص ومعاينة معدات وأدوات السلامة الخاصة بالسفن",
"O","الأنشطة المهنية والعلمية والتقنية","71","أنشطة المعمارية والهندسية ، والاختبارات الفنية والتحليل","712","الاختبارات والتحاليل التقنية","7120","الاختبارات والتحاليل التقنية","712064","استخدام الطائرات بدون طيار في عمليات فحص أبراج الجوال وخطوط الطاقة الكهربائية والمنشآت الصناعية والطاقة المتجددة","مزاولة نشاط عمليات الفحص المتعدد لا براج الجوال وخطوط الطاقة الكهربائية والمنشأة الصناعية و الطاقة المتجددة"
"O","الأنشطة المهنية والعلمية والتقنية","71","أنشطة المعمارية والهندسية ، والاختبارات الفنية والتحليل","712","الاختبارات والتحاليل التقنية","7120","الاختبارات والتحاليل التقنية","712071","منح شهادات المطابقة في قطاعات الإنتاج والتصنيع او في تقديم الخدمات والعمليات","""منح شهادة مطابقة لمنتج أو خدمة او عملية تفيد بأن هذا المنتج او الخدمة او العملية مطابقة لمتطلبات محددة واردة في مواصفة قياسية او لائحة فنية على سبيل المثال: شهادة مطابقة المنتج: مطابقة منتج الاسمنت للائحة الفنية السعودية الخاصة بالروابط الهيدروليكية. شهادة مطابقة لخدمة: مطابقة خدمات النقل الجوي للمتطلبات المحددة في لوائح الطيران الدولية."""
"O","الأنشطة المهنية والعلمية والتقنية","71","أنشطة المعمارية والهندسية ، والاختبارات الفنية والتحليل","712","الاختبارات والتحاليل التقنية","7120","الاختبارات والتحاليل التقنية","712072","المعاينة والتفتيش للأنظمة المختلفة وقياس أدائها","التفتيش على الأنظمة المختلفة مثل الأنظمة (الكهربائية / الميكانيكية / الإلكترونية / توفير الطاقة / الحماية من الحرائق / البناء والمباني) وقياس أدائها وفقًا لمتطلبات المعايير ذات الصلة واللوائح الفنية السعودية."
"O","الأنشطة المهنية والعلمية والتقنية","71","أنشطة المعمارية والهندسية ، والاختبارات الفنية والتحليل","712","الاختبارات والتحاليل التقنية","7120","الاختبارات والتحاليل التقنية","712073","الفحص والاختبار للمواد والمنتجات والعمليات والأجهزة والمعدات","اصدار تقارير اختبار(فحص ) لـ مادة او منتج او عملية او جهاز او أداة وفق متطلبات محددة طبقاً لمواصفة قياسية او لائحة فنية ."
"O","الأنشطة المهنية والعلمية والتقنية","71","أنشطة المعمارية والهندسية ، والاختبارات الفنية والتحليل","712","الاختبارات والتحاليل التقنية","7120","الاختبارات والتحاليل التقنية","712074","التحقق من المطابقة ومنح الشهادات للمنتجات والمنشآت الغذائية","تمنح المنتجات والمنشآت الغذائية شهادة مطابقة وتحقق من مطابقتها بواسطة المختبرات الخاصة"
"O","الأنشطة المهنية والعلمية والتقنية","71","أنشطة المعمارية والهندسية ، والاختبارات الفنية والتحليل","712","الاختبارات والتحاليل التقنية","7120","الاختبارات والتحاليل التقنية","712075","المعايرة للمواد والأجهزة والمعدات","منح شهادة معايرة لجهاز او أداة او مادة تفيد بان نتائج استخدام هذا الجهاز او الأداة او المادة موثوق بها ومازالت ضمن مجال وحدود المراجع الدولية ."
"O","الأنشطة المهنية والعلمية والتقنية","71","أنشطة المعمارية والهندسية ، والاختبارات الفنية والتحليل","712","الاختبارات والتحاليل التقنية","7120","الاختبارات والتحاليل التقنية","712076","منح الشهادات المتعلقة بإثبات كفاءة الاشخاص ضمن اعمال مهنية أو حرفية محددة.","منح شهادة معتمدة من الجهة المانحة المسؤولة الى صاحب المهنة مثال على ذلك الرسام او النجار او اللحام محددة بإجراء او وصف وظيفي واضح من الجهات صاحبة العلاقة."
"O","الأنشطة المهنية والعلمية والتقنية","71","أنشطة المعمارية والهندسية ، والاختبارات الفنية والتحليل","712","الاختبارات والتحاليل التقنية","7120","الاختبارات والتحاليل التقنية","712077","التحقق من مطابقة الأجهزة والمنتجات الطبية","التحقق من مطابقة الأجهزة والمنتجات الطبية واستيفائها للمتطلبات النظامية لتسويقها داخل المملكة ودراسة الوثائق الخاصة بها"
"O","الأنشطة المهنية والعلمية والتقنية","71","أنشطة المعمارية والهندسية ، والاختبارات الفنية والتحليل","712","الاختبارات والتحاليل التقنية","7120","الاختبارات والتحاليل التقنية","712078","مختبرات الأجهزة والمنتجات الطبية","هي الجهة التي تقوم بالاختبارات والقياسات وعمل الاختبارات الفنية على الأجهزة والمنتجات الطبية والتأكد من سلامتها ومأمونيتها تحت ظروف معيارية، سواء كان المختبر الخاص قائما بذاته أو تابع لجهة تقويم المطابقة."
"O","الأنشطة المهنية والعلمية والتقنية","71","أنشطة المعمارية والهندسية ، والاختبارات الفنية والتحليل","712","الاختبارات والتحاليل التقنية","7120","الاختبارات والتحاليل التقنية","712081","التصوير الإشعاعي الصناعي","يتم منح ترخيص هذه الممارسة للمنشآت التي تتضمن انشطتها عمل التصوير او الاختبارات اللاإتلافية المعتمدة على تقنيات الإشعاع المختلفة سواء الأشعة السينية او النظائر المشعة والتي تجرى عادة لفحص التركيب الداخلي او اللحام في الأنابيب او الأسطح المعدنية والتي قد ينتج عنها تعرضات اشعاعية لطاقم العمل او البيئة المحيطة."
"O","الأنشطة المهنية والعلمية والتقنية","71","أنشطة المعمارية والهندسية ، والاختبارات الفنية والتحليل","712","الاختبارات والتحاليل التقنية","7120","الاختبارات والتحاليل التقنية","712086","التحقق من المطابقة ومنح الشهادات للمنتجات والمنشآت الدوائية والتجميل","التحقق من المطابقة ومنح الشهادات للمنتجات والمنشآت الدوائية والتجميل"
"O","الأنشطة المهنية والعلمية والتقنية","72","البحث والتطوير في المجال العلمي","721","البحث والتطوير التجريبي في مجال العلوم الطبيعية والهندسة","7210","البحث والتطوير التجريبي في مجال العلوم الطبيعية والهندسة","721001","البحث والتطوير في مجال العلوم الطبيعية",
"O","الأنشطة المهنية والعلمية والتقنية","72","البحث والتطوير في المجال العلمي","721","البحث والتطوير التجريبي في مجال العلوم الطبيعية والهندسة","7210","البحث والتطوير التجريبي في مجال العلوم الطبيعية والهندسة","721002","البحث والتطوير في مجال الهندسة والتكنولوجيا",
"O","الأنشطة المهنية والعلمية والتقنية","72","البحث والتطوير في المجال العلمي","721","البحث والتطوير التجريبي في مجال العلوم الطبيعية والهندسة","7210","البحث والتطوير التجريبي في مجال العلوم الطبيعية والهندسة","721003","البحث والتطوير في العلوم الطبية",
"O","الأنشطة المهنية والعلمية والتقنية","72","البحث والتطوير في المجال العلمي","721","البحث والتطوير التجريبي في مجال العلوم الطبيعية والهندسة","7210","البحث والتطوير التجريبي في مجال العلوم الطبيعية والهندسة","721004","البحث والتطوير في علوم التكنولوجيا الحيوية",
"O","الأنشطة المهنية والعلمية والتقنية","72","البحث والتطوير في المجال العلمي","721","البحث والتطوير التجريبي في مجال العلوم الطبيعية والهندسة","7210","البحث والتطوير التجريبي في مجال العلوم الطبيعية والهندسة","721005","البحث والتطوير في العلوم الزراعية",
"O","الأنشطة المهنية والعلمية والتقنية","72","البحث والتطوير في المجال العلمي","721","البحث والتطوير التجريبي في مجال العلوم الطبيعية والهندسة","7210","البحث والتطوير التجريبي في مجال العلوم الطبيعية والهندسة","721006","البحث والتطوير المتعدّد القطاعات، على الأغلب في العلوم الطبيعية والهندسة",
"O","الأنشطة المهنية والعلمية والتقنية","72","البحث والتطوير في المجال العلمي","721","البحث والتطوير التجريبي في مجال العلوم الطبيعية والهندسة","7210","البحث والتطوير التجريبي في مجال العلوم الطبيعية والهندسة","721007","خدمات التجارب العملية في الفضاء","تقديم خدمات عقد التجارب في الفضاء الخارجي والتي تهدف إلى تطوير المنتجات التجارية"
"O","الأنشطة المهنية والعلمية والتقنية","72","البحث والتطوير في المجال العلمي","721","البحث والتطوير التجريبي في مجال العلوم الطبيعية والهندسة","7210","البحث والتطوير التجريبي في مجال العلوم الطبيعية والهندسة","721008","البحوث والتطوير في مجال تقنيات الفضاء","وتشمل المنشئات او المراكز او المعاهد المتخصصة في مجال اعداد الدراسات والبحوث التجريبية في مجال تقنيات الفضاء"
"O","الأنشطة المهنية والعلمية والتقنية","72","البحث والتطوير في المجال العلمي","721","البحث والتطوير التجريبي في مجال العلوم الطبيعية والهندسة","7210","البحث والتطوير التجريبي في مجال العلوم الطبيعية والهندسة","721011","تقديم الخدمات البحثية والعلمية في مجال الحياة الفطرية","تشغيل المراكز العلمية المتخصصة في مجال الحياة الفطرية أو تقديم الدراسات أو الأبحاث لاكتساب أهداف علمية لتحسين الحياة الفطرية، واستخدام الكائنات الفطرية لهذه الأغراض"
"O","الأنشطة المهنية والعلمية والتقنية","72","البحث والتطوير في المجال العلمي","722","البحث و التطوير التجريبي في مجال العلوم الاجتماعية والإنسانية","7220","البحث و التطوير التجريبي في مجال العلوم الاجتماعية والإنسانية","722001","البحث والتطوير في العلوم الاجتماعية",
"O","الأنشطة المهنية والعلمية والتقنية","72","البحث والتطوير في المجال العلمي","722","البحث و التطوير التجريبي في مجال العلوم الاجتماعية والإنسانية","7220","البحث و التطوير التجريبي في مجال العلوم الاجتماعية والإنسانية","722002","البحث والتطوير في العلوم الإنسانية",
"O","الأنشطة المهنية والعلمية والتقنية","72","البحث والتطوير في المجال العلمي","722","البحث و التطوير التجريبي في مجال العلوم الاجتماعية والإنسانية","7220","البحث و التطوير التجريبي في مجال العلوم الاجتماعية والإنسانية","722003","البحث والتطوير المتعدّد القطاعات، على الأغلب في العلوم الاجتماعية والإنسانية",
"O","الأنشطة المهنية والعلمية والتقنية","72","البحث والتطوير في المجال العلمي","722","البحث و التطوير التجريبي في مجال العلوم الاجتماعية والإنسانية","7220","البحث و التطوير التجريبي في مجال العلوم الاجتماعية والإنسانية","722004","مراكز البحوث والدراسات الاجتماعية","تهدف هذه المراكز الى رصد القضايا والظواهر والمشكلات الاجتماعية في المملكة وإجراء البحوث والدراسات والمسوح الاجتماعية حولها"
"O","الأنشطة المهنية والعلمية والتقنية","73","أبحاث الإعلان والسوق","731","الإعلان","7310","الإعلان","731011","مؤسسات ووكالات الدعاية والاعلان",
"O","الأنشطة المهنية والعلمية والتقنية","73","أبحاث الإعلان والسوق","731","الإعلان","7310","الإعلان","731012","أنشطة الخطاطين والرسامين",
"O","الأنشطة المهنية والعلمية والتقنية","73","أبحاث الإعلان والسوق","731","الإعلان","7310","الإعلان","731013","تقديم خدمات تسويقية نيابةً عن الغير","مكاتب الشركات والمؤسسات والاكشاك المتخصصة بأعمال تقديم خدمات تسويقية نيابةً عن الغير"
"O","الأنشطة المهنية والعلمية والتقنية","73","أبحاث الإعلان والسوق","731","الإعلان","7310","الإعلان","731014","الإعلانات الجوية","مزاولة نشاط الإعلان في الجو باستخدام الطائرات"
"O","الأنشطة المهنية والعلمية والتقنية","73","أبحاث الإعلان والسوق","731","الإعلان","7310","الإعلان","731030","تركيب وتجميع لوحات النيون",
"O","الأنشطة المهنية والعلمية والتقنية","73","أبحاث الإعلان والسوق","732","أبحاث السوق واستطلاعات الرأى","7320","أبحاث السوق واستطلاعات الرأى","732000","أبحاث السوق واستطلاعات الرأى","مجموعة من الخدمات والمنتجات تجعل من أداء العمل أسهل، وتدعم اتخاذ القرار بكل ثقة وتحقيق أفضل النتائج وتعتبر فرع من فروع خدمات الاستشارية الإحصائية. وتختص هذه الخدمة في تقديم الخدمات الاحصائية عبر الأعمال التفصيلية للعمل الإحصائي أو الأعمال ذات العلاقة به وتشمل تقديم الاستشارات الإحصائية بشأن تصميم المسوح الميدانية و البحوث أو الدراسات, واختيار العينات وتحليل النتائج وتفسيرها."
"O","الأنشطة المهنية والعلمية والتقنية","74","الأنشطة المهنية والعلمية والتقنية الأخرى","741","أنشطة التصميم المتخصصة","7410","أنشطة التصميم المتخصصة","741010","أنشطة تصميم الازياء والملبوسات والاحذية والمجوهرات","أنشطة الشركات أو المؤسسات أو دور التصميم التي تتخصص وتقوم بتصميم الأزياء التي تتضمن الملبوسات والاحذية والمجوهرات"
"O","الأنشطة المهنية والعلمية والتقنية","74","الأنشطة المهنية والعلمية والتقنية الأخرى","741","أنشطة التصميم المتخصصة","7410","أنشطة التصميم المتخصصة","741020","أنشطة تصميم الديكورات الداخلية",
"O","الأنشطة المهنية والعلمية والتقنية","74","الأنشطة المهنية والعلمية والتقنية الأخرى","742","أنشطة التصوير","7420","أنشطة التصوير","742011","أنشطة التصوير الفوتوغرافي",
"O","الأنشطة المهنية والعلمية والتقنية","74","الأنشطة المهنية والعلمية والتقنية الأخرى","742","أنشطة التصوير","7420","أنشطة التصوير","742012","أنشطة التصوير الجوي","النشاط خاص بالكيانات المختصة بتشغيل الطائرات بطيار لغرض التصوير الجوي داخل المملكة، ولا يشمل ذلك تشغيل الطائرات بدون طيار للأغراض التصوير الجوي."
"O","الأنشطة المهنية والعلمية والتقنية","74","الأنشطة المهنية والعلمية والتقنية الأخرى","742","أنشطة التصوير","7420","أنشطة التصوير","742013","تشغيل الطائرات بدون طيار لأغراض التصوير الجوي",
"O","الأنشطة المهنية والعلمية والتقنية","74","الأنشطة المهنية والعلمية والتقنية الأخرى","742","أنشطة التصوير","7420","أنشطة التصوير","742020","أنشطة التصوير التجاري والسياحي بجميع وسائل التصوير وأساليبه",
"O","الأنشطة المهنية والعلمية والتقنية","74","الأنشطة المهنية والعلمية والتقنية الأخرى","742","أنشطة التصوير","7420","أنشطة التصوير","742031","التحميض السريع للأفلام",
"O","الأنشطة المهنية والعلمية والتقنية","74","الأنشطة المهنية والعلمية والتقنية الأخرى","742","أنشطة التصوير","7420","أنشطة التصوير","742032","تحميض افلام الشرائح (سلايدات)",
"O","الأنشطة المهنية والعلمية والتقنية","74","الأنشطة المهنية والعلمية والتقنية الأخرى","742","أنشطة التصوير","7420","أنشطة التصوير","742050","أنشطة تصوير المستندات باستخدام الميكروفلم",
"O","الأنشطة المهنية والعلمية والتقنية","74","الأنشطة المهنية والعلمية والتقنية الأخرى","749","الأنشطة المهنية والعلمية والتقنية الأخرى غير المصنّفة فى موضع آخر","7490","الأنشطة المهنية والعلمية والتقنية الأخرى غير المصنّفة فى موضع آخر","749010","نشاط الترجمة","أنشطة معنية بترجمة المحتوى الأصلي من لغة للغة أخرى دون تغيير المعنى الأصلي"
"O","الأنشطة المهنية والعلمية والتقنية","74","الأنشطة المهنية والعلمية والتقنية الأخرى","749","الأنشطة المهنية والعلمية والتقنية الأخرى غير المصنّفة فى موضع آخر","7490","الأنشطة المهنية والعلمية والتقنية الأخرى غير المصنّفة فى موضع آخر","749021","تقييم المنشآت الاقتصادية","تقييم منشآت الأعمال أو مصالح الملكية فيها على اختلاف حجومها سواء كانت فردية أم شركات والحقوق والالتزامات المتعلقة بها وتقييم الأصول غير الملموسة مثل براءات الاختراع والعلامة التجارية والشهرة والملكية الفكرية"
"O","الأنشطة المهنية والعلمية والتقنية","74","الأنشطة المهنية والعلمية والتقنية الأخرى","749","الأنشطة المهنية والعلمية والتقنية الأخرى غير المصنّفة فى موضع آخر","7490","الأنشطة المهنية والعلمية والتقنية الأخرى غير المصنّفة فى موضع آخر","749022","تقييم الآلات والمعدات","عمليــة تقديــر قيمــة الآلات والمعــدات علــى ً اختــلاف أنواعهــا، طبقــا لنــوع محــدد للقيمــة ولغــرض محــدد"
"O","الأنشطة المهنية والعلمية والتقنية","74","الأنشطة المهنية والعلمية والتقنية الأخرى","749","الأنشطة المهنية والعلمية والتقنية الأخرى غير المصنّفة فى موضع آخر","7490","الأنشطة المهنية والعلمية والتقنية الأخرى غير المصنّفة فى موضع آخر","749023","تقييم أضرار حوادث المركبات","هي عملية تقدير تكلفة إصلاح أضرار المركبات— شاملة الأجور وقطع الغيار — والتي تصيب وســائل النقــل البــري الآليــة، وتقتصر على الســيارات، والشــاحنات، والحافــلات، والدراجــات الناريــة، دون القطــارات، وذلك باختلاف أسباب تلك الأضرار مثل الحوادث المرورية أو الغرق والسيول وغيرها"
"O","الأنشطة المهنية والعلمية والتقنية","74","الأنشطة المهنية والعلمية والتقنية الأخرى","749","الأنشطة المهنية والعلمية والتقنية الأخرى غير المصنّفة فى موضع آخر","7490","الأنشطة المهنية والعلمية والتقنية الأخرى غير المصنّفة فى موضع آخر","749024","تقييم المعادن الثمينة والاحجار الكريمة","عملية تقدير قيمة المعادن الثمينة والأحجار الكريمة وشبه الكريمة على اختلاف أنواعها وأشكالها، سواء كانت مشغولة أو غير مشغولة، طبيعية أو مصنعة، وفقًا لنوع محدد للقيمة ولغرض محدد."
"O","الأنشطة المهنية والعلمية والتقنية","74","الأنشطة المهنية والعلمية والتقنية الأخرى","749","الأنشطة المهنية والعلمية والتقنية الأخرى غير المصنّفة فى موضع آخر","7490","الأنشطة المهنية والعلمية والتقنية الأخرى غير المصنّفة فى موضع آخر","749031","الاستشارات الأمنية","خدمة الاستشارات الأمنية هي المشورة التي تقدم إلى أي شخص ذي صفة طبيعية أو معنوية في مجال الاحتياجات الأمنية للمباني والمنشآت وما يتصل بها من الحراسات الأمنية المدنية وحراسة المواقع، ودراسة الأسس الأمنية في تصميم المباني، وتوفير الاحتياطات الأمنية فيها وما يتعلق بها، كأجهزة المراقبة التليفزيونية وأجراس الإنذار ضد السرقة وتحو ذلك."
"O","الأنشطة المهنية والعلمية والتقنية","74","الأنشطة المهنية والعلمية والتقنية الأخرى","749","الأنشطة المهنية والعلمية والتقنية الأخرى غير المصنّفة فى موضع آخر","7490","الأنشطة المهنية والعلمية والتقنية الأخرى غير المصنّفة فى موضع آخر","749032","أنشطة الاستشارات الزراعية","المكاتب التي تمارس أنشطة الاستشارات الزراعية"
"O","الأنشطة المهنية والعلمية والتقنية","74","الأنشطة المهنية والعلمية والتقنية الأخرى","749","الأنشطة المهنية والعلمية والتقنية الأخرى غير المصنّفة فى موضع آخر","7490","الأنشطة المهنية والعلمية والتقنية الأخرى غير المصنّفة فى موضع آخر","749033","أنشطة الاستشارات البيئية","المكاتب التي تمارس أنشطة الاستشارات البيئية"
"O","الأنشطة المهنية والعلمية والتقنية","74","الأنشطة المهنية والعلمية والتقنية الأخرى","749","الأنشطة المهنية والعلمية والتقنية الأخرى غير المصنّفة فى موضع آخر","7490","الأنشطة المهنية والعلمية والتقنية الأخرى غير المصنّفة فى موضع آخر","749035","أنشطة خدمات استشارات غذائية","الترخيص للمكاتب الاستشارية الغذائية والتاكد من مزاولة النشاط من قبل مختصين في الاغذية"
"O","الأنشطة المهنية والعلمية والتقنية","74","الأنشطة المهنية والعلمية والتقنية الأخرى","749","الأنشطة المهنية والعلمية والتقنية الأخرى غير المصنّفة فى موضع آخر","7490","الأنشطة المهنية والعلمية والتقنية الأخرى غير المصنّفة فى موضع آخر","749036","أنشطة خدمات استشارات في مجال تنظيم الأجهزة الطبية","تقديم خدمات الاستشارات الفنية لمتطلبات وتشريعات الأجهزة والمنتجات الطبية"
"O","الأنشطة المهنية والعلمية والتقنية","74","الأنشطة المهنية والعلمية والتقنية الأخرى","749","الأنشطة المهنية والعلمية والتقنية الأخرى غير المصنّفة فى موضع آخر","7490","الأنشطة المهنية والعلمية والتقنية الأخرى غير المصنّفة فى موضع آخر","749037","أنشطة تقديم الاستشارات وخدمات توكيد الجودة والحماية من الإشعاع في مجال الصحة الإشعاعية","تقديم الاستشارات وخدمات توكيد الجودة والحماية من الإشعاع في مجال الصحة الإشعاعية"
"O","الأنشطة المهنية والعلمية والتقنية","74","الأنشطة المهنية والعلمية والتقنية الأخرى","749","الأنشطة المهنية والعلمية والتقنية الأخرى غير المصنّفة فى موضع آخر","7490","الأنشطة المهنية والعلمية والتقنية الأخرى غير المصنّفة فى موضع آخر","749038","أنشطة الاستشارات الصحية",
"O","الأنشطة المهنية والعلمية والتقنية","74","الأنشطة المهنية والعلمية والتقنية الأخرى","749","الأنشطة المهنية والعلمية والتقنية الأخرى غير المصنّفة فى موضع آخر","7490","الأنشطة المهنية والعلمية والتقنية الأخرى غير المصنّفة فى موضع آخر","749041","خدمات الاستشارات في مجال النقل الجوي","تقديم الخدمات الاستشارية في مجال النقل الجوي داخل المملكة."
"O","الأنشطة المهنية والعلمية والتقنية","74","الأنشطة المهنية والعلمية والتقنية الأخرى","749","الأنشطة المهنية والعلمية والتقنية الأخرى غير المصنّفة فى موضع آخر","7490","الأنشطة المهنية والعلمية والتقنية الأخرى غير المصنّفة فى موضع آخر","749042","خدمات الاستشارات في مجال خدمات الملاحة الجوية","ترخيص لمكاتب الاستشارات المختصة أو الافراد المختصين في مجال خدمات الملاحة الجوية"
"O","الأنشطة المهنية والعلمية والتقنية","74","الأنشطة المهنية والعلمية والتقنية الأخرى","749","الأنشطة المهنية والعلمية والتقنية الأخرى غير المصنّفة فى موضع آخر","7490","الأنشطة المهنية والعلمية والتقنية الأخرى غير المصنّفة فى موضع آخر","749043","خدمات الاستشارات في مجال سلامة الطيران والمقاييس","ترخيص لمكاتب الاستشارات المختصة أو الافراد المختصين في مجال سلامة الطيران والمقاييس"
"O","الأنشطة المهنية والعلمية والتقنية","74","الأنشطة المهنية والعلمية والتقنية الأخرى","749","الأنشطة المهنية والعلمية والتقنية الأخرى غير المصنّفة فى موضع آخر","7490","الأنشطة المهنية والعلمية والتقنية الأخرى غير المصنّفة فى موضع آخر","749044","خدمات الاستشارات في مجال أمن الطيران","تقديم الخدمات الاستشارية في مجال أمن الطيران داخل المملكة."
"O","الأنشطة المهنية والعلمية والتقنية","74","الأنشطة المهنية والعلمية والتقنية الأخرى","749","الأنشطة المهنية والعلمية والتقنية الأخرى غير المصنّفة فى موضع آخر","7490","الأنشطة المهنية والعلمية والتقنية الأخرى غير المصنّفة فى موضع آخر","749045","خدمات الاستشارت في مجال عمليات المطارات","تقديم الخدمات الاستشارية في مجال عمليات المطارات."
"O","الأنشطة المهنية والعلمية والتقنية","74","الأنشطة المهنية والعلمية والتقنية الأخرى","749","الأنشطة المهنية والعلمية والتقنية الأخرى غير المصنّفة فى موضع آخر","7490","الأنشطة المهنية والعلمية والتقنية الأخرى غير المصنّفة فى موضع آخر","749046","خدمات الاستشارات في مجال اعمال الإطفاء والإنقاذ في المطارات","تقديم الخدمات الاستشارية في مجال أعمال الإطفاء والإنقاذ في المطارات."
"O","الأنشطة المهنية والعلمية والتقنية","74","الأنشطة المهنية والعلمية والتقنية الأخرى","749","الأنشطة المهنية والعلمية والتقنية الأخرى غير المصنّفة فى موضع آخر","7490","الأنشطة المهنية والعلمية والتقنية الأخرى غير المصنّفة فى موضع آخر","749047","خدمات الاستشارات في مجال الطائرات بدون طيار","تقديم الاستشارات الفنية المتعلقة بالسلامة و التشغيل و الادارة في مجال الطائرات بدون طيار وغيرها."
"O","الأنشطة المهنية والعلمية والتقنية","74","الأنشطة المهنية والعلمية والتقنية الأخرى","749","الأنشطة المهنية والعلمية والتقنية الأخرى غير المصنّفة فى موضع آخر","7490","الأنشطة المهنية والعلمية والتقنية الأخرى غير المصنّفة فى موضع آخر","749051","الدراسات والاستشارات الاعلامية",
"O","الأنشطة المهنية والعلمية والتقنية","74","الأنشطة المهنية والعلمية والتقنية الأخرى","749","الأنشطة المهنية والعلمية والتقنية الأخرى غير المصنّفة فى موضع آخر","7490","الأنشطة المهنية والعلمية والتقنية الأخرى غير المصنّفة فى موضع آخر","749052","أنشطة مكاتب علمية للمستحضرات الصيدلانية","في المكاتب التي تقوم بعمل المهام الفنية والعلمية للشركات والمنتجات المسجلة بالمملكة"
"O","الأنشطة المهنية والعلمية والتقنية","74","الأنشطة المهنية والعلمية والتقنية الأخرى","749","الأنشطة المهنية والعلمية والتقنية الأخرى غير المصنّفة فى موضع آخر","7490","الأنشطة المهنية والعلمية والتقنية الأخرى غير المصنّفة فى موضع آخر","749053","خدمات الاستشارات في التيقظ الدوائي","هي المكاتب التي تقوم بعمل الاستشارات الدوائية في التيقظ الدوائي ومراقبة اضرار والاثار الجانبية للمستحضرات الصيدلانية المسجلة"
"O","الأنشطة المهنية والعلمية والتقنية","74","الأنشطة المهنية والعلمية والتقنية الأخرى","749","الأنشطة المهنية والعلمية والتقنية الأخرى غير المصنّفة فى موضع آخر","7490","الأنشطة المهنية والعلمية والتقنية الأخرى غير المصنّفة فى موضع آخر","749054","مراكز الدراسات السريرية","هي المراكز التي تقوم بمتابعة الدراسات السريرية"
"O","الأنشطة المهنية والعلمية والتقنية","74","الأنشطة المهنية والعلمية والتقنية الأخرى","749","الأنشطة المهنية والعلمية والتقنية الأخرى غير المصنّفة فى موضع آخر","7490","الأنشطة المهنية والعلمية والتقنية الأخرى غير المصنّفة فى موضع آخر","749057","أنشطة الاستشارات الفيزيائية",
"O","الأنشطة المهنية والعلمية والتقنية","74","الأنشطة المهنية والعلمية والتقنية الأخرى","749","الأنشطة المهنية والعلمية والتقنية الأخرى غير المصنّفة فى موضع آخر","7490","الأنشطة المهنية والعلمية والتقنية الأخرى غير المصنّفة فى موضع آخر","749058","أنشطة الاستشارات الفنية في مجال المختبرات","الترخيص للمكاتب الاستشارية لتقديم الاستشارات الفنية لجهات الفحص والاختبار ."
"O","الأنشطة المهنية والعلمية والتقنية","74","الأنشطة المهنية والعلمية والتقنية الأخرى","749","الأنشطة المهنية والعلمية والتقنية الأخرى غير المصنّفة فى موضع آخر","7490","الأنشطة المهنية والعلمية والتقنية الأخرى غير المصنّفة فى موضع آخر","749061","أنشطة الاستشارات الإحصائية","المكاتب التي تمارس أنشطة الاستشارات الاحصائية"
"O","الأنشطة المهنية والعلمية والتقنية","74","الأنشطة المهنية والعلمية والتقنية الأخرى","749","الأنشطة المهنية والعلمية والتقنية الأخرى غير المصنّفة فى موضع آخر","7490","الأنشطة المهنية والعلمية والتقنية الأخرى غير المصنّفة فى موضع آخر","749062","أنشطة الاستشارات الاقتصادية",
"O","الأنشطة المهنية والعلمية والتقنية","74","الأنشطة المهنية والعلمية والتقنية الأخرى","749","الأنشطة المهنية والعلمية والتقنية الأخرى غير المصنّفة فى موضع آخر","7490","الأنشطة المهنية والعلمية والتقنية الأخرى غير المصنّفة فى موضع آخر","749063","أنشطة الاستشارات البحرية",
"O","الأنشطة المهنية والعلمية والتقنية","74","الأنشطة المهنية والعلمية والتقنية الأخرى","749","الأنشطة المهنية والعلمية والتقنية الأخرى غير المصنّفة فى موضع آخر","7490","الأنشطة المهنية والعلمية والتقنية الأخرى غير المصنّفة فى موضع آخر","749064","أنشطة الاستشارات التاريخية",
"O","الأنشطة المهنية والعلمية والتقنية","74","الأنشطة المهنية والعلمية والتقنية الأخرى","749","الأنشطة المهنية والعلمية والتقنية الأخرى غير المصنّفة فى موضع آخر","7490","الأنشطة المهنية والعلمية والتقنية الأخرى غير المصنّفة فى موضع آخر","749065","أنشطة الاستشارات التراثية","المكاتب التي تقوم بتقديم الاستشارات التراثية"
"O","الأنشطة المهنية والعلمية والتقنية","74","الأنشطة المهنية والعلمية والتقنية الأخرى","749","الأنشطة المهنية والعلمية والتقنية الأخرى غير المصنّفة فى موضع آخر","7490","الأنشطة المهنية والعلمية والتقنية الأخرى غير المصنّفة فى موضع آخر","749066","أنشطة الاستشارات التعدينية",
"O","الأنشطة المهنية والعلمية والتقنية","74","الأنشطة المهنية والعلمية والتقنية الأخرى","749","الأنشطة المهنية والعلمية والتقنية الأخرى غير المصنّفة فى موضع آخر","7490","الأنشطة المهنية والعلمية والتقنية الأخرى غير المصنّفة فى موضع آخر","749067","أنشطة الاستشارات الجمركية",
"O","الأنشطة المهنية والعلمية والتقنية","74","الأنشطة المهنية والعلمية والتقنية الأخرى","749","الأنشطة المهنية والعلمية والتقنية الأخرى غير المصنّفة فى موضع آخر","7490","الأنشطة المهنية والعلمية والتقنية الأخرى غير المصنّفة فى موضع آخر","749068","الاستشارات السياحية","تقديم الآراء والمشورة والدراسات والتوصيات ونحوها والتي تكون مبنية على الخبرات العلمية والعملية، في الأنشطة السياحية"
"O","الأنشطة المهنية والعلمية والتقنية","74","الأنشطة المهنية والعلمية والتقنية الأخرى","749","الأنشطة المهنية والعلمية والتقنية الأخرى غير المصنّفة فى موضع آخر","7490","الأنشطة المهنية والعلمية والتقنية الأخرى غير المصنّفة فى موضع آخر","749071","أنشطة الاستشارات في مجال الأعمال الدولية",
"O","الأنشطة المهنية والعلمية والتقنية","74","الأنشطة المهنية والعلمية والتقنية الأخرى","749","الأنشطة المهنية والعلمية والتقنية الأخرى غير المصنّفة فى موضع آخر","7490","الأنشطة المهنية والعلمية والتقنية الأخرى غير المصنّفة فى موضع آخر","749072","أنشطة الاستشارات الجيولوجية","المكاتب التي تمارس أنشطة الاستشارات الجيولوجية"
"O","الأنشطة المهنية والعلمية والتقنية","74","الأنشطة المهنية والعلمية والتقنية الأخرى","749","الأنشطة المهنية والعلمية والتقنية الأخرى غير المصنّفة فى موضع آخر","7490","الأنشطة المهنية والعلمية والتقنية الأخرى غير المصنّفة فى موضع آخر","749073","أنشطة الاستشارات الكيميائية",
"O","الأنشطة المهنية والعلمية والتقنية","74","الأنشطة المهنية والعلمية والتقنية الأخرى","749","الأنشطة المهنية والعلمية والتقنية الأخرى غير المصنّفة فى موضع آخر","7490","الأنشطة المهنية والعلمية والتقنية الأخرى غير المصنّفة فى موضع آخر","749074","أنشطة الاستشارات في مجال التجميل","تقديم الخدمات الاستشارية للمنتجات والمنشآت في مجال التجميل"
"O","الأنشطة المهنية والعلمية والتقنية","74","الأنشطة المهنية والعلمية والتقنية الأخرى","749","الأنشطة المهنية والعلمية والتقنية الأخرى غير المصنّفة فى موضع آخر","7490","الأنشطة المهنية والعلمية والتقنية الأخرى غير المصنّفة فى موضع آخر","749075","أنشطة الاستشارات في مجال الاعلاف","تقديم الخدمات الاستشارية للمنتجات والمنشآت في مجال الأعلاف"
"O","الأنشطة المهنية والعلمية والتقنية","74","الأنشطة المهنية والعلمية والتقنية الأخرى","749","الأنشطة المهنية والعلمية والتقنية الأخرى غير المصنّفة فى موضع آخر","7490","الأنشطة المهنية والعلمية والتقنية الأخرى غير المصنّفة فى موضع آخر","749076","أنشطة الاستشارات في مجال المبيدات","تقديم الخدمات الاستشارية للمنتجات والمنشآت في مجال المبيدات"
"O","الأنشطة المهنية والعلمية والتقنية","74","الأنشطة المهنية والعلمية والتقنية الأخرى","749","الأنشطة المهنية والعلمية والتقنية الأخرى غير المصنّفة فى موضع آخر","7490","الأنشطة المهنية والعلمية والتقنية الأخرى غير المصنّفة فى موضع آخر","749077","مراكز الاستشارات الدوائية في مجال الأدوية","خدمات الاستشارات في مجال المستحضرات الدوائية والتيقظ الدوائي البشري والبيطري وتقديم معلومات الادوية والسموم ودراسات التكافؤ والتوافر الحيوي والاستشارات في تحليل المستحضرات الصيدلانية"
"O","الأنشطة المهنية والعلمية والتقنية","74","الأنشطة المهنية والعلمية والتقنية الأخرى","749","الأنشطة المهنية والعلمية والتقنية الأخرى غير المصنّفة فى موضع آخر","7490","الأنشطة المهنية والعلمية والتقنية الأخرى غير المصنّفة فى موضع آخر","749082","استشارات في مجال الفضاء","تقديم جميع الاستشارات اللازمة مثل التخطيط للعمليات والمهمات الفضائية وتقديم الدراسات المالية والاستراتيجية والتشغيلية وتحليل المخاطر وغيرها من الدراسات اللازمة وتأمين الاحتياجات اللازمة"
"O","الأنشطة المهنية والعلمية والتقنية","75","الأنشطة البيطرية","750","الأنشطةُ البيطرية","7500","الأنشطةُ البيطرية","750011","أنشطة المستشفيات البيطرية","تقديم كافة الخدمات العلاجية والوقائية وغيرها لفصيلة حيوانية معينة من الحيوانات الكبيرة (الإبل, الخيل, الأبقار) وتتولى تشغيله كوادر بيطرية متخصصة وتتوفر به تجهيزات فنية عالية تميزه عن العيادة المتخصصة أو المستشفى البيطري الشامل."
"O","الأنشطة المهنية والعلمية والتقنية","75","الأنشطة البيطرية","750","الأنشطةُ البيطرية","7500","الأنشطةُ البيطرية","750012","أنشطة العيادات البيطرية","تقديم الخدمات العلاجية البيطرية للحيوانات المجترة الصغيرة (الضأن, الماعز, وغيرها) والحيوانات الأليفة (كلاب, قطط) والطيور."
"O","الأنشطة المهنية والعلمية والتقنية","75","الأنشطة البيطرية","750","الأنشطةُ البيطرية","7500","الأنشطةُ البيطرية","750013","أنشطة إيواء الحيوانات مع تقديم الرعاية الصحية اللازمة والعلاج","إيواء الحيوانات فندقياً خصوصاً الحيوانات التي يتركها أصحابها أثناء عدم تواجدهم في منازلهم إما للسفر أو لغيره بحيث يضمن أن تقدم لها الرعاية اللازمة والعلاج عند الحاجة وتقتصر على استقبال الحيوانات المنزلية الأليفة والطيور بأنواعها."
"O","الأنشطة المهنية والعلمية والتقنية","75","الأنشطة البيطرية","750","الأنشطةُ البيطرية","7500","الأنشطةُ البيطرية","750014","أنشطة إيواء الصقور وتشخيص امراضها وعلاجها والعناية بها","تقديم العلاج وإجراء العمليات الجراحية لكافة أنواع الصقور والطيور الجارحة والعناية بها."
"O","الأنشطة المهنية والعلمية والتقنية","75","الأنشطة البيطرية","750","الأنشطةُ البيطرية","7500","الأنشطةُ البيطرية","750021","المكتب العلمي للمستحضرات البيطرية","توفير المعلومات للمستحضرات البيطرية المسجلة والمتداولة في المملكة والتأكد من دقة المعلومات المستخدمة في تسويق المستحضرات البيطرية المسجلة للمؤسسة وتنفيذ الأنظمة والتعليمات الصادرة من الهيئة العامة للغذاء والدواء"
"O","الأنشطة المهنية والعلمية والتقنية","75","الأنشطة البيطرية","750","الأنشطةُ البيطرية","7500","الأنشطةُ البيطرية","750022","أنشطة الاستشارات البيطرية","تقديم الاستشارات في مجال الدراسات والخبرات الفنية البيطرية والثروة الحيوانية"
"P","الخدمات الإدارية وخدمات الدعم","77","الأنشطة الإيجارية","771","تأجير المركبات ذات المحرّكات","7710","تأجير المركبات ذات المحرّكات","771010","تأجير سيارات ركاب بدون سائق",
"P","الخدمات الإدارية وخدمات الدعم","77","الأنشطة الإيجارية","771","تأجير المركبات ذات المحرّكات","7710","تأجير المركبات ذات المحرّكات","771020","تأجير شاحنات بدون سائق",
"P","الخدمات الإدارية وخدمات الدعم","77","الأنشطة الإيجارية","771","تأجير المركبات ذات المحرّكات","7710","تأجير المركبات ذات المحرّكات","771030","تأجير حافلات بدون سائق",
"P","الخدمات الإدارية وخدمات الدعم","77","الأنشطة الإيجارية","771","تأجير المركبات ذات المحرّكات","7710","تأجير المركبات ذات المحرّكات","771041","وسطاء تأجير السيارات",
"P","الخدمات الإدارية وخدمات الدعم","77","الأنشطة الإيجارية","771","تأجير المركبات ذات المحرّكات","7710","تأجير المركبات ذات المحرّكات","771042","وسيط تأجير السيارات إلكترونياً","القيام بتأجير السيارات المملوكة للأفراد عبر التطبيقات و/أو المواقع الإلكترونية."
"P","الخدمات الإدارية وخدمات الدعم","77","الأنشطة الإيجارية","771","تأجير المركبات ذات المحرّكات","7710","تأجير المركبات ذات المحرّكات","771043","تأجير السيارات إلكترونياً","القيام بتأجير السيارات المملوكة للمنشأة المرخصة بممارسة النشاط عبر التطبيقات أو المواقع الإلكترونية"
"P","الخدمات الإدارية وخدمات الدعم","77","الأنشطة الإيجارية","772","تأجير السلع الشخصية والمنزلية","7721","تأجير السلع الترفيهية والرياضية","772112","تأجير الدراجات المائية بدون سائق",
"P","الخدمات الإدارية وخدمات الدعم","77","الأنشطة الإيجارية","772","تأجير السلع الشخصية والمنزلية","7721","تأجير السلع الترفيهية والرياضية","772120","تأجير الدراجات الهوائية والكهربائية","هي المنشآت التي تقوم بتقديم خدمات تأجير الدراجات الهوائية والكهربائية ، ولاتشمل تأجير الدراجات النارية"
"P","الخدمات الإدارية وخدمات الدعم","77","الأنشطة الإيجارية","772","تأجير السلع الشخصية والمنزلية","7721","تأجير السلع الترفيهية والرياضية","772192","تأجير وتشغيل العربات والكراسي المتحركة","المحلات التي تقوم باعمال تاجير وتشغيل العربات والكراسي المتحركة في المولات والمراكز التجارية وأماكن الاحتفالات والحدائق،على ان يشمل جميع أنواع العربات بما فيها عربات الأطفال وعربات الجولف والعربات الكهربائية."
"P","الخدمات الإدارية وخدمات الدعم","77","الأنشطة الإيجارية","772","تأجير السلع الشخصية والمنزلية","7729","تأجير السلع الشخصية والمنزلية الأخرى","772901","تأجير كافة أنواع فساتين الأفراح ومستلزماتها",
"P","الخدمات الإدارية وخدمات الدعم","77","الأنشطة الإيجارية","772","تأجير السلع الشخصية والمنزلية","7729","تأجير السلع الشخصية والمنزلية الأخرى","772902","تأجير الأثاث والزجاج والأواني والمطابخ وأدوات المائدة",
"P","الخدمات الإدارية وخدمات الدعم","77","الأنشطة الإيجارية","772","تأجير السلع الشخصية والمنزلية","7729","تأجير السلع الشخصية والمنزلية الأخرى","772903","تأجير المجوهرات",
"P","الخدمات الإدارية وخدمات الدعم","77","الأنشطة الإيجارية","772","تأجير السلع الشخصية والمنزلية","7729","تأجير السلع الشخصية والمنزلية الأخرى","772904","تأجير لوازم المناسبات (خيم المناسبات، كوش الافراح ...وغيرها)",
"P","الخدمات الإدارية وخدمات الدعم","77","الأنشطة الإيجارية","772","تأجير السلع الشخصية والمنزلية","7729","تأجير السلع الشخصية والمنزلية الأخرى","772906","تأجير الأجهزة والمعدات الكهربائية والإلكترونية (للإستخدام المنزلي) والموسيقية",
"P","الخدمات الإدارية وخدمات الدعم","77","الأنشطة الإيجارية","772","تأجير السلع الشخصية والمنزلية","7729","تأجير السلع الشخصية والمنزلية الأخرى","772907","تأجير لوازم الرحلات",
"P","الخدمات الإدارية وخدمات الدعم","77","الأنشطة الإيجارية","773","تأجير الآلات والمعدات الأخرى والسلع الحقيقية","7730","تأجير الآلات والمعدات الأخرى والسلع الحقيقية","773011","تأجير المحركات والتربينات",
"P","الخدمات الإدارية وخدمات الدعم","77","الأنشطة الإيجارية","773","تأجير الآلات والمعدات الأخرى والسلع الحقيقية","7730","تأجير الآلات والمعدات الأخرى والسلع الحقيقية","773012","تأجير المعدات ذات المحركات",
"P","الخدمات الإدارية وخدمات الدعم","77","الأنشطة الإيجارية","773","تأجير الآلات والمعدات الأخرى والسلع الحقيقية","7730","تأجير الآلات والمعدات الأخرى والسلع الحقيقية","773014","تأجير أجهزة الإذاعة والتلفزيون والاتصالات",
"P","الخدمات الإدارية وخدمات الدعم","77","الأنشطة الإيجارية","773","تأجير الآلات والمعدات الأخرى والسلع الحقيقية","7730","تأجير الآلات والمعدات الأخرى والسلع الحقيقية","773015","تأجير معدات إنتاج الأفلام السينمائية",
"P","الخدمات الإدارية وخدمات الدعم","77","الأنشطة الإيجارية","773","تأجير الآلات والمعدات الأخرى والسلع الحقيقية","7730","تأجير الآلات والمعدات الأخرى والسلع الحقيقية","773016","تأجير أجهزة القياس والسيطرة",
"P","الخدمات الإدارية وخدمات الدعم","77","الأنشطة الإيجارية","773","تأجير الآلات والمعدات الأخرى والسلع الحقيقية","7730","تأجير الآلات والمعدات الأخرى والسلع الحقيقية","773021","تأجير الدراجات النارية والكرفانات",
"P","الخدمات الإدارية وخدمات الدعم","77","الأنشطة الإيجارية","773","تأجير الآلات والمعدات الأخرى والسلع الحقيقية","7730","تأجير الآلات والمعدات الأخرى والسلع الحقيقية","773041","تأجير الطائرات بطيار -دون مُشغِّل","القيام بعمليات تأجير الطائرات بطيار المملوكة للكيان نفسه دون مُشغِّل."
"P","الخدمات الإدارية وخدمات الدعم","77","الأنشطة الإيجارية","773","تأجير الآلات والمعدات الأخرى والسلع الحقيقية","7730","تأجير الآلات والمعدات الأخرى والسلع الحقيقية","773042","تأجير وتشغيل المناطيد","يمنح هذا الترخيص للكيانات لتشغيل وتأجير المناطيد"
"P","الخدمات الإدارية وخدمات الدعم","77","الأنشطة الإيجارية","773","تأجير الآلات والمعدات الأخرى والسلع الحقيقية","7730","تأجير الآلات والمعدات الأخرى والسلع الحقيقية","773043","تأجير الطائرات بدون طيار","مزاولة نشاط تأجير الطائرات بدون طيار مقابل اجر"
"P","الخدمات الإدارية وخدمات الدعم","77","الأنشطة الإيجارية","773","تأجير الآلات والمعدات الأخرى والسلع الحقيقية","7730","تأجير الآلات والمعدات الأخرى والسلع الحقيقية","773050","تأجير وتشغيل معدات الزراعة والحراجة بدون مشغل",
"P","الخدمات الإدارية وخدمات الدعم","77","الأنشطة الإيجارية","773","تأجير الآلات والمعدات الأخرى والسلع الحقيقية","7730","تأجير الآلات والمعدات الأخرى والسلع الحقيقية","773061","تأجير الرافعات لأغراض إنشائية",
"P","الخدمات الإدارية وخدمات الدعم","77","الأنشطة الإيجارية","773","تأجير الآلات والمعدات الأخرى والسلع الحقيقية","7730","تأجير الآلات والمعدات الأخرى والسلع الحقيقية","773062","تأجير أرصفة العمل والسقالات (بدون التركيب والتفكيك)",
"P","الخدمات الإدارية وخدمات الدعم","77","الأنشطة الإيجارية","773","تأجير الآلات والمعدات الأخرى والسلع الحقيقية","7730","تأجير الآلات والمعدات الأخرى والسلع الحقيقية","773071","تأجير الحاسوب والأجهزته الملحقة",
"P","الخدمات الإدارية وخدمات الدعم","77","الأنشطة الإيجارية","773","تأجير الآلات والمعدات الأخرى والسلع الحقيقية","7730","تأجير الآلات والمعدات الأخرى والسلع الحقيقية","773072","تأجير آلات التصوير وآلات الطباعة وآلات معالجة الكلمات",
"P","الخدمات الإدارية وخدمات الدعم","77","الأنشطة الإيجارية","773","تأجير الآلات والمعدات الأخرى والسلع الحقيقية","7730","تأجير الآلات والمعدات الأخرى والسلع الحقيقية","773073","تأجير الآلات الحاسبة وآلات الإدخال النقدي والآلات الحاسبة الإلكترونية",
"P","الخدمات الإدارية وخدمات الدعم","77","الأنشطة الإيجارية","773","تأجير الآلات والمعدات الأخرى والسلع الحقيقية","7730","تأجير الآلات والمعدات الأخرى والسلع الحقيقية","773074","تأجير الأثاث المكتبي وخزائن حفظ الأمتعة وكراسي الاسترخاء",
"P","الخدمات الإدارية وخدمات الدعم","77","الأنشطة الإيجارية","773","تأجير الآلات والمعدات الأخرى والسلع الحقيقية","7730","تأجير الآلات والمعدات الأخرى والسلع الحقيقية","773080","تأجير الحاويات",
"P","الخدمات الإدارية وخدمات الدعم","77","الأنشطة الإيجارية","774","تأجير منتجات الملكية الفكرية وما شابهها ، عدا الأعمال المحمية بحقوق النشر","7740","تأجير منتجات الملكية الفكرية وما شابهها ، عدا الأعمال المحمية بحقوق النشر","774000","تأجير منتجات الملكية الفكرية وما شابهها ، عدا الأعمال المحمية بحقوق النشر","الأنشطة التي تسمح للآخرين باستعمال منتجات حقوق الملكية الفكرية وما شابهها من منتجات نظير دفع مقابل أو رسم ترخيص للمالك أي مالك الأصل. وقد يأخذ تأجير تلك المنتجات أشكالاً مختلفة، منها السماح بالاستنساخ، أو الاستعمال في عمليات لاحقة أو منتجات لاحقة، أو تشغيل العمل بموجب حق التزام، إلخ، وقد يكون المالكون هم الذين ابتكروا هذه المنتجات، وقد لا يكونون هم أنفسهم مبتكريها."
"P","الخدمات الإدارية وخدمات الدعم","78","أنشطة الاستخدام","781","أنشطة وكالات التشغيل","7810","أنشطة وكالات التشغيل","781011","التوسط في استقدام العمالة الوافدة","تقديم المرخص له خدمة استقطاب العمالة الوافدة المدربة والمهيئة للعمل في السوق المحلي"
"P","الخدمات الإدارية وخدمات الدعم","78","أنشطة الاستخدام","781","أنشطة وكالات التشغيل","7810","أنشطة وكالات التشغيل","781012","التوسط في توظيف السعوديين","تقديم المرخص له خدمات التوظيف الأساسية للعمالة الوطنية للبحث لهم عن وظائف مناسبة في سوق العمل"
"P","الخدمات الإدارية وخدمات الدعم","78","أنشطة الاستخدام","781","أنشطة وكالات التشغيل","7810","أنشطة وكالات التشغيل","781014","أنشطة الخدمات العامة",
"P","الخدمات الإدارية وخدمات الدعم","78","أنشطة الاستخدام","782","أنشطة وكالات التشغيل المؤقت","7820","أنشطة وكالات التشغيل المؤقت","782001","أنشطة وكالات التشغيل المؤقت لخدمات المنزلية","توفير خدمات العمالة المنزلية المؤقته من المرخص لهم للافراد"
"P","الخدمات الإدارية وخدمات الدعم","78","أنشطة الاستخدام","782","أنشطة وكالات التشغيل المؤقت","7820","أنشطة وكالات التشغيل المؤقت","782002","أنشطة وكالات التشغيل المؤقت لخدمات العمالة الوافدة","توفير خدمات العمالة الوافدة المهنية المؤقته من المرخص لهم للمنشآت"
"P","الخدمات الإدارية وخدمات الدعم","78","أنشطة الاستخدام","782","أنشطة وكالات التشغيل المؤقت","7820","أنشطة وكالات التشغيل المؤقت","782003","أنشطة وكالات التشغيل المؤقت للسعوديين","إسناد خدمات الموظف السعودي/ة عبر النظام  الإلكتروني المعتمد من الوزارة   للمنشآت ، ويكون السعودي/ة مسجلاً على شركة التوظيف( توفير خدمات العمالة الوطنية من المرخص لهم للمنشات )  "
"P","الخدمات الإدارية وخدمات الدعم","78","أنشطة الاستخدام","783","تقديم موارد بشرية أخرى ، يشمل ( تقديم الموارد البشرية على أساس طويل الأجل أو دائم بشكل عام )","7830","تقديم موارد بشرية أخرى","783001","المجلس التنسيقي لشركات الاستقدام","*المجلس التنسيقي لشركات الاستقدام هو نقطة الوصل بين شركات الموارد البشرية وشركات الاستقدام مع وزارة الموارد البشرية والتنمية الاجتماعية *يعمل المجلس التنسيقي على تحقيق المبادرات وإعداد الدراسات لتطوير قطاع الاستقدام *يعمل المجلس التنسيفي على انشاء مركز خدمات عملاء لاستقبال طلبات الشركات بالنسيق مع الوزارة *يعمل المجلس التنسيقي على إقامة حملات توعوية داخل المملكة وخارجها *يعمل المجلس التنسيقي على التعاون مع الوزارة والجهات ذات العلاقة للتفاوض مع الجهات الخارجية"
"P","الخدمات الإدارية وخدمات الدعم","79","وكالات السفر ومشغّلو الجولات السياحية وخدمات الحجز والأنشطة المتصلة بها","791","أنشطة وكالات السفر ومشغّلي الجولات السياحية","7911","أنشطة وكالات السفر","791101","وكالة السفر والسياحة","تقتصر على تقديم الخدمات الاتية: ‌أ-بيع تذاكر السفر لداخل المملكة أو خارجها عبر مختلف وسائط النقل نيابة عن شركات النقل، ويشمل ذلك بيع الخدمات المرتبطة بها. ‌ب-ترتيب خدمات إصدار التأشيرات للسفر خارج المملكة. ‌ج-ترتيب خدمات إصدار رخص القيادة الدولية وما في حكمها."
"P","الخدمات الإدارية وخدمات الدعم","79","وكالات السفر ومشغّلو الجولات السياحية وخدمات الحجز والأنشطة المتصلة بها","791","أنشطة وكالات السفر ومشغّلي الجولات السياحية","7911","أنشطة وكالات السفر","791102","أنشطة وكالات شركات الطيران","يمنح هذا الترخيص لشركات النقل الجوي الأجنبية لمزاولة الأنشطة التجارية من نقل للركاب والبضائع (مجدولة/غير مجدولة) وبيع تذاكر الطيران وبوالص الشحن لطائرات الشركة فقط."
"P","الخدمات الإدارية وخدمات الدعم","79","وكالات السفر ومشغّلو الجولات السياحية وخدمات الحجز والأنشطة المتصلة بها","791","أنشطة وكالات السفر ومشغّلي الجولات السياحية","7912","أنشطة مشغلي الجولات السياحية","791211","تقديم خدمات المعتمرين وزوار المسجد النبوي القادمين من خارج المملكة","تقديم الخدمات للمعتمرين وزوارة المسجد النبوي القادمين من خارج المملكة بتأشيرات عمرة"
"P","الخدمات الإدارية وخدمات الدعم","79","وكالات السفر ومشغّلو الجولات السياحية وخدمات الحجز والأنشطة المتصلة بها","791","أنشطة وكالات السفر ومشغّلي الجولات السياحية","7912","أنشطة مشغلي الجولات السياحية","791212","تقديم خدمات الحجاج القادمين من خارج المملكة","شركات يتم ترخيصها من قبل وزارة الحج والعمرة لخدمات المقدمة للحجاج القادمين من خارج المملكة بتأشيرات حج"
"P","الخدمات الإدارية وخدمات الدعم","79","وكالات السفر ومشغّلو الجولات السياحية وخدمات الحجز والأنشطة المتصلة بها","791","أنشطة وكالات السفر ومشغّلي الجولات السياحية","7912","أنشطة مشغلي الجولات السياحية","791213","تقديم خدمات حجاج الداخل","شركات يتم ترخيصها من قبل وزارة الحج والعمرة لخدمة حجاج من داخل المملكة يحق لهم الحج نظاماَ (مواطن/ مقيم)"
"P","الخدمات الإدارية وخدمات الدعم","79","وكالات السفر ومشغّلو الجولات السياحية وخدمات الحجز والأنشطة المتصلة بها","791","أنشطة وكالات السفر ومشغّلي الجولات السياحية","7912","أنشطة مشغلي الجولات السياحية","791223","تنظيم رحلات سياحية","يقتصر على تقديم الخدمات الآتية: ‌أ- ترتيب خدمات الإقامة في مرفق الضيافة السياحي. ‌ب- ترتيب خدمات الإرشاد السياحي. ‌ج- ترتيب خدمات الإعاشة في البرنامج السياحي. ‌د- ترتيب خدمات أرضية للسائح مثل الاستقبال والتوديع، ونقل الأمتعة. ‌ه- ترتيب خدمات تأجير السيارات بسائق خاص أو بدونه. ‌و- ترتيب خدمات التأمين للسائح. ‌ز- ترتيب خدمات حجوزات وزيارة الفعاليات، والمعارض، والمؤتمرات، والمتاحف، والمحميات، والأسواق، والمطاعم، وغيرها. ‌ح- ترتيب وتسويق الخدمات التعليمية أو العلاجية خارج المملكة، حسب ما هو معتمد من قبل الجهات المختصة. ‌ط- إعداد وتسويق وتنفيذ البرامج السياحية المعتمدة من الوزارة والمسجلة في منصة البرامج السياحية الإلكترونية، بجميع أنوعها منها (الثقافية، والترفيهية، والصحية، والتعليمية) للمتواجدين داخل المملكة."
"P","الخدمات الإدارية وخدمات الدعم","79","وكالات السفر ومشغّلو الجولات السياحية وخدمات الحجز والأنشطة المتصلة بها","799","خدمات الحجز الأخرى والأنشطة المتصلة بها","7990","خدمات الحجز الأخرى والأنشطة المتصلة بها","799013","مبيعات تذاكر السفر البحرية","أنشطة بيع تذاكر السفر البحرية"
"P","الخدمات الإدارية وخدمات الدعم","79","وكالات السفر ومشغّلو الجولات السياحية وخدمات الحجز والأنشطة المتصلة بها","799","خدمات الحجز الأخرى والأنشطة المتصلة بها","7990","خدمات الحجز الأخرى والأنشطة المتصلة بها","799014","حجز وحدات الضيافة","يقتصر على تقديم خدمات تسويق وإدارة حجوزات وحدات مرفق الضيافة السياحي، ومرفق الضيافة السياحي الخاص مقابل اجر."
"P","الخدمات الإدارية وخدمات الدعم","79","وكالات السفر ومشغّلو الجولات السياحية وخدمات الحجز والأنشطة المتصلة بها","799","خدمات الحجز الأخرى والأنشطة المتصلة بها","7990","خدمات الحجز الأخرى والأنشطة المتصلة بها","799020","أنشطة الحجز وبيع التذاكر للأحداث الرياضية والترفيهية والمعارض والمؤتمرات",
"P","الخدمات الإدارية وخدمات الدعم","79","وكالات السفر ومشغّلو الجولات السياحية وخدمات الحجز والأنشطة المتصلة بها","799","خدمات الحجز الأخرى والأنشطة المتصلة بها","7990","خدمات الحجز الأخرى والأنشطة المتصلة بها","799032","أنشطة المرشدين السياحيين",
"P","الخدمات الإدارية وخدمات الدعم","79","وكالات السفر ومشغّلو الجولات السياحية وخدمات الحجز والأنشطة المتصلة بها","799","خدمات الحجز الأخرى والأنشطة المتصلة بها","7990","خدمات الحجز الأخرى والأنشطة المتصلة بها","799042","تنسيق الخدمات العلاجية بين المرضى والمستشفيات داخل المملكة وخارجها",
"P","الخدمات الإدارية وخدمات الدعم","80","أنشطة الأمن والتحقيقات","801","أنشطة الأمن الخاصة","8010","أنشطة الأمن الخاصة","801011","الحراسة الأمنية المدنية الخاصة","الخدمة الأمنية البشرية التي تقدمها المؤسسات والشركات المرخص لها لمن يطلبها مقابل أجر، أو التي يتم الحصول عليها من خلال التعاقد المباشر مع حراس أمنيين مدنيين مرخص لهم."
"P","الخدمات الإدارية وخدمات الدعم","80","أنشطة الأمن والتحقيقات","801","أنشطة الأمن الخاصة","8010","أنشطة الأمن الخاصة","801012","نقل النقود والمعادن الثمينة والمستندات ذات القيمة","خدمة نقل النقود سواء كانت ورقية أو معدنية، ونقل جميع المعادن والأحجار الطبيعية والصناعية التي يكون لها قيمة ثمينة ويمكن تحويلها إلى نقد، بالإضافة لنقل جميع أواع المستندات التي تحمل قيمة نقدينة مثل: الشيكات النقدية ، والأسهم والسندات والصحوك والأوراق المالية الأخرى."
"P","الخدمات الإدارية وخدمات الدعم","80","أنشطة الأمن والتحقيقات","801","أنشطة الأمن الخاصة","8010","أنشطة الأمن الخاصة","801013","خدمات الحراس الشخصيين",
"P","الخدمات الإدارية وخدمات الدعم","80","أنشطة الأمن والتحقيقات","802","أنشطة خدمات نُظم الأمن","8020","أنشطة خدمات نُظم الأمن","802001","رصد نظم الإنذار الإلكترونية عن قرب أو عن بُعد، مثل نُظم الإنذار بالسرقة أو بالحريق، بما في ذلك صيانتها",
"P","الخدمات الإدارية وخدمات الدعم","80","أنشطة الأمن والتحقيقات","802","أنشطة خدمات نُظم الأمن","8020","أنشطة خدمات نُظم الأمن","802002","تركيب وإصلاح وإعادة بناء وضبط أجهزة الإقفال الميكانيكية والإلكترونية والخزانات الحديدية وخزانات الودائع الآمنة",
"P","الخدمات الإدارية وخدمات الدعم","80","أنشطة الأمن والتحقيقات","803","أنشطة التحقيقات","8030","أنشطة التحقيقات","803000","أنشطة التحقيقات",
"P","الخدمات الإدارية وخدمات الدعم","81","أنشطة تقديم الخدمات للمباني وتجميل المواقع","811","أنشطة متكاملة لدعم المرافق","8110","أنشطة متكاملة لدعم المرافق","811001","أنشطة توفير خدمات الحماية للمباني",
"P","الخدمات الإدارية وخدمات الدعم","81","أنشطة تقديم الخدمات للمباني وتجميل المواقع","811","أنشطة متكاملة لدعم المرافق","8110","أنشطة متكاملة لدعم المرافق","811002","أنشطة خدمات التنظيف للمباني الحكومية",
"P","الخدمات الإدارية وخدمات الدعم","81","أنشطة تقديم الخدمات للمباني وتجميل المواقع","811","أنشطة متكاملة لدعم المرافق","8110","أنشطة متكاملة لدعم المرافق","811003","أنشطة خدمات صيانة المباني",
"P","الخدمات الإدارية وخدمات الدعم","81","أنشطة تقديم الخدمات للمباني وتجميل المواقع","811","أنشطة متكاملة لدعم المرافق","8110","أنشطة متكاملة لدعم المرافق","811005","إدارة عمليات الصيانة والتشغيل في المباني والمرافق التابعة لھا","تقديم خدمات إدارة عمليات التشغيل والصيانة للمباني و المرافق ومتابعة الاعمال والتحسين المستمر ورفع كفاءة عمليات الصيانة والتشغيل لمرافق العميل. و يشمل ذلك ادارة العقود, التخطيط والجدولة لإعمال الصيانة، اعداد ومراقبة مؤشرات الإداء لإدارة المرافق، و تحديد تكاليف دورة حياة الاصول و استخدام التطبيقات و الانظمة المحوسبة و تطبيق معايير السلامة و البيئة بما يضمن رفع مستوى كفاءة الانفاق و المحافظة على الاصول و زيادة فعالية عمليات المرافق, ويشمل ذلك المباني الإدارية ومباني المرافق الصحية والمرافق المساندة مثل محطات التكييف المركزي,مواقف السيارات"
"P","الخدمات الإدارية وخدمات الدعم","81","أنشطة تقديم الخدمات للمباني وتجميل المواقع","811","أنشطة متكاملة لدعم المرافق","8110","أنشطة متكاملة لدعم المرافق","811006","إدارة محطات الوقود","الشركات او المؤسسات التي تقوم بإدارة الأنشطة والخدمات للمرافق التجارية بمكان داخل محطات الوقود"
"P","الخدمات الإدارية وخدمات الدعم","81","أنشطة تقديم الخدمات للمباني وتجميل المواقع","812","أنشطة التنظيف","8121","التنظيف العام للمباني","812100","التنظيف العام للمباني",
"P","الخدمات الإدارية وخدمات الدعم","81","أنشطة تقديم الخدمات للمباني وتجميل المواقع","812","أنشطة التنظيف","8129","أنشطة تنظيف المباني والتنظيف الصناعي الأخرى","812901","تنظيف خارجي للمباني",
"P","الخدمات الإدارية وخدمات الدعم","81","أنشطة تقديم الخدمات للمباني وتجميل المواقع","812","أنشطة التنظيف","8129","أنشطة تنظيف المباني والتنظيف الصناعي الأخرى","812902","تنظيف متخصص للمباني ، يشمل المداخن والنوافذ وغيرها",
"P","الخدمات الإدارية وخدمات الدعم","81","أنشطة تقديم الخدمات للمباني وتجميل المواقع","812","أنشطة التنظيف","8129","أنشطة تنظيف المباني والتنظيف الصناعي الأخرى","812903","تنظيف وصيانة برك السباحة",
"P","الخدمات الإدارية وخدمات الدعم","81","أنشطة تقديم الخدمات للمباني وتجميل المواقع","812","أنشطة التنظيف","8129","أنشطة تنظيف المباني والتنظيف الصناعي الأخرى","812904","أنشطة التطهير والتبخير لإبادة الحشرات والقوارض",
"P","الخدمات الإدارية وخدمات الدعم","81","أنشطة تقديم الخدمات للمباني وتجميل المواقع","812","أنشطة التنظيف","8129","أنشطة تنظيف المباني والتنظيف الصناعي الأخرى","812905","تنظيف الناقلات ما عدا الطائرات",
"P","الخدمات الإدارية وخدمات الدعم","81","أنشطة تقديم الخدمات للمباني وتجميل المواقع","812","أنشطة التنظيف","8129","أنشطة تنظيف المباني والتنظيف الصناعي الأخرى","812906","أنشطة تنظيف الآلات والمعدات الصناعية",
"P","الخدمات الإدارية وخدمات الدعم","81","أنشطة تقديم الخدمات للمباني وتجميل المواقع","812","أنشطة التنظيف","8129","أنشطة تنظيف المباني والتنظيف الصناعي الأخرى","812907","أنشطة تنظيف الطرق",
"P","الخدمات الإدارية وخدمات الدعم","81","أنشطة تقديم الخدمات للمباني وتجميل المواقع","812","أنشطة التنظيف","8129","أنشطة تنظيف المباني والتنظيف الصناعي الأخرى","812908","تنظيف الطائرات","تقديم خدمات تنظيف وغسيل الطائرات لأجزاء الطائرة الداخلية والخارجية ."
"P","الخدمات الإدارية وخدمات الدعم","81","أنشطة تقديم الخدمات للمباني وتجميل المواقع","812","أنشطة التنظيف","8129","أنشطة تنظيف المباني والتنظيف الصناعي الأخرى","812911","أنشطة خدمات الإصحاح البيئي","ممارسة أعمال الإصحاح البيئي في مجال مكافحة آفات الصحة العامة ونواقل الأمراض وخفض كثافتها ضمن الحدود الطبيعية حسب توصيات منظمة الصحة العالمية"
"P","الخدمات الإدارية وخدمات الدعم","81","أنشطة تقديم الخدمات للمباني وتجميل المواقع","813","الأنشطة المتعلقة بخدمة وصيانة تجميل المواقع","8130","الأنشطة المتعلقة بخدمة وصيانة تجميل المواقع","813011","رعاية وصيانة المنتزهات والحدائق لأغراض الإسكان العام",
"P","الخدمات الإدارية وخدمات الدعم","81","أنشطة تقديم الخدمات للمباني وتجميل المواقع","813","الأنشطة المتعلقة بخدمة وصيانة تجميل المواقع","8130","الأنشطة المتعلقة بخدمة وصيانة تجميل المواقع","813012","رعاية وصيانة مناظر المباني والحدائق المنزلية وحدائق الأسقف وواجهات المباني الخاصة وغيرها",
"P","الخدمات الإدارية وخدمات الدعم","81","أنشطة تقديم الخدمات للمباني وتجميل المواقع","813","الأنشطة المتعلقة بخدمة وصيانة تجميل المواقع","8130","الأنشطة المتعلقة بخدمة وصيانة تجميل المواقع","813013","رعاية وصيانة منتزهات الطرق السريعة",
"P","الخدمات الإدارية وخدمات الدعم","81","أنشطة تقديم الخدمات للمباني وتجميل المواقع","813","الأنشطة المتعلقة بخدمة وصيانة تجميل المواقع","8130","الأنشطة المتعلقة بخدمة وصيانة تجميل المواقع","813014","رعاية وصيانة أراضي الملاعب الرياضية وملاعب الجولف",
"P","الخدمات الإدارية وخدمات الدعم","81","أنشطة تقديم الخدمات للمباني وتجميل المواقع","813","الأنشطة المتعلقة بخدمة وصيانة تجميل المواقع","8130","الأنشطة المتعلقة بخدمة وصيانة تجميل المواقع","813015","رعاية وصيانة المياه الساكنة والجارية ، يشمل ( الأحواض والبحيرات وممرات المياه وحمامات السباحة والمناطق المبللة )",
"P","الخدمات الإدارية وخدمات الدعم","81","أنشطة تقديم الخدمات للمباني وتجميل المواقع","813","الأنشطة المتعلقة بخدمة وصيانة تجميل المواقع","8130","الأنشطة المتعلقة بخدمة وصيانة تجميل المواقع","813016","رعاية وصيانة نباتات الحماية من الضجيج والرياح والتصحر",
"P","الخدمات الإدارية وخدمات الدعم","81","أنشطة تقديم الخدمات للمباني وتجميل المواقع","813","الأنشطة المتعلقة بخدمة وصيانة تجميل المواقع","8130","الأنشطة المتعلقة بخدمة وصيانة تجميل المواقع","813020","أنشطة خدمات تصميم المناظر الطبيعية",
"P","الخدمات الإدارية وخدمات الدعم","81","أنشطة تقديم الخدمات للمباني وتجميل المواقع","813","الأنشطة المتعلقة بخدمة وصيانة تجميل المواقع","8130","الأنشطة المتعلقة بخدمة وصيانة تجميل المواقع","813030","أنشطة خدمات صيانة الأراضي للحفاظ عليها صالحة زراعيا وبيئياً","أنشطة خدمات صيانة الأراضي للحفاظ عليها صالحة زراعيا وبيئياً"
"P","الخدمات الإدارية وخدمات الدعم","82","الأنشطة الإدارية للمكاتب ، وأنشطة الدعم للمكاتب وغير ذلك من أنشطة الدعم للأعمال","821","الأنشطة الإدارية وأنشطة الدعم للمكاتب","8211","أنشطة الخدمات الإدارية المتكاملة للمكاتب","821100","أنشطة الخدمات الإدارية المتكاملة للمكاتب",
"P","الخدمات الإدارية وخدمات الدعم","82","الأنشطة الإدارية للمكاتب ، وأنشطة الدعم للمكاتب وغير ذلك من أنشطة الدعم للأعمال","821","الأنشطة الإدارية وأنشطة الدعم للمكاتب","8211","أنشطة الخدمات الإدارية المتكاملة للمكاتب","821112","أنشطة حاضنات ومسرعات الأعمال","""تنظيم قطاع حاضنات ومسرعات الاعمال ومساحات العمل المشتركة بالاضافة الى تصميم برامج دعم مخصصة مثل: . تحفيز ودعم الجهات المرخصة بتقديم حزمة من الخدمات التسويقية والإدارية والسحابية. ?. برنامج قسائم مساحات العمل المشتركة. ?. برنامج تدريب مدراء الحاضنات والمسرعات على أكاديمية منشآت. ?. الوصول لشريحة أكبر من المستفيدين. ?. اولوية الترشيح للمشاركة في الملتقيات والفعاليات. ?. دعوات خاصة لحضور ورش العمل مع الجهات الممكنة من القطاعين العام والخاص. تطوير القطاع عن طريق تقييم سنوي للجهات المرخصة """
"P","الخدمات الإدارية وخدمات الدعم","82","الأنشطة الإدارية للمكاتب ، وأنشطة الدعم للمكاتب وغير ذلك من أنشطة الدعم للأعمال","821","الأنشطة الإدارية وأنشطة الدعم للمكاتب","8211","أنشطة الخدمات الإدارية المتكاملة للمكاتب","821121","إدارة المتاجر المغلقة","إدارة مجمع متاجر مغلقة (سحابية) مثل ( المطاعم ومحلات البيع ) وتنظيم آلية العمل لاستلام وتوصيل الطلبات للعملاء."
"P","الخدمات الإدارية وخدمات الدعم","82","الأنشطة الإدارية للمكاتب ، وأنشطة الدعم للمكاتب وغير ذلك من أنشطة الدعم للأعمال","821","الأنشطة الإدارية وأنشطة الدعم للمكاتب","8219","تصوير المستندات وتحضير الوثائق وغيرها و أنشطة الدعم المتخصصة للمكاتب","821902","أنشطة النسخ والتصوير",
"P","الخدمات الإدارية وخدمات الدعم","82","الأنشطة الإدارية للمكاتب ، وأنشطة الدعم للمكاتب وغير ذلك من أنشطة الدعم للأعمال","821","الأنشطة الإدارية وأنشطة الدعم للمكاتب","8219","تصوير المستندات وتحضير الوثائق وغيرها و أنشطة الدعم المتخصصة للمكاتب","821903","أنشطة خدمات ما قبل الطباعة",
"P","الخدمات الإدارية وخدمات الدعم","82","الأنشطة الإدارية للمكاتب ، وأنشطة الدعم للمكاتب وغير ذلك من أنشطة الدعم للأعمال","823","تنظيم المؤتمرات والمعارض التجارية","8230","تنظيم المؤتمرات والمعارض التجارية","823001","تنظيم وإدارة المعارض والمؤتمرات","تنظيم وإدارة المعارض والمؤتمرات فيهدف إلى إقامة المعارض والمؤتمرات وما في حكمها."
"P","الخدمات الإدارية وخدمات الدعم","82","الأنشطة الإدارية للمكاتب ، وأنشطة الدعم للمكاتب وغير ذلك من أنشطة الدعم للأعمال","823","تنظيم المؤتمرات والمعارض التجارية","8230","تنظيم المؤتمرات والمعارض التجارية","823004","تنظيم وإدارة الحشود",
"P","الخدمات الإدارية وخدمات الدعم","82","الأنشطة الإدارية للمكاتب ، وأنشطة الدعم للمكاتب وغير ذلك من أنشطة الدعم للأعمال","823","تنظيم المؤتمرات والمعارض التجارية","8230","تنظيم المؤتمرات والمعارض التجارية","823006","تشغيل مراكز ومرافق المعارض والمؤتمرات","يهدف هذا النشاط إلى تشغيل مراكز المعارض والمؤتمرات وتسويقها عالمياً لإقامة المعارض والمؤتمرات فيها"
"P","الخدمات الإدارية وخدمات الدعم","82","الأنشطة الإدارية للمكاتب ، وأنشطة الدعم للمكاتب وغير ذلك من أنشطة الدعم للأعمال","823","تنظيم المؤتمرات والمعارض التجارية","8230","تنظيم المؤتمرات والمعارض التجارية","823007","إدارة المسابقات إلكترونياً","إدارة جميع أنواع المسابقات التجارية إلكترونياً، وايضاً عبر شبكات التواصل الاجتماعي، توفير جميع الأدوات المطلوبة لعمل المسابقات والعروض، من تطبيق، رابط، وخدمات تسجيل محلية،توفير التسجيل الآمن في المسابقة ومركزية السحب لجميع المسابقات، إعداد تقارير تفصيليه متكاملة بجميع مراحل المسابقة، وضمان تسليم الجوائز للفائزين."
"P","الخدمات الإدارية وخدمات الدعم","82","الأنشطة الإدارية للمكاتب ، وأنشطة الدعم للمكاتب وغير ذلك من أنشطة الدعم للأعمال","829","أنشطة خدمات الدعم للأعمال غير المصنّفة في موضع آخر","8291","أنشطة وكالات تحصيل المدفوعات ومكاتب الائتمان","829101","تحصيل الديون",
"P","الخدمات الإدارية وخدمات الدعم","82","الأنشطة الإدارية للمكاتب ، وأنشطة الدعم للمكاتب وغير ذلك من أنشطة الدعم للأعمال","829","أنشطة خدمات الدعم للأعمال غير المصنّفة في موضع آخر","8291","أنشطة وكالات تحصيل المدفوعات ومكاتب الائتمان","829102","المعلومات الائتمانية","شركات المعلومات الائتمانية التي يكون مقرها الرئيسي في المملكة وما لها من فروع في المملكة ويرخص لها بجمع المعلومات الائتمانية عن المستهلكين وحفظها، وتزويد الأعضاء بتلك المعلومات عند طلبها."
"P","الخدمات الإدارية وخدمات الدعم","82","الأنشطة الإدارية للمكاتب ، وأنشطة الدعم للمكاتب وغير ذلك من أنشطة الدعم للأعمال","829","أنشطة خدمات الدعم للأعمال غير المصنّفة في موضع آخر","8292","أنشطة التغليف والتعبئة","829201","أنشطة تغليف الأمتعة",
"P","الخدمات الإدارية وخدمات الدعم","82","الأنشطة الإدارية للمكاتب ، وأنشطة الدعم للمكاتب وغير ذلك من أنشطة الدعم للأعمال","829","أنشطة خدمات الدعم للأعمال غير المصنّفة في موضع آخر","8292","أنشطة التغليف والتعبئة","829202","أنشطة تغليف الأثاث",
"P","الخدمات الإدارية وخدمات الدعم","82","الأنشطة الإدارية للمكاتب ، وأنشطة الدعم للمكاتب وغير ذلك من أنشطة الدعم للأعمال","829","أنشطة خدمات الدعم للأعمال غير المصنّفة في موضع آخر","8292","أنشطة التغليف والتعبئة","829203","أنشطة تغليف الطرود والهدايا",
"P","الخدمات الإدارية وخدمات الدعم","82","الأنشطة الإدارية للمكاتب ، وأنشطة الدعم للمكاتب وغير ذلك من أنشطة الدعم للأعمال","829","أنشطة خدمات الدعم للأعمال غير المصنّفة في موضع آخر","8292","أنشطة التغليف والتعبئة","829204","التعبئة والتغليف للمواد الغذائية","القيام بعملية التعبئة والتغليف للمنتجات الغذائية داخل مستودعات الأغذية"
"P","الخدمات الإدارية وخدمات الدعم","82","الأنشطة الإدارية للمكاتب ، وأنشطة الدعم للمكاتب وغير ذلك من أنشطة الدعم للأعمال","829","أنشطة خدمات الدعم للأعمال غير المصنّفة في موضع آخر","8292","أنشطة التغليف والتعبئة","829206","تعبئة أعلاف الحيوانات في أكياس أو عبوات","هي عملية تعبئة لمنتج علفي واحد"
"P","الخدمات الإدارية وخدمات الدعم","82","الأنشطة الإدارية للمكاتب ، وأنشطة الدعم للمكاتب وغير ذلك من أنشطة الدعم للأعمال","829","أنشطة خدمات الدعم للأعمال غير المصنّفة في موضع آخر","8292","أنشطة التغليف والتعبئة","829208","التغليف الحراري للأجهزة الإلكترونية",
"P","الخدمات الإدارية وخدمات الدعم","82","الأنشطة الإدارية للمكاتب ، وأنشطة الدعم للمكاتب وغير ذلك من أنشطة الدعم للأعمال","829","أنشطة خدمات الدعم للأعمال غير المصنّفة في موضع آخر","8292","أنشطة التغليف والتعبئة","829213","التعبئة والتغليف للمواد الكيميائية ومواد التنظيف","المواقع التي يتم فيها تفريغ العبوات الكبيرة والتي ترد الى المستودعات بالبراميل وتعبئتنا في عبوات أصغر حجما وتغليفها ، للبيع للمستهلك مثل مواد التنظيف والغسيل والمواد الكيميائية المستخدمة في تطهير المنازل , ويتم ممارسة النشاط بمستودعات المواد الكيميائية ومواد التنظيف"
"P","الخدمات الإدارية وخدمات الدعم","82","الأنشطة الإدارية للمكاتب ، وأنشطة الدعم للمكاتب وغير ذلك من أنشطة الدعم للأعمال","829","أنشطة خدمات الدعم للأعمال غير المصنّفة في موضع آخر","8299","أنشطة خدمات الدعم الأخرى للأعمال غير المصنّفة في موضع آخر","829901","خدمات الترجمة وتشمل التدقيق اللغوي",
"P","الخدمات الإدارية وخدمات الدعم","82","الأنشطة الإدارية للمكاتب ، وأنشطة الدعم للمكاتب وغير ذلك من أنشطة الدعم للأعمال","829","أنشطة خدمات الدعم للأعمال غير المصنّفة في موضع آخر","8299","أنشطة خدمات الدعم الأخرى للأعمال غير المصنّفة في موضع آخر","829902","خدمات الكتبه العموميون",
"P","الخدمات الإدارية وخدمات الدعم","82","الأنشطة الإدارية للمكاتب ، وأنشطة الدعم للمكاتب وغير ذلك من أنشطة الدعم للأعمال","829","أنشطة خدمات الدعم للأعمال غير المصنّفة في موضع آخر","8299","أنشطة خدمات الدعم الأخرى للأعمال غير المصنّفة في موضع آخر","829903","أنشطة تعقيب المعاملات",
"P","الخدمات الإدارية وخدمات الدعم","82","الأنشطة الإدارية للمكاتب ، وأنشطة الدعم للمكاتب وغير ذلك من أنشطة الدعم للأعمال","829","أنشطة خدمات الدعم للأعمال غير المصنّفة في موضع آخر","8299","أنشطة خدمات الدعم الأخرى للأعمال غير المصنّفة في موضع آخر","829904","تسجيل علامات تجارية","هي المكاتب التي تقوم برفع طلبات تسجيل العلامات التجارية نيابة عن العميل، حيث يمنح ممارس النشاط حساب وكيل في البوابة الالكترونية الخاصة بتسجيل الطلبات تمكنه من رفع طلب التسجيل نيابة عن العميل"
"P","الخدمات الإدارية وخدمات الدعم","82","الأنشطة الإدارية للمكاتب ، وأنشطة الدعم للمكاتب وغير ذلك من أنشطة الدعم للأعمال","829","أنشطة خدمات الدعم للأعمال غير المصنّفة في موضع آخر","8299","أنشطة خدمات الدعم الأخرى للأعمال غير المصنّفة في موضع آخر","829905","خدمة حوادث المركبات","هو تقديم خدمات لقائد/ة المركبة في حال حصول حادث مروري يتم العمل نيابة عن مالك المركبة على إنهاء كافة الإجراءات من الجهات ذات العلاقة"
"G","الإدارة العامة والدفاع , الضمان الاجتماعي الالزامي","84","الإدارة العامة والدفاع ؛ والضمان الاجتماعي الإلزامي","841","إدارة شؤون الدولة والسياسة الاقتصادية والاجتماعية للمجتمع","8412","تنظيم أنشطة تقديم الرعاية الصحية والتعليم والخدمات الثقافية وغيرها من الخدمات الاجتماعية ، فيما عدا الضمان الاجتماعي","841211","طرح مشاريع المياه بجميع أنواعها وشراءها لغرض بيعها بالجملة","طرح مشاريع محطات المياه المحلاة والمنقاه والمعالجة وغير المعالجة وجميع أنواع المياه الأخرى ومشاريع الخزن الاستراتيجي للمياه ومشاريع خطوط نقل المياه ومشاريع السدود، وتوقيع وإدارة الاتفاقيات المرتبطة بذلك، وشراء جميع أنواع المياه وبيعها بالجملة، (ولا يشمل بيعها للمستهلك)"
"G","الإدارة العامة والدفاع , الضمان الاجتماعي الالزامي","84","الإدارة العامة والدفاع ؛ والضمان الاجتماعي الإلزامي","841","إدارة شؤون الدولة والسياسة الاقتصادية والاجتماعية للمجتمع","8413","تنظيم أنشطة قطاع الأعمال والمساهمة في تحسين عملياته","841311","إدارة الأنشطة والخدمات البلدية والاشراف عليها","الإشراف على الأنشطة والخدمات البلدية وإداراتها ومراقبتها، نيابة عن الأمانات والبلديات، مثل تحصيل رسوم الرخص البلدية ولوحات المحلات، إدارة عقود الاستثمار المبرمة بين البلدية والمستثمر للتأكد من وفاء المستثمر بالتزاماته التعاقدية، إدارة مراكز الخدمات البلدية الشاملة، الرقابة على المحلات ومرافق الايواء"
"G","الإدارة العامة والدفاع , الضمان الاجتماعي الالزامي","84","الإدارة العامة والدفاع ؛ والضمان الاجتماعي الإلزامي","842","تقديم الخدمات للمجتمع ككل","8423","أنشطة النظام العام والسلامة (الداخلية)","842311","تشغيل فرق الإطفاء والإنقاذ الخاصة",
"J","التعليم","85","التعليم","851","التعليم قبل الابتدائي والتعليم الابتدائي","8510","التعليم قبل الابتدائي والتعليم الابتدائي","851010","التعليم في مرحلة ما قبل المدرسة - رياض الأطفال بمنهج وطني",
"J","التعليم","85","التعليم","851","التعليم قبل الابتدائي والتعليم الابتدائي","8510","التعليم قبل الابتدائي والتعليم الابتدائي","851011","تشغيل المدارس المستقلة (تعليم رياض الأطفال) بمنهج وطني",
"J","التعليم","85","التعليم","851","التعليم قبل الابتدائي والتعليم الابتدائي","8510","التعليم قبل الابتدائي والتعليم الابتدائي","851012","التعليم في مرحلة ما قبل المدرسة - رياض الأطفال بمنهج عالمي",
"J","التعليم","85","التعليم","851","التعليم قبل الابتدائي والتعليم الابتدائي","8510","التعليم قبل الابتدائي والتعليم الابتدائي","851013","تشغيل المدارس المستقلة (تعليم رياض الأطفال) بمنهج عالمي",
"J","التعليم","85","التعليم","851","التعليم قبل الابتدائي والتعليم الابتدائي","8510","التعليم قبل الابتدائي والتعليم الابتدائي","851014","التعليم في مرحلة ما قبل المدرسة – رياض أطفال بمنهج وطني تحفيظ قرآن","تقديم التعليم الوطني الأساسي للطلاب والطالبات في مرحلة رياض الأطفال والاهتمام بالقرآن الكريم وتجويده كمادة أساسية في التعليم"
"J","التعليم","85","التعليم","851","التعليم قبل الابتدائي والتعليم الابتدائي","8510","التعليم قبل الابتدائي والتعليم الابتدائي","851015","التعليم في مرحلة ماقبل المدرسة - حضانات الأطفال","تقديم خدمة التعليم والمهارات الأساسية للأطفال من عمر شهر حتى ثلاث سنوات، ويشمل أنواعًا متعددة من الحضانات ملحقة بالمرافق التعليمية الحكومية، أوالخاصة، أومستقلة في مبانٍ خاصة؛ سواء داخل المنشآت التعليمية أو في أماكن العمل أو المواقع المجتمعية."
"J","التعليم","85","التعليم","851","التعليم قبل الابتدائي والتعليم الابتدائي","8510","التعليم قبل الابتدائي والتعليم الابتدائي","851021","التعليم الابتدائي للطلاب بمنهج وطني",
"J","التعليم","85","التعليم","851","التعليم قبل الابتدائي والتعليم الابتدائي","8510","التعليم قبل الابتدائي والتعليم الابتدائي","851022","التعليم الابتدائي للطالبات بمنهج وطني",
"J","التعليم","85","التعليم","851","التعليم قبل الابتدائي والتعليم الابتدائي","8510","التعليم قبل الابتدائي والتعليم الابتدائي","851023","التعليم الابتدائي المختلط، يشمل مدارس الجاليات","تقديم التعليم الأساسي لمنهج أجنبي في المرحلة الإبتدائية للجنسين (بنين-بنات)"
"J","التعليم","85","التعليم","851","التعليم قبل الابتدائي والتعليم الابتدائي","8510","التعليم قبل الابتدائي والتعليم الابتدائي","851024","تشغيل المدارس المستقلة (التعليم الابتدائي) بمنهج وطني",
"J","التعليم","85","التعليم","851","التعليم قبل الابتدائي والتعليم الابتدائي","8510","التعليم قبل الابتدائي والتعليم الابتدائي","851025","التعليم الابتدائي للطلاب بمنهج عالمي",
"J","التعليم","85","التعليم","851","التعليم قبل الابتدائي والتعليم الابتدائي","8510","التعليم قبل الابتدائي والتعليم الابتدائي","851026","التعليم الابتدائي للطالبات بمنهج عالمي",
"J","التعليم","85","التعليم","851","التعليم قبل الابتدائي والتعليم الابتدائي","8510","التعليم قبل الابتدائي والتعليم الابتدائي","851027","تشغيل المدارس المستقلة (التعليم الابتدائي) بمنهج عالمي",
"J","التعليم","85","التعليم","851","التعليم قبل الابتدائي والتعليم الابتدائي","8510","التعليم قبل الابتدائي والتعليم الابتدائي","851031","التعليم الابتدائي للطلاب ذوي الاحتياجات الخاصة بمنهج وطني",
"J","التعليم","85","التعليم","851","التعليم قبل الابتدائي والتعليم الابتدائي","8510","التعليم قبل الابتدائي والتعليم الابتدائي","851032","التعليم الابتدائي للطالبات ذوي الاحتياجات الخاصة بمنهج وطني",
"J","التعليم","85","التعليم","851","التعليم قبل الابتدائي والتعليم الابتدائي","8510","التعليم قبل الابتدائي والتعليم الابتدائي","851033","التعليم الابتدائي للطلاب ذوي الاحتياجات الخاصة بمنهج عالمي",
"J","التعليم","85","التعليم","851","التعليم قبل الابتدائي والتعليم الابتدائي","8510","التعليم قبل الابتدائي والتعليم الابتدائي","851034","التعليم الابتدائي للطالبات ذوي الاحتياجات الخاصة بمنهج عالمي",
"J","التعليم","85","التعليم","851","التعليم قبل الابتدائي والتعليم الابتدائي","8510","التعليم قبل الابتدائي والتعليم الابتدائي","851040","تقديم برامج محو الأمية للكبار",
"J","التعليم","85","التعليم","851","التعليم قبل الابتدائي والتعليم الابتدائي","8510","التعليم قبل الابتدائي والتعليم الابتدائي","851051","التعليم الابتدائي للطلاب بمنهج وطني تحفيظ قرآن","تقديم التعليم الوطني الأساسي للطلاب في المرحلة الابتدائية والاهتمام بالقرآن الكريم وتجويده كمادة أساسية في التعليم"
"J","التعليم","85","التعليم","851","التعليم قبل الابتدائي والتعليم الابتدائي","8510","التعليم قبل الابتدائي والتعليم الابتدائي","851052","التعليم الابتدائي للطالبات بمنهج وطني تحفيظ قرآن","تقديم التعليم الوطني الأساسي للطالبات في المرحلة الابتدائية والاهتمام بالقرآن الكريم وتجويده كمادة أساسية في التعليم"
"J","التعليم","85","التعليم","851","التعليم قبل الابتدائي والتعليم الابتدائي","8510","التعليم قبل الابتدائي والتعليم الابتدائي","851061","المجمعات التعليمية لمرحلة رياض الأطفال والابتدائية","تقديم التعليم الوطني الأساسي للطلاب والطالبات في مرحلة رياض الأطفال والمرحلة الابتدائية"
"J","التعليم","85","التعليم","852","التعليم الثانوي","8521","التعليم الثانوي العام","852111","التعليم الثانوي للطلاب بمنهج وطني",
"J","التعليم","85","التعليم","852","التعليم الثانوي","8521","التعليم الثانوي العام","852112","التعليم الثانوي للطالبات بمنهج وطني",
"J","التعليم","85","التعليم","852","التعليم الثانوي","8521","التعليم الثانوي العام","852113","التعليم الثانوي المختلط ،يشمل مدارس الجاليات","تقديم التعليم الأساسي لمنهج أجنبي في المرحلة الثانوي للجنسين (بنين-بنات)"
"J","التعليم","85","التعليم","852","التعليم الثانوي","8521","التعليم الثانوي العام","852114","التعليم المتوسط للطلاب بمنهج وطني",
"J","التعليم","85","التعليم","852","التعليم الثانوي","8521","التعليم الثانوي العام","852115","التعليم المتوسط للطالبات بمنهج وطني",
"J","التعليم","85","التعليم","852","التعليم الثانوي","8521","التعليم الثانوي العام","852116","التعليم المتوسط المختلط، يشمل مدارس الجاليات","تقديم التعليم الأساسي لمنهج أجنبي في المرحلة المتوسط للجنسين (بنين-بنات)"
"J","التعليم","85","التعليم","852","التعليم الثانوي","8521","التعليم الثانوي العام","852117","تشغيل المدارس المستقلة (التعليم المتوسط) بمنهج وطني",
"J","التعليم","85","التعليم","852","التعليم الثانوي","8521","التعليم الثانوي العام","852118","تشغيل المدارس المستقلة (التعليم الثانوي) بمنهج وطني",
"J","التعليم","85","التعليم","852","التعليم الثانوي","8521","التعليم الثانوي العام","852121","التعليم الثانوي للطلاب ذوي الاحتياجات الخاصة بمنهج وطني",
"J","التعليم","85","التعليم","852","التعليم الثانوي","8521","التعليم الثانوي العام","852122","التعليم الثانوي للطالبات ذوي الاحتياجات الخاصة بمنهج وطني",
"J","التعليم","85","التعليم","852","التعليم الثانوي","8521","التعليم الثانوي العام","852123","التعليم المتوسط للطلاب ذوي الاحتياجات الخاصة بمنهج وطني",
"J","التعليم","85","التعليم","852","التعليم الثانوي","8521","التعليم الثانوي العام","852124","التعليم المتوسط للطالبات ذوي الاحتياجات الخاصة بمنهج وطني",
"J","التعليم","85","التعليم","852","التعليم الثانوي","8521","التعليم الثانوي العام","852125","التعليم الثانوي للطلاب ذوي الاحتياجات الخاصة بمنهج عالمي",
"J","التعليم","85","التعليم","852","التعليم الثانوي","8521","التعليم الثانوي العام","852126","التعليم الثانوي للطالبات ذوي الاحتياجات الخاصة بمنهج عالمي",
"J","التعليم","85","التعليم","852","التعليم الثانوي","8521","التعليم الثانوي العام","852127","التعليم المتوسط للطلاب ذوي الاحتياجات الخاصة بمنهج عالمي",
"J","التعليم","85","التعليم","852","التعليم الثانوي","8521","التعليم الثانوي العام","852128","التعليم المتوسط للطالبات ذوي الاحتياجات الخاصة بمنهج عالمي",
"J","التعليم","85","التعليم","852","التعليم الثانوي","8521","التعليم الثانوي العام","852131","التعليم المتوسط للطلاب بمنهج عالمي",
"J","التعليم","85","التعليم","852","التعليم الثانوي","8521","التعليم الثانوي العام","852132","التعليم المتوسط للطالبات بمنهج عالمي",
"J","التعليم","85","التعليم","852","التعليم الثانوي","8521","التعليم الثانوي العام","852133","التعليم الثانوي للطلاب بمنهج عالمي",
"J","التعليم","85","التعليم","852","التعليم الثانوي","8521","التعليم الثانوي العام","852134","التعليم الثانوي للطالبات بمنهج عالمي",
"J","التعليم","85","التعليم","852","التعليم الثانوي","8521","التعليم الثانوي العام","852135","تشغيل المدارس المستقلة (التعليم المتوسط) بمنهج عالمي",
"J","التعليم","85","التعليم","852","التعليم الثانوي","8521","التعليم الثانوي العام","852136","تشغيل المدارس المستقلة (التعليم الثانوي) بمنهج عالمي",
"J","التعليم","85","التعليم","852","التعليم الثانوي","8521","التعليم الثانوي العام","852141","التعليم المتوسط للطلاب بمنهج وطني تحفيظ قرآن","تقديم التعليم الوطني الأساسي للطلاب في المرحلة المتوسطة والاهتمام بالقرآن الكريم وتجويده كمادة أساسية في التعليم"
"J","التعليم","85","التعليم","852","التعليم الثانوي","8521","التعليم الثانوي العام","852142","التعليم المتوسط للطالبات بمنهج وطني تحفيظ قرآن","تقديم التعليم الوطني الأساسي للطالبات في المرحلة المتوسطة والاهتمام بالقرآن الكريم وتجويده كمادة أساسية في التعليم"
"J","التعليم","85","التعليم","852","التعليم الثانوي","8521","التعليم الثانوي العام","852143","التعليم الثانوي للطلاب بمنهج وطني تحفيظ قرآن","تقديم التعليم الوطني الأساسي للطلاب في المرحلة الثانوية والاهتمام بالقرآن الكريم وتجويده كمادة أساسية في التعليم"
"J","التعليم","85","التعليم","852","التعليم الثانوي","8521","التعليم الثانوي العام","852144","التعليم الثانوي للطالبات بمنهج وطني تحفيظ قرآن","تقديم التعليم الوطني الأساسي للطالبات في المرحلة الثانوية والاهتمام بالقرآن الكريم وتجويده كمادة أساسية في التعليم"
"J","التعليم","85","التعليم","852","التعليم الثانوي","8521","التعليم الثانوي العام","852151","المجمعات التعليمية لمرحلة المتوسط والثانوي","تقديم التعليم الوطني الأساسي للطلاب والطالبات في المرحلة المتوسطة والثانوية"
"J","التعليم","85","التعليم","852","التعليم الثانوي","8522","التعليم الثانوي الفني والمهني","852222","مدارس تعليم قيادة السيارات للسائقين المحترفين (شاحنات وحافلات وغيرها)",
"J","التعليم","85","التعليم","853","التعليم العالي","8530","التعليم العالي","853011","الكليات والمعاهد الجامعية","ويشمل معهد الأمير سعود الفيصل للدراسات الدبلوماسية"
"J","التعليم","85","التعليم","853","التعليم العالي","8530","التعليم العالي","853033","الجامعات الأهلية غير الربحية",
"J","التعليم","85","التعليم","853","التعليم العالي","8530","التعليم العالي","853040","معاهد التدريب العالي","هي معاهد التدريب التي تقدم الدبلومات التدريبية والبرامج التأهيلية ،والدورات التأهيلية ، والدورات التطويرية."
"J","التعليم","85","التعليم","854","أنواع التعليم الأخرى","8541","التعليم في مجال الرياضة والترفية","854101","الاكاديميات الرياضية","الأكاديميات الرياضية هي منشآت رياضية متخصصة في اكتشاف وصقل المواهب الرياضية في سن مبكرة ."
"J","التعليم","85","التعليم","854","أنواع التعليم الأخرى","8541","التعليم في مجال الرياضة والترفية","854102","تعليم الجمباز",
"J","التعليم","85","التعليم","854","أنواع التعليم الأخرى","8541","التعليم في مجال الرياضة والترفية","854103","تعليم ركوب الخيل في المدارس أو الأكاديميات",
"J","التعليم","85","التعليم","854","أنواع التعليم الأخرى","8541","التعليم في مجال الرياضة والترفية","854104","تعليم السباحة",
"J","التعليم","85","التعليم","854","أنواع التعليم الأخرى","8541","التعليم في مجال الرياضة والترفية","854105","تعليم الفنون القتالية",
"J","التعليم","85","التعليم","854","أنواع التعليم الأخرى","8541","التعليم في مجال الرياضة والترفية","854106","تعليم اليوغا",
"J","التعليم","85","التعليم","854","أنواع التعليم الأخرى","8549","أنواع التعليم الأخرى غير المصنّفة في موضع آخر","854910","معاهد تعليم اللغات ومهارات المحادثة","الترخيص لمعاهد اللغات الأجنبية بمزاولة التدريب على اللغات الأجنبية في السعودية"
"J","التعليم","85","التعليم","854","أنواع التعليم الأخرى","8549","أنواع التعليم الأخرى غير المصنّفة في موضع آخر","854930","مدارس تعليم قيادة السيارات ( للسائقين الغير محترفين )",
"J","التعليم","85","التعليم","854","أنواع التعليم الأخرى","8549","أنواع التعليم الأخرى غير المصنّفة في موضع آخر","854952","معاهد التدريب","وهي التي تقدم جميع برامج التدريب من الدورات القصيرة ذات اليوم الواحد إلى الدورات التأهيلية التي لا تتجاوز السنة ويعتمد مؤهل الدخول على طبيعة وشروط البرنامج التدريبي."
"J","التعليم","85","التعليم","854","أنواع التعليم الأخرى","8549","أنواع التعليم الأخرى غير المصنّفة في موضع آخر","854954","مراكز التدريب","وهي التي تقدم الدورات التدريبية القصيرة ذات اليوم الواحد إلى شهر فأقل ولا يزيد عدد ساعات التدريب عن 60 ساعة"
"J","التعليم","85","التعليم","854","أنواع التعليم الأخرى","8549","أنواع التعليم الأخرى غير المصنّفة في موضع آخر","854955","التدريب الإلكتروني","يشمل نشاط التدريب الإلكتروني بكافة أنماطه (التدريب المدمج، والتدريب عن بعد، والمعزز بالتقنية) العمليات الرئيسية أو الداعمة، التي تحقق تأهيل وتدريب الكادر البشري داخل المنظمة نفسها أو لجمهورها المستهدف، وذلك من خلال تقنيات التدريب والاتصالات وتقنية المعلومات، كما يتضمن التدريب الإلكتروني تصميم وتطوير وتقديم المحتوى للتدريب الإلكتروني وتطوير أدواته التقنية، وضبط جودته، وعمليات قياس أثره، وتقديم الدعم الفني له."
"J","التعليم","85","التعليم","854","أنواع التعليم الأخرى","8549","أنواع التعليم الأخرى غير المصنّفة في موضع آخر","854956","أنشطة مراكز التدريب الصحي الأهلية","تقديم دورات وبرامج تدريبية تطويرية في المجال الصحي، وأنشطة وبرامج التطوير المهني المستمر للمارسين الصحيين"
"J","التعليم","85","التعليم","854","أنواع التعليم الأخرى","8549","أنواع التعليم الأخرى غير المصنّفة في موضع آخر","854958","تثقيف واختبار العاملين في منشآت الغذاء والصحة العامة","تثقيف العاملين للالتزام بالاشتراطات والممارسات الصحية في منشآت الغذاء والصحة العامة وإجراء الاختبار لهم ولا يشمل التدريب"
"J","التعليم","85","التعليم","854","أنواع التعليم الأخرى","8549","أنواع التعليم الأخرى غير المصنّفة في موضع آخر","854960","معاهد تعليم اللغة العربية لغير الناطقين بها","تقديم برامج تعليمية متخصصة في اللغة العربية موجهة لغير الناطقين بها، بهدف تطوير مهاراتهم في القراءة، والكتابة، والاستماع، والمحادثة"
"J","التعليم","85","التعليم","854","أنواع التعليم الأخرى","8549","أنواع التعليم الأخرى غير المصنّفة في موضع آخر",854970,"معاهد تعليم الخط العربي","تقديم برامج تعليمية متخصصة تهدف إلى تنمية مهارات المتعلمين في كتابة الحروف والكلمات باستخدام الأساليب والقواعد الفنية للخط العربي، وتغطي أنواعًا مختلفة من الخطوط مثل النسخ، الرقعة، الثلث، الديواني، والكوفي"
"J","التعليم","85","التعليم","854","أنواع التعليم الأخرى","8549","أنواع التعليم الأخرى غير المصنّفة في موضع آخر","854983","مدارس مراقبة الحركة الجوية","مزاولة نشاط لمدارس مراقبة الحركة الجوية بغرض التدريب وتأهيل المتدربين وإعطائهم الدروس والدورات التدريبية اللازمة في إدارة الحركة الجوية والتي من خلالها يتم تنظيم حركة الطائرات."
"J","التعليم","85","التعليم","854","أنواع التعليم الأخرى","8549","أنواع التعليم الأخرى غير المصنّفة في موضع آخر","854984","مدارس الفنيين لصيانة الطائرات","مزاولة نشاط لمدارس فنيين صيانة الطيران بغرض التدريب وتأهيل المتدربين وإعطائهم الدروس والدورات التدريبية اللازمة لذلك في العناية بالطائرة (إصلاحها أو فحصها وأجراء تعديلات عليها)."
"J","التعليم","85","التعليم","854","أنواع التعليم الأخرى","8549","أنواع التعليم الأخرى غير المصنّفة في موضع آخر","854985","خدمات التدريب المتخصصة بمجالات الفضاء","تقديم البرامج التدريبية المتخصصة بالفضاء من قبل الجهات غير الحكومية"
"J","التعليم","85","التعليم","854","أنواع التعليم الأخرى","8549","أنواع التعليم الأخرى غير المصنّفة في موضع آخر","854986","معاهد التدريب الرياضي","تقديم برامج تدريبية وتطويرية في القطاع الرياضي"
"J","التعليم","85","التعليم","854","أنواع التعليم الأخرى","8549","أنواع التعليم الأخرى غير المصنّفة في موضع آخر","854991","مدارس تعليم الطيران","مزاولة نشاط لمدارس تعليم الطيران بغرض التدريب وتأهيل المتدربين وإعطائهم الدروس والدورات التدريبية اللازمة لذلك."
"J","التعليم","85","التعليم","854","أنواع التعليم الأخرى","8549","أنواع التعليم الأخرى غير المصنّفة في موضع آخر","854993","خدمات الإرشاد الأكاديمي",
"J","التعليم","85","التعليم","854","أنواع التعليم الأخرى","8549","أنواع التعليم الأخرى غير المصنّفة في موضع آخر","854996","معاهد تدريب مهندسي الطيران وأعضاء طاقم كبينة الطائرة والترحيل الجوي المدني","مزاولة نشاط لمعاهد خاصة لتدريب مهندسي الطيران، أعضاء طاقم الطائرة، ومراسلات الطائرات بغرض التدريب وتأهيل المتدربين وإعطائهم الدروس والدورات التدريبية اللازمة لذلك"
"J","التعليم","85","التعليم","854","أنواع التعليم الأخرى","8549","أنواع التعليم الأخرى غير المصنّفة في موضع آخر","854997","التدريب في مجال البيئة والأرصاد",
"J","التعليم","85","التعليم","854","أنواع التعليم الأخرى","8549","أنواع التعليم الأخرى غير المصنّفة في موضع آخر","854998","التدريب في مجال الطائرات بدون طيار","تقديم برامج تدريب للهواة والمحترفين على التشغيل والسلامة والصيانة وغيرها في مجال الطائرات بدون طيار."
"J","التعليم","85","التعليم","855","أنشطة دعم التعليم","8550","أنشطة دعم التعليم","855001","أنشطة الاستشارات التعليمية والتربوية",
"J","التعليم","85","التعليم","855","أنشطة دعم التعليم","8550","أنشطة دعم التعليم","855004","مراكز الإشراف والتدريب التربوي الأهلي",
"J","التعليم","85","التعليم","855","أنشطة دعم التعليم","8550","أنشطة دعم التعليم","855011","تقديم خدمات التقويم و الاعتماد المدرسي في المملكة","تنظيم عمل جهات الاعتماد المدرسي - الأجنبية ( الربحية - غير الربحية ) - الممارسة لعمليات التقويم والاعتماد المدرسي في المملكة، وإتاحــة الاستفادة مـن خدمـات الاعتماد المقدمة مـن الهيئـات الأجنبية الدوليـة المتميـزة، ومتابعة أعمال جهات الاعتماد المدرسي الأجنبية خلال فترة الترخيص لضمان جودة اعمال التقويم والاعتماد المدرسي المقدمة للمؤسسات التعليمية، والوقوف على أي ممارسات مخالفة لشروط الترخيص وتواجدهم في المملكة"
"K","أنشطة صحة الانسان والعمل الاجتماعي","86","الصحة البشرية","861","المستشفيات","8610","المستشفيات","861011","المستشفيات","كل مكان معد لاستقبال المرضى والكشف عليهم وعلاجهم وتنويمهم."
"K","أنشطة صحة الانسان والعمل الاجتماعي","86","الصحة البشرية","861","المستشفيات","8610","المستشفيات","861044"," مستشفيات الرعاية الطبية الممتدة والنقاهة","مجموعة متنوعة من الخدمات مصممة لتلبية الاحتياجات الطبية وغير الطبية للأشخاص الذين يعانون من أمراض مزمنة أو إعاقة ولا يستطيعون رعاية أنفسهم لفترات طويلة. وتساعد هذه الخدمات المرضى في تلبية احتياجاتهم للعيش بشكل مستقل وآمن قدر المستطاع عندما لا يستطيعون تنفيذ الأنشطة اليومية بمفردهم"
"K","أنشطة صحة الانسان والعمل الاجتماعي","86","الصحة البشرية","861","المستشفيات","8610","المستشفيات","861045","مستشفيات علاج المدمنين وتأهيلهم","تقديم خدمات الكشف والتشخيص والعلاج لحالات مرض الإدمان وتنويمهم مع تامين جميع الخدمات الطبية الأخرى"
"K","أنشطة صحة الانسان والعمل الاجتماعي","86","الصحة البشرية","861","المستشفيات","8610","المستشفيات","861046","التشغيل الطبي للمستشفيات","إدارة أو تشغيل المستشفيات بواسطة مشغل الرعاية الصحية والتي هي اما شركة تشغيل طبي أو مؤسسة صحية خاصة"
"K","أنشطة صحة الانسان والعمل الاجتماعي","86","الصحة البشرية","862","أنشطة العيادات الطبية وعيادات الأسنان","8620","أنشطة العيادات الطبية وعيادات الأسنان","862040","المجمعات الطبية المتخصصة","مجمع لعيادات في تخصص طبي واحد أو أكثر وفروعه الدقيقة."
"K","أنشطة صحة الانسان والعمل الاجتماعي","86","الصحة البشرية","862","أنشطة العيادات الطبية وعيادات الأسنان","8620","أنشطة العيادات الطبية وعيادات الأسنان","862050","مراكز جراحة اليوم الواحد","مؤسسة صحية مرخص لها بإدخال المرضى لعمل إجراء طبي مثل: بعض العمليات الصغيرة والمتوسطة على أن يخرج المريض منها في اليوم نفسه وفقاً لما تحدده اللائحة التنفيذية."
"K","أنشطة صحة الانسان والعمل الاجتماعي","86","الصحة البشرية","862","أنشطة العيادات الطبية وعيادات الأسنان","8620","أنشطة العيادات الطبية وعيادات الأسنان","862063","المجمعات الطبية العامة","كل مكان معد لاستقبال المرضى والكشف عليهم وعلاجهم وتوجد فيه ثلاثة تخصصات طبية مختلفة على الأقل، أحدها من التخصصات الأساسية (الجراحة ــ الأمراض الباطنية ــ النساء والولادة ــ الأطفال ــ طب الأسرة)."
"K","أنشطة صحة الانسان والعمل الاجتماعي","86","الصحة البشرية","862","أنشطة العيادات الطبية وعيادات الأسنان","8620","أنشطة العيادات الطبية وعيادات الأسنان","862064","العيادات الطبية","كل مكان معد لاستقبال المرضى والكشف عليهم وعلاجهم."
"K","أنشطة صحة الانسان والعمل الاجتماعي","86","الصحة البشرية","862","أنشطة العيادات الطبية وعيادات الأسنان","8620","أنشطة العيادات الطبية وعيادات الأسنان","862066","مراكز الرعاية الطبية الحرجة","تقديم العناية الطبية الطارئة للمريض بطريقة فعالة ومن ثم نقلة للمستشفى."
"K","أنشطة صحة الانسان والعمل الاجتماعي","86","الصحة البشرية","862","أنشطة العيادات الطبية وعيادات الأسنان","8620","أنشطة العيادات الطبية وعيادات الأسنان","862067","مراكز مساحات العمل الصحية المشتركة","هو المكان المعد لتقديم الأنشطة الصحية المختلفة عن طريق تأجير مساحات العمل الصحية (العيادت) لممارسين صحيين سعوديين سواء كانو أطباء أو أخصائيين من غير الأطباء"
"K","أنشطة صحة الانسان والعمل الاجتماعي","86","الصحة البشرية","862","أنشطة العيادات الطبية وعيادات الأسنان","8620","أنشطة العيادات الطبية وعيادات الأسنان","862068","مراكز الاخصاب والأجنة وعلاج العقم","هي المراكز التي تقوم بعمليات الإخصاب والأجنة وعلاج العقم"
"K","أنشطة صحة الانسان والعمل الاجتماعي","86","الصحة البشرية","862","أنشطة العيادات الطبية وعيادات الأسنان","8620","أنشطة العيادات الطبية وعيادات الأسنان","862091","التشغيل الطبي للمجمعات الطبية ومراكز جراحة اليوم الواحد","إدارة أو تشغيل المجمعات الطبية أو مراكز جراحة اليوم الواحد بواسطة مشغل الرعاية الصحية والتي هي اما شركة تشغيل طبي أو مؤسسة صحية خاصة"
"K","أنشطة صحة الانسان والعمل الاجتماعي","86","الصحة البشرية","869","الصحة البشرية الأخرى","8690","الصحة البشرية الأخرى","869011","مراكز الأشعة","المكان المعد لإجراء التصاوير التشخيصية الطبية أو العلاج بالأشعة."
"K","أنشطة صحة الانسان والعمل الاجتماعي","86","الصحة البشرية","869","الصحة البشرية الأخرى","8690","الصحة البشرية الأخرى","869012","مراكز تجميع البلازما","مركز خدمة طبية مساندة يقوم بتجميع بلازما الدم لغرض تصنيع مشتقات البلازما عن طريق أجهزة طبية مخصصة لهذا الغرض."
"K","أنشطة صحة الانسان والعمل الاجتماعي","86","الصحة البشرية","869","الصحة البشرية الأخرى","8690","الصحة البشرية الأخرى","869014","مراكز خدمات النقل الاسعافي","الوحدة التي تقوم بالنقل الإسعافي وتقديم الخدمات الإسعافية للمريض أو المصاب قبل وصوله إلى المستشفى"
"K","أنشطة صحة الانسان والعمل الاجتماعي","86","الصحة البشرية","869","الصحة البشرية الأخرى","8690","الصحة البشرية الأخرى","869015","المختبرات الطبية","المكان المعد لإجراء الفحوصات المخبرية."
"K","أنشطة صحة الانسان والعمل الاجتماعي","86","الصحة البشرية","869","الصحة البشرية الأخرى","8690","الصحة البشرية الأخرى","869016","مجمعات الطب البديل والتكميلي","مؤسسات صحية لعلاج المرضى بأسلوب الطب البديل وبأكثر من ممارسة و ما يتعلق بها مثل: االوخز الابري، الحجامة، تقويم العمود الفقري ، تقويم العظام، العلاج بالاعشاب، المعالجة الطبيعية.وما يتم اعتماده من قبل المركز الوطني لاي ممارسة جديدة."
"K","أنشطة صحة الانسان والعمل الاجتماعي","86","الصحة البشرية","869","الصحة البشرية الأخرى","8690","الصحة البشرية الأخرى","869017","مراكز الطب البديل والتكميلي","مؤسسات صحية لعلاج المرضى بأسلوب الطب البديل وبممارسة واحدة فقط و ما يتعلق بها ويتكون من اكثر من غرفة علاج مثل : الوخز الابري، الحجامة، تقويم العمود الفقري ، تقويم العظام، العلاج بالاعشاب، المعالجة الطبيعية.وما يتم اعتماده من قبل المركز الوطني لاي ممارسة جديدة."
"K","أنشطة صحة الانسان والعمل الاجتماعي","86","الصحة البشرية","869","الصحة البشرية الأخرى","8690","الصحة البشرية الأخرى","869021","مراكز التأهيل الطبي",
"K","أنشطة صحة الانسان والعمل الاجتماعي","86","الصحة البشرية","869","الصحة البشرية الأخرى","8690","الصحة البشرية الأخرى","869022","مراكز علاج النطق والتخاطب والبلع",
"K","أنشطة صحة الانسان والعمل الاجتماعي","86","الصحة البشرية","869","الصحة البشرية الأخرى","8690","الصحة البشرية الأخرى","869023","مراكز الغسيل الكلوي",
"K","أنشطة صحة الانسان والعمل الاجتماعي","86","الصحة البشرية","869","الصحة البشرية الأخرى","8690","الصحة البشرية الأخرى","869024","مراكز العناية بالقدم والكاحل",
"K","أنشطة صحة الانسان والعمل الاجتماعي","86","الصحة البشرية","869","الصحة البشرية الأخرى","8690","الصحة البشرية الأخرى","869025","مراكز الأطراف الاصطناعية والأجهزة التقويمية",
"K","أنشطة صحة الانسان والعمل الاجتماعي","86","الصحة البشرية","869","الصحة البشرية الأخرى","8690","الصحة البشرية الأخرى","869026","مراكز التغذية",
"K","أنشطة صحة الانسان والعمل الاجتماعي","86","الصحة البشرية","869","الصحة البشرية الأخرى","8690","الصحة البشرية الأخرى","869027","مراكز الخدمات الطبية المنزلية",
"K","أنشطة صحة الانسان والعمل الاجتماعي","86","الصحة البشرية","869","الصحة البشرية الأخرى","8690","الصحة البشرية الأخرى","869028","العيادات الطبية المتنقلة",
"K","أنشطة صحة الانسان والعمل الاجتماعي","86","الصحة البشرية","869","الصحة البشرية الأخرى","8690","الصحة البشرية الأخرى","869031","مراكز العلاج الوظيفي",
"K","أنشطة صحة الانسان والعمل الاجتماعي","86","الصحة البشرية","869","الصحة البشرية الأخرى","8690","الصحة البشرية الأخرى","869032","مراكز العلاج الطبيعي",
"K","أنشطة صحة الانسان والعمل الاجتماعي","86","الصحة البشرية","869","الصحة البشرية الأخرى","8690","الصحة البشرية الأخرى","869033","مراكز الرعاية الطبية العاجلة",
"K","أنشطة صحة الانسان والعمل الاجتماعي","86","الصحة البشرية","869","الصحة البشرية الأخرى","8690","الصحة البشرية الأخرى","869034","مراكز تلطيف الألم",
"K","أنشطة صحة الانسان والعمل الاجتماعي","86","الصحة البشرية","869","الصحة البشرية الأخرى","8690","الصحة البشرية الأخرى","869035","مراكز علاج السمع",
"K","أنشطة صحة الانسان والعمل الاجتماعي","86","الصحة البشرية","869","الصحة البشرية الأخرى","8690","الصحة البشرية الأخرى","869037","مراكز الرعاية عن بعد والطب الإتصالي",
"K","أنشطة صحة الانسان والعمل الاجتماعي","86","الصحة البشرية","869","الصحة البشرية الأخرى","8690","الصحة البشرية الأخرى","869038","مراكز العين الصناعية","هو المكان الذي يقوم بتصنيع وتركيب العين الصناعية للمرضى الذين يعانون من فقدان أو تشوه شديد في العين."
"K","أنشطة صحة الانسان والعمل الاجتماعي","86","الصحة البشرية","869","الصحة البشرية الأخرى","8690","الصحة البشرية الأخرى","869052","مراكز الأشعة الاتصالية","قراءة صور الاشعة التشخيصية وإعداد تقارير فحوص الاشعة التشخيصية عن بعد."
"K","أنشطة صحة الانسان والعمل الاجتماعي","86","الصحة البشرية","869","الصحة البشرية الأخرى","8690","الصحة البشرية الأخرى","869053","التشغيل الطبي للمختبرات الطبية ومراكز الاشعة والخدمات الطبية المساندة","إدارة أو تشغيل المختبرات الطبية او مراكز الاشعة اوالخدمات الطبية المساندة والتي هي اما شركة تشغيل طبي أو مؤسسة صحية خاصة"
"K","أنشطة صحة الانسان والعمل الاجتماعي","86","الصحة البشرية","869","الصحة البشرية الأخرى","8690","الصحة البشرية الأخرى","869054","عيادات الطب البديل والتكميلي","عبارة عن من غرف علاج سريرية لعلاج المرضى بأسلوب الطب البديل وبممارسة واحدة فقط و ما يتعلق بها مثل: االوخز الابري، الحجامة، تقويم العمود الفقري ، تقويم العظام، العلاج بالاعشاب، المعالجة الطبيعية وما يتم اعتماده من قبل المركز الوطني لاي ممارسة جديدة."
"K","أنشطة صحة الانسان والعمل الاجتماعي","86","الصحة البشرية","869","الصحة البشرية الأخرى","8690","الصحة البشرية الأخرى","869055","مراكز جمع العينات","هي المراكز التي تقوم بتجميع العينات الحيوية والمخبرية ونقلها لمختبرات معتمده ومرخصة من وزارة الصحة لغرض اجراء التحاليل المخبرية."
"K","أنشطة صحة الانسان والعمل الاجتماعي","86","الصحة البشرية","869","الصحة البشرية الأخرى","8690","الصحة البشرية الأخرى","869056","مراكز المحاليل الوريدية","هو المكان الذي يقدم خدمة حقن الأدوية بالوريد للمرضى المصابين بأمراض مزمنة أو غيرها من الامراض والتي تتطلب اخذ ادوية بالوريد، ويهدف المركز إلى تخفف عب الانتظار في المستشفيات وغيرها من المؤسسات الصحية لأجل الحصول على هذه الخدمة بالإضافة إلى أنها تقلل مصادر انتقال العدوى."
"K","أنشطة صحة الانسان والعمل الاجتماعي","87","الرعاية مع الإقامة","872","أنشطة الرعاية مع الإقامة للمتخلفين عقليا والمرضى النفسانيين والمدمنين","8720","أنشطة الرعاية مع الإقامة للمتخلفين عقليا والمرضى النفسانيين والمدمنين","872010","مراكز تأهيل المدمنين","وهي المراكز التي توفر خدمات تأهيلية وإرشادية لمرضى الإدمان متعارف عليها طبياً وفق برامج محددة بعد مرحلة سحب السموم والعلاج."
"K","أنشطة صحة الانسان والعمل الاجتماعي","87","الرعاية مع الإقامة","872","أنشطة الرعاية مع الإقامة للمتخلفين عقليا والمرضى النفسانيين والمدمنين","8720","أنشطة الرعاية مع الإقامة للمتخلفين عقليا والمرضى النفسانيين والمدمنين","872020","دور التربية الفكرية ومراكز رعاية الأمراض العقلية",
"K","أنشطة صحة الانسان والعمل الاجتماعي","87","الرعاية مع الإقامة","872","أنشطة الرعاية مع الإقامة للمتخلفين عقليا والمرضى النفسانيين والمدمنين","8720","أنشطة الرعاية مع الإقامة للمتخلفين عقليا والمرضى النفسانيين والمدمنين","872030","مراكز العلاج والتأهيل النفسي",
"K","أنشطة صحة الانسان والعمل الاجتماعي","87","الرعاية مع الإقامة","872","أنشطة الرعاية مع الإقامة للمتخلفين عقليا والمرضى النفسانيين والمدمنين","8720","أنشطة الرعاية مع الإقامة للمتخلفين عقليا والمرضى النفسانيين والمدمنين","872041","مراكز علاج المدمنين وتاهيلهم","تقديم خدمات الكشف والتشخيص والعلاج لحالات مرض الإدمان فقط وتنويمهم وتاهيلهم خلال فترة العلاج"
"K","أنشطة صحة الانسان والعمل الاجتماعي","87","الرعاية مع الإقامة","873","أنشطة تقديم الرعاية مع الإقامة لكبار السن والأشخاص ذوي الإعاقة","8730","أنشطة تقديم الرعاية مع الإقامة لكبار السن والأشخاص ذوي الإعاقة","873010","مراكز كبار السن الأهلية الإيوائية","تقديم الرعاية لكبار السن (ذكور ، إناث ) من خلال الاستضافة مع الإقامة وذلك بتقديم برامج الرعاية الاجتماعية الشاملة والأنشطة المتنوعة التي تساهم في تلبية احتياجات المستفيدين المختلفة بما يتناسب مع الخصائص العمرية لهذه المرحلة مع القليل من الرعاية التمريضية."
"K","أنشطة صحة الانسان والعمل الاجتماعي","87","الرعاية مع الإقامة","873","أنشطة تقديم الرعاية مع الإقامة لكبار السن والأشخاص ذوي الإعاقة","8730","أنشطة تقديم الرعاية مع الإقامة لكبار السن والأشخاص ذوي الإعاقة","873020","دور الرعاية مع الإقامة للأشخاص ذوي الإعاقة","مراكز متخصصة لرعاية الأشخاص ذوي الاعاقة تقدم خدمات الإيواء الشامل لفترات زمنية طويلة، تقدم لهم برامج و أنشطة تدريبية وتأهيلية وبعض الخدمات الصحية الضرورية، وتعود ملكيتها لجهة طبيعية او الجهات الاعتبارية من الجمعيات والمؤسسات الأهلية وغيرها من القطاع غير الربحي والقطاع الخاص"
"K","أنشطة صحة الانسان والعمل الاجتماعي","88","أنشطة العمل الاجتماعي، دون إقامة","881","أنشطة العمل الاجتماعي، دون إقامة، لكبار السن وذوي الإعاقة","8810","أنشطة العمل الاجتماعي، دون إقامة، لكبار السن وذوي الإعاقة","881011","أنشطة زيارة كبار السن والأشخاص ذوي الاحتياجات الخاصة","مجموعة برامج متعددة تقدم في مراكز متخصصة وتشمل الأندية بهدف تقديم خدمات متعددة لكبار السن (ذكور ، إناث ) من خلال الاستضافة المؤقتة لتقديم برامج الرعاية الاجتماعية الشاملة ومنها برامج التاهيل الخاصة بكبار السن من خلال التمارين الرياضية والأنشطة الترويحية والترفيهية والبرامج الاجتماعية المتنوعة لفترة زمنية محددة خلال اليوم الواحد بما يتناسب مع الخصائص العمرية لهذه المرحلة، تعود ملكيتها لجهة طبيعية أو اعتبارية أهلية أو قطاع غير ربحي."
"K","أنشطة صحة الانسان والعمل الاجتماعي","88","أنشطة العمل الاجتماعي، دون إقامة","881","أنشطة العمل الاجتماعي، دون إقامة، لكبار السن وذوي الإعاقة","8810","أنشطة العمل الاجتماعي، دون إقامة، لكبار السن وذوي الإعاقة","881012","مراكز كبار السن الأهلية غير الإيوائية","تقديم الرعاية لكبار السن (ذكور ، إناث ) من خلال الاستضافة بدون الإقامة ، وذلك بتقديم برامج الرعاية الاجتماعية الشاملة والأنشطة المتنوعة التي تساهم في تلبية احتياجات المستفيدين المختلفة بما يتناسب مع الخصائص العمرية لهذه المرحلة مع القليل من الرعاية التمريضية."
"K","أنشطة صحة الانسان والعمل الاجتماعي","88","أنشطة العمل الاجتماعي، دون إقامة","881","أنشطة العمل الاجتماعي، دون إقامة، لكبار السن وذوي الإعاقة","8810","أنشطة العمل الاجتماعي، دون إقامة، لكبار السن وذوي الإعاقة","881015","مركز الخدمات المساندة للتربية الخاصة","مركز متكامل تجتمع فيه التخصصات التربوية والتأهيلية في منظومة متناسقة، يقدم المركز خدمة المسح في المدارس والروضات الحكومية والأهلية والعالمية وخدمة التشخيص والتقييم من قبل فريق متعدد التخصصات داخل المركز، بالإضافة إلى توفير خطط العلاج الفردية وتقديم الخدمة الملائمة للطالب وفق احتياجاته بهدف إعادة الطالب إلى بيئته الطبيعية في المدرسة أو المنزل كفرد متفاعل ومستقل."
"K","أنشطة صحة الانسان والعمل الاجتماعي","88","أنشطة العمل الاجتماعي، دون إقامة","889","أنشطة العمل الاجتماعي الأخرى بدون الاقامة","8890","أنشطة العمل الاجتماعي الأخرى بدون الاقامة","889010","أنشطة هيئات الإغاثة. ( ضحايا الكوارث، مساعدة اللاجئين والإيواء المؤقت)","هي المنظمات التي تقدم أماكن إيواء مؤقتة لمن لا يملكون منازل وتدخل في ذلك المساعدة المقدمة إلى عابري السبيل أو الوافدين مؤقتا ممن انقطعت بهم السبل والإسكان المؤقت ,كذلك تقدم الغذاء والكساء والمأوى وخدمات اللاجئين والنازحين ."
"K","أنشطة صحة الانسان والعمل الاجتماعي","88","أنشطة العمل الاجتماعي، دون إقامة","889","أنشطة العمل الاجتماعي الأخرى بدون الاقامة","8890","أنشطة العمل الاجتماعي الأخرى بدون الاقامة","889020","مراكز ضيافة الأطفال الأهلية","مخصص لرعاية الأطفال للفئة العمرية التي تبدأ من حديثي الولادة وحتى عمر عشر سنوات للمركز المستقل ، ومن حديثي الولادة وحتى عمر ست سنوات للمركز في مقرات العمل ، ويقدم المركز أنشطة تربوية وترفيهية هادفة لمدة زمنية معينة خلال اليوم ، ومن ضمن الخدمات التي يقدمها مركز ضيافة الاطفال الاهلي بمكة المكرمة والمدينة المنورة خدمة استقبال اطفال ضيوف الرحمن للفئة العمرية من حديثي الولادة وحتى عمر عشر سنوات والتي تعمل على مدار (24) ساعة"
"K","أنشطة صحة الانسان والعمل الاجتماعي","88","أنشطة العمل الاجتماعي، دون إقامة","889","أنشطة العمل الاجتماعي الأخرى بدون الاقامة","8890","أنشطة العمل الاجتماعي الأخرى بدون الاقامة","889021","ضيافة الأطفال في مقر العمل خلال فترة زمنية محددة","مراكز ضيافة الأطفال تبدأ من حديثي الولادة وحتى ست سنوات  خلال الفترة الزمنية لمقر العمل في المجمعات التجارية . والأسواق . والمستشفيات . والأبراج السكنية . ومراكز الأعمال ومنشأت  الحكومية . وما في حكمها ."
"K","أنشطة صحة الانسان والعمل الاجتماعي","88","أنشطة العمل الاجتماعي، دون إقامة","889","أنشطة العمل الاجتماعي الأخرى بدون الاقامة","8890","أنشطة العمل الاجتماعي الأخرى بدون الاقامة","889022","ضيافة الأطفال المنزلية اليومية خلال فترة زمنية محددة","هو مكان داخل المنزل يكون مخصصا لتقديم خدمة الضيافة المنزلية للفئة العمرية من الولادة وحتي عمر ست سنوات غرفتين كحد أدني لضيافة الأطفال بترخيص وإشراف وزارة العمل والتنمية الاجتماعية ويقدم مقر الضيافة المنزلية الرعاية لهؤلاء الأطفال "
"K","أنشطة صحة الانسان والعمل الاجتماعي","88","أنشطة العمل الاجتماعي، دون إقامة","889","أنشطة العمل الاجتماعي الأخرى بدون الاقامة","8890","أنشطة العمل الاجتماعي الأخرى بدون الاقامة","889030","مؤسسات الرفاه الاجتماعي (تحديد وتوزيع المساعدات الاجتماعية، الرعاية النهارية لذوي الاحتياجات الخاصة تبني الأطفال، الاستشارات للأسر والأفراد)","مراكز مخصصة لرعاية الأشخاص ذوي الاعاقة وتقديم أنشطة تدريبية وتأهيلية لمدة زمنية معينة خلال اليوم وتعود ملكيته لإحدى المواطنات او الجهات الاعتبارية من الجمعيات والمؤسسات الخيرية أو التعاونية أو لجان التنمية الاجتماعية الأهلية"
"K","أنشطة صحة الانسان والعمل الاجتماعي","88","أنشطة العمل الاجتماعي، دون إقامة","889","أنشطة العمل الاجتماعي الأخرى بدون الاقامة","8890","أنشطة العمل الاجتماعي الأخرى بدون الاقامة","889040","الأنشطة الخيرية ، يشمل: جمع التبرعات أو أنشطة الدعم الأخرى التي تدخل في نطاق العمل الاجتماعي","المنظمات التي تقدم مساعدات نقدية وغيرها من صور الخدمات المباشرة إلى الأشخاص غير القادرين على امتلاك سبل العيش."
"K","أنشطة صحة الانسان والعمل الاجتماعي","88","أنشطة العمل الاجتماعي، دون إقامة","889","أنشطة العمل الاجتماعي الأخرى بدون الاقامة","8890","أنشطة العمل الاجتماعي الأخرى بدون الاقامة","889051","مراكز الإرشاد الأسري الأهلية","يهدف المركز إلى تقديم خدمة إرشادية متخصصة تسهم في استقرار الأسرة وترابط المجتمع بجميع فئاته العمرية ورعايتها اجتماعيا ونفسيا وتربويا ."
"H","الفنون والترفيه والتسلية","90","الأنشطة الإبداعية والفنون وأنشطة الترفيه","900","الأنشطةُ الإبداعية والفنون وأنشطة الترفيه","9000","الأنشطةُ الإبداعية والفنون وأنشطة الترفيه","900011","إدارة وتطوير المواهب الفنية والترفيهية",
"H","الفنون والترفيه والتسلية","90","الأنشطة الإبداعية والفنون وأنشطة الترفيه","900","الأنشطةُ الإبداعية والفنون وأنشطة الترفيه","9000","الأنشطةُ الإبداعية والفنون وأنشطة الترفيه","900012","فنانين الاوركسترا والفرق الموسيقية","عزف مجموعة من الموسيقيين الأوركسترا: عزف مجموعة من العازفين على جميع الآلات الموسيقية (الآلات نفخ وترية و إيقاعية و الكترونية او ذات المفاتيح أو أصوات البشرية) الفرقة الموسيقية: عزف مجموعة من العازفين على بعض الآلات الموسيقية"
"H","الفنون والترفيه والتسلية","90","الأنشطة الإبداعية والفنون وأنشطة الترفيه","900","الأنشطةُ الإبداعية والفنون وأنشطة الترفيه","9000","الأنشطةُ الإبداعية والفنون وأنشطة الترفيه","900013","أنشطة الفنانين الثقافيين","الفنانين الفردية، يشمل جميع الفنانين بالقطاعات الثقافية. وهم (المخرجيين، المنتجين، الكتاب، المحاضرين، معدي المسارح والمهرجانات والفعاليات الثقافية، المصممين، الممثلين، عارضي الازياء، الموسيقيين .... الخ)"
"H","الفنون والترفيه والتسلية","90","الأنشطة الإبداعية والفنون وأنشطة الترفيه","900","الأنشطةُ الإبداعية والفنون وأنشطة الترفيه","9000","الأنشطةُ الإبداعية والفنون وأنشطة الترفيه","900014","نشاط الإنتاج في قطاع المسرح والفنون الأدائية","نشاط الإنتاج لشركات الإنتاج في قطاعات المسرح والفنون الأدائية التي تنتج أو ستؤدي أدوارا في الفعاليات أو العروض بشكل مستمر أو مؤقت في مسرح متاح للجمهور، (المسرحيات، عروض السيرك، الأوبرا، الرقص بجميع أنواعه، عروض الكوميديا الارتجالية، عروض الشارع والعروض التجريبية)"
"H","الفنون والترفيه والتسلية","90","الأنشطة الإبداعية والفنون وأنشطة الترفيه","900","الأنشطةُ الإبداعية والفنون وأنشطة الترفيه","9000","الأنشطةُ الإبداعية والفنون وأنشطة الترفيه","900031","أنشطة الفنون البصرية","أنشطة الفنون البصرية والتي تشمل: الرسم، والفن التشكيلي، وفن الخط، والنحت، والأعمال التركيبية، والفنون الرقمية والفيديو ، وفن الوسائط المتعددة"
"H","الفنون والترفيه والتسلية","90","الأنشطة الإبداعية والفنون وأنشطة الترفيه","900","الأنشطةُ الإبداعية والفنون وأنشطة الترفيه","9000","الأنشطةُ الإبداعية والفنون وأنشطة الترفيه","900040","أنشطة المسرح والفنون الأدائية","تشمل أنشطة المسرح والفنون الأدائية في القطاعات الفرعية للمسرح والفنون الأدائية بجميع أنواعها: المسرحيات، عروض السيرك، الأوبرا، الرقص بجميع أنواعه، عروض الكوميديا الارتجالية، عروض الشارع والعروض التجريبية، (مثال: تشغيل المواقع المتخصصة لقطاع المسرح والفنون الأدائية)"
"H","الفنون والترفيه والتسلية","90","الأنشطة الإبداعية والفنون وأنشطة الترفيه","900","الأنشطةُ الإبداعية والفنون وأنشطة الترفيه","9000","الأنشطةُ الإبداعية والفنون وأنشطة الترفيه","900050","أنشطة الصحفيين والمحررين المستقلين",
"H","الفنون والترفيه والتسلية","91","أنشطة المكتبات والمحفوظات والمتاحف والأنشطة الثقافية الأخرى","910","أنشطة المكتبات ودور المحفوظات، والمتاحف والأنشطة الثقافية الأخرى","9101","أنشطة المكتبات والمحفوظات","910100","أنشطة المكتبات والمحفوظات","أنشطة التوثيق والمعلومات التي تقوم بها المكتبات بجميع أنواعها, وتحوي مصادر المعرفة التي تكون متاحةً للمجتمع من أجل البحث والاطلاع والاستعارة"
"H","الفنون والترفيه والتسلية","91","أنشطة المكتبات والمحفوظات والمتاحف والأنشطة الثقافية الأخرى","910","أنشطة المكتبات ودور المحفوظات، والمتاحف والأنشطة الثقافية الأخرى","9102","أنشطة المتاحف وتشغيل المواقع والمباني التاريخية","910201","المتاحف","المتحف هو المكان الذي تعرض فيه مواد أثرية، أو فنية، أو تاريخية، أو علمية بشكل دائم، ويحقق عرضها أهدافاً ثقافية، أو تربوية، أو ترفيهية"
"H","الفنون والترفيه والتسلية","91","أنشطة المكتبات والمحفوظات والمتاحف والأنشطة الثقافية الأخرى","910","أنشطة المكتبات ودور المحفوظات، والمتاحف والأنشطة الثقافية الأخرى","9103","أنشطة حدائق النباتات وحدائق الحيوان والمحميات الطبيعية","910302","حدائق الحيوان",
"H","الفنون والترفيه والتسلية","91","أنشطة المكتبات والمحفوظات والمتاحف والأنشطة الثقافية الأخرى","910","أنشطة المكتبات ودور المحفوظات، والمتاحف والأنشطة الثقافية الأخرى","9103","أنشطة حدائق النباتات وحدائق الحيوان والمحميات الطبيعية","910303","المحميات الطبيعية","تشغيل وإدارة المناطق المحمية"
"H","الفنون والترفيه والتسلية","93","الأنشطة الرياضية وأنشطة التسلية والترفيه","931","الأنشطة الرياضية","9312","أنشطة النوادي الرياضية","931211","الأندية الرياضية",
"H","الفنون والترفيه والتسلية","93","الأنشطة الرياضية وأنشطة التسلية والترفيه","931","الأنشطة الرياضية","9312","أنشطة النوادي الرياضية","931212","صالات البولنغ",
"H","الفنون والترفيه والتسلية","93","الأنشطة الرياضية وأنشطة التسلية والترفيه","931","الأنشطة الرياضية","9312","أنشطة النوادي الرياضية","931213","ميادين الجولف",
"H","الفنون والترفيه والتسلية","93","الأنشطة الرياضية وأنشطة التسلية والترفيه","931","الأنشطة الرياضية","9312","أنشطة النوادي الرياضية","931216","أندية الرماية",
"H","الفنون والترفيه والتسلية","93","الأنشطة الرياضية وأنشطة التسلية والترفيه","931","الأنشطة الرياضية","9312","أنشطة النوادي الرياضية","931217","الأندية البحرية",
"H","الفنون والترفيه والتسلية","93","الأنشطة الرياضية وأنشطة التسلية والترفيه","931","الأنشطة الرياضية","9312","أنشطة النوادي الرياضية","931221","الصالات والمراكز الرياضية الرجالية","منشآت ( مغلقة / مكشوفة ) تتيح لمرتاديها ( رجال ) ممارسة الأنشطة الرياضية المختلفة"
"H","الفنون والترفيه والتسلية","93","الأنشطة الرياضية وأنشطة التسلية والترفيه","931","الأنشطة الرياضية","9312","أنشطة النوادي الرياضية","931222","الصالات والمراكز الرياضية النسائية","منشآت ( مغلقة / مكشوفة ) تتيح لمرتاديها ( نساء) ممارسة الأنشطة الرياضية المختلفة"
"H","الفنون والترفيه والتسلية","93","الأنشطة الرياضية وأنشطة التسلية والترفيه","931","الأنشطة الرياضية","9312","أنشطة النوادي الرياضية","931231","أندية الطيران","مزاولة نشاط خاص لهواة الطيران وتعليم الطيران الترفيهي، كالطيران الشراعي والمظلي وطائرات التحكم عن بعد وما إلى ذلك."
"H","الفنون والترفيه والتسلية","93","الأنشطة الرياضية وأنشطة التسلية والترفيه","931","الأنشطة الرياضية","9312","أنشطة النوادي الرياضية","931233","رياضة السهام","الرماية باستخدام القوس والاسهم على الاهداف تقدم من قبل اندية ومراكز رياضية و مراكز ترفيهي"
"H","الفنون والترفيه والتسلية","93","الأنشطة الرياضية وأنشطة التسلية والترفيه","931","الأنشطة الرياضية","9312","أنشطة النوادي الرياضية","931234","مراكز الغوص","تقديم خدمات الغوص ومنها تنظيم رحلات الغوص الشاطئية أو الغوص باستخدام القوارب واصدار تصاريح الغوص"
"H","الفنون والترفيه والتسلية","93","الأنشطة الرياضية وأنشطة التسلية والترفيه","931","الأنشطة الرياضية","9319","الأنشطة الرياضية الأخرى","931902","الأفراد والعاملين لحسابهم في المجالات الرياضية ، يشمل ( اللاعبين والرياضيين والمحكمين الرياضيين ... الخ )",
"H","الفنون والترفيه والتسلية","93","الأنشطة الرياضية وأنشطة التسلية والترفيه","931","الأنشطة الرياضية","9319","الأنشطة الرياضية الأخرى","931903","الاتحادات الرياضية والهيئات التنظيمية",
"H","الفنون والترفيه والتسلية","93","الأنشطة الرياضية وأنشطة التسلية والترفيه","931","الأنشطة الرياضية","9319","الأنشطة الرياضية الأخرى","931907","ميادين الفروسية وتشمل اسطبلات ومرابط الخيول","منشآت رياضية مخصصة لممارسة أنشطة الفروسية مثل قفز الحواجز أو السباقات"
"H","الفنون والترفيه والتسلية","93","الأنشطة الرياضية وأنشطة التسلية والترفيه","931","الأنشطة الرياضية","9319","الأنشطة الرياضية الأخرى","931908","مؤسسات أعضاء الأندية الرياضية","تنمية القطاع الرياضي وتمكين المؤسسة من ممارسة مهامها وزيادة عدد الاعضاء"
"H","الفنون والترفيه والتسلية","93","الأنشطة الرياضية وأنشطة التسلية والترفيه","932","أنشطة التسلية والترفيه الأخرى","9321","أنشطة مدن التسلية ومدن الألعاب","932101","مدن ترفيهية","أماكن ترفيهية قائمة بذاتها تحتوي على مناطق متنوعة ومساحات تنزه مفتوحة وألعاب ترفيهية بمختلف الأنواع الميكانيكية، أو المائية، أو الإلكترونية، أو الكهربائية، أو التقنية، أو الحركية، وتشمل المدن التي تقوم على سمة متخصصة (مثل الشخصيات الكارتونية أو الافلام أو الحيوانات)"
"H","الفنون والترفيه والتسلية","93","الأنشطة الرياضية وأنشطة التسلية والترفيه","932","أنشطة التسلية والترفيه الأخرى","9321","أنشطة مدن التسلية ومدن الألعاب","932103","مراكز الترفيه",
"H","الفنون والترفيه والتسلية","93","الأنشطة الرياضية وأنشطة التسلية والترفيه","932","أنشطة التسلية والترفيه الأخرى","9329","أنشطة التسلية والترفيه الأخرى غير المصنفة في موضع آخر","932912","تشغيل وسائل النقل المعدة للتنزه (كنوادي اليخوت)",
"H","الفنون والترفيه والتسلية","93","الأنشطة الرياضية وأنشطة التسلية والترفيه","932","أنشطة التسلية والترفيه الأخرى","9329","أنشطة التسلية والترفيه الأخرى غير المصنفة في موضع آخر","932914","تأجير المعدات الخاصة بالراحة والبهجة المكملة لتسهيلات الاستجمام",
"H","الفنون والترفيه والتسلية","93","الأنشطة الرياضية وأنشطة التسلية والترفيه","932","أنشطة التسلية والترفيه الأخرى","9329","أنشطة التسلية والترفيه الأخرى غير المصنفة في موضع آخر","932918","تنظيم الفعاليات الترفيهية",
"H","الفنون والترفيه والتسلية","93","الأنشطة الرياضية وأنشطة التسلية والترفيه","932","أنشطة التسلية والترفيه الأخرى","9329","أنشطة التسلية والترفيه الأخرى غير المصنفة في موضع آخر","932921","القفز المظلي","مزاولة نشاط القفز المظلي في المناطق المخصصة لها."
"H","الفنون والترفيه والتسلية","93","الأنشطة الرياضية وأنشطة التسلية والترفيه","932","أنشطة التسلية والترفيه الأخرى","9329","أنشطة التسلية والترفيه الأخرى غير المصنفة في موضع آخر","932922","تشغيل الانشطة البحرية السياحية","تنظيم وتشغيل الأنشطة البحرية السياحية ، مثل: مشغلي الشواطئ الساحلية السياحية ، رحلات القوارب، الصيد الترفيهي ، التجديف، التزلج على الماء، تأجير الوسائل البحرية السياحية مع مشغل ، ولا تشمل مايلي : تأجير الوسائل البحرية بدون مشغل ، مراكزالغوص ، تأجيراليخوت"
"H","الفنون والترفيه والتسلية","93","الأنشطة الرياضية وأنشطة التسلية والترفيه","932","أنشطة التسلية والترفيه الأخرى","9329","أنشطة التسلية والترفيه الأخرى غير المصنفة في موضع آخر","932931","أنشطة تفتيش الفعاليات والمرافق الترفيهية",
"H","الفنون والترفيه والتسلية","93","الأنشطة الرياضية وأنشطة التسلية والترفيه","932","أنشطة التسلية والترفيه الأخرى","9329","أنشطة التسلية والترفيه الأخرى غير المصنفة في موضع آخر","932933","تشغيل مرافق الفعاليات الترفيهية",
"L","أنشطة الخدمات الأخرى","94","أنشطة المنظمات ذات العضوية","941","أنشطة المنظمات ذات العضوية لرجال الأعمال وأصحاب العمل والنقابات المهنية","9411","أنشطة المنظمات ذات العضوية لرجال الأعمال وأصحاب العمل","941111","الغرف التجارية","كيان غير ربحي، يستهدف تنمية شتى الأنشطة التجارية على مستوى القطاعات التجارية، وتمثيلها لدى الوزارات والمؤسسات العامة، والعمل على حمايتها وتطويرها، في نطاق اختصاص مكاني محدد."
"L","أنشطة الخدمات الأخرى","94","أنشطة المنظمات ذات العضوية","941","أنشطة المنظمات ذات العضوية لرجال الأعمال وأصحاب العمل والنقابات المهنية","9412","أنشطة المنظمات المهنية ذات العضوية","941212","جمعية ملاك العقارات المشتركة","كيان يؤسسه الملاك أو من يمثلهم في عقار مشترك لغرض إدارة جميع شؤون ذلك العقار , وفقاً لإحكام النظام والنظام الأساسي ."
"L","أنشطة الخدمات الأخرى","94","أنشطة المنظمات ذات العضوية","941","أنشطة المنظمات ذات العضوية لرجال الأعمال وأصحاب العمل والنقابات المهنية","9412","أنشطة المنظمات المهنية ذات العضوية","941213","الجمعيات العلمية","1. تنمية الجانب العلمي والمعرفي والبحثي والفكري في مجال التخصص والعمل على تطويره وتنشيطه. 2. تحقيق التواصل العلمي بين أعضاء الجمعية العلمية. 3. تقديم المشورة العلمية في مجال التخصص. 4. تطوير الأداء العلمي والمهني لأعضاء الجمعية العلمية. 5. تيسير تبادل الإنتاج العلمي والمعرفي والبحثي، والأفكار العلمية في مجال اهتمامات الجمعية العلمية."
"L","أنشطة الخدمات الأخرى","94","أنشطة المنظمات ذات العضوية","949","أنشطة المنظمات الأخرى ذات العضوية","9491","أنشطة المنظمات الدينية","949113","مجلس تنسيقي لشركات ومؤسسات حجاج الداخل","مهام المجلس التنسيقي: 1-إجراء التنسيق اللازم مع الوزارة والجهات الرسمية وغير الرسمية ذات العلاقة وبين الشركات والمؤسسات في كل ما يسهم في رفع مستوى الخدمة المقدمة للحجاج وتيسير أداء نسكهم. 2- تمثيل الشركات والمؤسسات لدى الجهات الحكومية وغيرها فيما يدخل في اختصاصات المجلس باستثناء الجهات القضائية في جميع ما يتعلق بخدمة حجاج الداخل. 3- تمثيل الشركات في المؤتمرات والندوات ووسائل الإعلام. 4- تحقيق الترابط والتكامل بين الشركات والمؤسسات وتقوية التنافس فيما بينها. 5- الاستعانة بالجهات المختصة وبيوت الخبرة لإعداد البحوث والدراسات اللازمة لتطوير العمل المهني بالشركات والمؤسسات وكذلك تطوير الخدمات وأساليب تقديمها، وإبداء النصح والمشورة لها لرفع مستوى الأداء. 6- اقتراح السياسات والبرامج التي تحقق أهداف وغايات المجلس. 7- إصدار اللوائح والهياكل الإدارية للجهاز الإداري للمجلس بالتنسيق مع الوزارة. 8- تطوير وتنمية موارد المجلس بعد إجراء دراسات الجدوى اللازمة لذلك بالتنسيق مع الوزارة. 9- توثيق المعلومات والبيانات الخاصة بأنشطة المجلس وأعمال الحج وكذلك البيانات الخاصة بالشركات والمؤسسات. 10- تنظيم دورات التدريب والتثقيف للعاملين في قطاع خدمة حجاج الداخل بالتنسيق مع جهات الاختصاص. 11- إنشاء نظام آلي متطور للاتصال بكافة الشركات والمؤسسات يكفل سرعة تمرير المعلومات وربط ذلك بمركز خدمات الحج والعمرة بالوزارة. 12- المشاركة في فض النزاعات التي قد تنشأ فيما بين الشركات والمؤسسات أو فيما بين الشركاء بالشركة الواحدة، وبما لا يتعارض مع ما هو مناط بالجهات ذات الاختصاص. 13- مناقشة الخطة التشغيلية والميزانية التقديرية للمجلس والتي يتم تكليف الأمانة العامة بإعدادها. 14- القيام بكافة ما يسند له من مهام إضافية من الوزارة ضمن المهام الأساسية للمجلس. 15- اقتراح الحلول للمشاكل والمعوقات التي قد تواجه قطاع خدمة حجاج الداخل"
"L","أنشطة الخدمات الأخرى","94","أنشطة المنظمات ذات العضوية","949","أنشطة المنظمات الأخرى ذات العضوية","9491","أنشطة المنظمات الدينية","949114","إدارة الوقف","يشمل المنشآت التي تعمل في مجال إدارة الأوقاف بانواعها التي يوثفها أصحاب المنشأة انفسهم او سواهم، ويشمل ذلك تنظيم تلك الأوقاف ومتابعة شؤونها وتنظيم الانفاق من ريعها في مجالات صرف متنوعة بحسب شروط الواقف"
"L","أنشطة الخدمات الأخرى","94","أنشطة المنظمات ذات العضوية","949","أنشطة المنظمات الأخرى ذات العضوية","9499","أنشطة المنظمات الأخرى ذات العضوية غير المصنفة في موضع آخر","949911","جمعيات المستهلكين","هي حماية حقوق المستهلك وتحسين مراقبة الإنتاج ونوعيته"
"L","أنشطة الخدمات الأخرى","94","أنشطة المنظمات ذات العضوية","949","أنشطة المنظمات الأخرى ذات العضوية","9499","أنشطة المنظمات الأخرى ذات العضوية غير المصنفة في موضع آخر","949912","جمعيات الفنون","إنتاج الفنون بكافة أشكالها من متاحف وآثار ومسارح وفرق شعبية وفنون التصويري ومعمارية بما في ذلك النحت و التصوير والرسم الزيتي والعادي ومراكز التصميم و العمارة"
"L","أنشطة الخدمات الأخرى","94","أنشطة المنظمات ذات العضوية","949","أنشطة المنظمات الأخرى ذات العضوية","9499","أنشطة المنظمات الأخرى ذات العضوية غير المصنفة في موضع آخر","949913","الجمعيات الثقافية والاجتماعية",
"L","أنشطة الخدمات الأخرى","94","أنشطة المنظمات ذات العضوية","949","أنشطة المنظمات الأخرى ذات العضوية","9499","أنشطة المنظمات الأخرى ذات العضوية غير المصنفة في موضع آخر","949916","جمعيات المرأة","هي المنظمات التي يعنى بشؤون المرأة"
"L","أنشطة الخدمات الأخرى","94","أنشطة المنظمات ذات العضوية","949","أنشطة المنظمات الأخرى ذات العضوية","9499","أنشطة المنظمات الأخرى ذات العضوية غير المصنفة في موضع آخر","949917","جمعيات حقوق الإنسان","المنظمات الي تدعو إلى التوعية وحماية حقوق واهتمامات فئات معيَّنة مثل المعاقين وكبار السن والأطفال والنساء"
"L","أنشطة الخدمات الأخرى","95","إصلاح أجهزة الحاسوب والسلع الشخصية والمنزلية","951","إصلاح أجهزة الحاسوب ومعدات الإتصالات","9511","إصلاح أجهزة الحاسوب والمعدات الطرفية للحاسوب","951110","إصلاح وصيانة الحواسيب الشخصية والمحمولة ( بجميع أنواعها )",
"L","أنشطة الخدمات الأخرى","95","إصلاح أجهزة الحاسوب والسلع الشخصية والمنزلية","951","إصلاح أجهزة الحاسوب ومعدات الإتصالات","9511","إصلاح أجهزة الحاسوب والمعدات الطرفية للحاسوب","951120","إصلاح وصيانة الطابعات والماسحات الضوئية",
"L","أنشطة الخدمات الأخرى","95","إصلاح أجهزة الحاسوب والسلع الشخصية والمنزلية","951","إصلاح أجهزة الحاسوب ومعدات الإتصالات","9511","إصلاح أجهزة الحاسوب والمعدات الطرفية للحاسوب","951130","إصلاح وصيانة الشاشات، لوحة المفاتيح، الفأره، وغيرها من ملحقات مشابهة",
"L","أنشطة الخدمات الأخرى","95","إصلاح أجهزة الحاسوب والسلع الشخصية والمنزلية","951","إصلاح أجهزة الحاسوب ومعدات الإتصالات","9511","إصلاح أجهزة الحاسوب والمعدات الطرفية للحاسوب","951140","إصلاح وصيانة المحركات والأنظمة وأجهزة تخزين المعلومات الثابتة والمحمولة",
"L","أنشطة الخدمات الأخرى","95","إصلاح أجهزة الحاسوب والسلع الشخصية والمنزلية","951","إصلاح أجهزة الحاسوب ومعدات الإتصالات","9512","إصلاح معدات الاتصالات","951210","إصلاح وصيانة أجهزة الهواتف اللاسلكية",
"L","أنشطة الخدمات الأخرى","95","إصلاح أجهزة الحاسوب والسلع الشخصية والمنزلية","951","إصلاح أجهزة الحاسوب ومعدات الإتصالات","9512","إصلاح معدات الاتصالات","951220","إصلاح وصيانة أجهزة الهواتف المحمولة (الجوال)",
"L","أنشطة الخدمات الأخرى","95","إصلاح أجهزة الحاسوب والسلع الشخصية والمنزلية","951","إصلاح أجهزة الحاسوب ومعدات الإتصالات","9512","إصلاح معدات الاتصالات","951230","إصلاح وصيانة أجهزة الهاتف الثابت وأجهزة الفاكس",
"L","أنشطة الخدمات الأخرى","95","إصلاح أجهزة الحاسوب والسلع الشخصية والمنزلية","951","إصلاح أجهزة الحاسوب ومعدات الإتصالات","9512","إصلاح معدات الاتصالات","951241","إصلاح وصيانة أجهزة الاتصالات العسكرية","تشمل الأنظمة والأجهزة الإلكترونية المصممة خصيصًا لغرض الاتصال العسكري"
"L","أنشطة الخدمات الأخرى","95","إصلاح أجهزة الحاسوب والسلع الشخصية والمنزلية","952","إصلاح السلع الشخصية والمنزلية","9521","إصلاح الأجهزة الإلكترونية الاستهلاكية","952100","إصلاح الأجهزة الإلكترونية الاستهلاكية",
"L","أنشطة الخدمات الأخرى","95","إصلاح أجهزة الحاسوب والسلع الشخصية والمنزلية","952","إصلاح السلع الشخصية والمنزلية","9522","إصلاح الأجهزة المنزلية والمعدات المنزلية ومعدات الحدائق","952200","إصلاح الأجهزة المنزلية والمعدات المنزلية ومعدات الحدائق",
"L","أنشطة الخدمات الأخرى","95","إصلاح أجهزة الحاسوب والسلع الشخصية والمنزلية","952","إصلاح السلع الشخصية والمنزلية","9523","إصلاح الأحذية والمنتجات الجلدية","952310","إصلاح وصيانة الأحذية وتركيب الكعوب",
"L","أنشطة الخدمات الأخرى","95","إصلاح أجهزة الحاسوب والسلع الشخصية والمنزلية","952","إصلاح السلع الشخصية والمنزلية","9523","إصلاح الأحذية والمنتجات الجلدية","952320","إصلاح وصيانة المنتجات الجلدية كالأمتعة والحقائب",
"L","أنشطة الخدمات الأخرى","95","إصلاح أجهزة الحاسوب والسلع الشخصية والمنزلية","952","إصلاح السلع الشخصية والمنزلية","9524","إصلاح الأثاث والمفروشات المنزلية","952410","إصلاح وترميم وتركيب المفروشات المنزلية بما فيها الأثاث المكتبي",
"L","أنشطة الخدمات الأخرى","95","إصلاح أجهزة الحاسوب والسلع الشخصية والمنزلية","952","إصلاح السلع الشخصية والمنزلية","9529","إصلاح السلع الشخصية والمنزلية الآخرى","952910","إصلاح الدراجات الهوائية",
"L","أنشطة الخدمات الأخرى","95","إصلاح أجهزة الحاسوب والسلع الشخصية والمنزلية","952","إصلاح السلع الشخصية والمنزلية","9529","إصلاح السلع الشخصية والمنزلية الآخرى","952920","إصلاح وتعديل المجوهرات","الورش أو المحلات التي تقوم بإصلاح وتعديل المجوهرات"
"L","أنشطة الخدمات الأخرى","95","إصلاح أجهزة الحاسوب والسلع الشخصية والمنزلية","952","إصلاح السلع الشخصية والمنزلية","9529","إصلاح السلع الشخصية والمنزلية الآخرى","952930","إصلاح وتعديل الساعات وأجزاءها",
"L","أنشطة الخدمات الأخرى","95","إصلاح أجهزة الحاسوب والسلع الشخصية والمنزلية","952","إصلاح السلع الشخصية والمنزلية","9529","إصلاح السلع الشخصية والمنزلية الآخرى","952940","إصلاح الأجهزة الرياضية",
"L","أنشطة الخدمات الأخرى","95","إصلاح أجهزة الحاسوب والسلع الشخصية والمنزلية","952","إصلاح السلع الشخصية والمنزلية","9529","إصلاح السلع الشخصية والمنزلية الآخرى","952950","إصلاح الأجهزة الموسيقية",
"L","أنشطة الخدمات الأخرى","96","أنشطة الخدمات الشخصية الأخرى","960","أنشطةُ الخدمات الشخصية الأخرى","9601","غسيل المنسوجات ومنتجات الفراء وتنظيفها (الجاف)","960110","غسل وكي والتنظيف الجاف لشتى أنواع الملابس بما فيها الفراء والمنسوجات وتشمل جمع وتوزيع الغسيل",
"L","أنشطة الخدمات الأخرى","96","أنشطة الخدمات الشخصية الأخرى","960","أنشطةُ الخدمات الشخصية الأخرى","9601","غسيل المنسوجات ومنتجات الفراء وتنظيفها (الجاف)","960120","غسل الموكيت والسجاد والستائر وغيرها، سواء غسلت في مكان الزبون أو في مكان آخر",
"L","أنشطة الخدمات الأخرى","96","أنشطة الخدمات الشخصية الأخرى","960","أنشطةُ الخدمات الشخصية الأخرى","9601","غسيل المنسوجات ومنتجات الفراء وتنظيفها (الجاف)","960130","توفير البياضات، بدلات العمال، وغيرها من أمور ذات الصلة التي توفرها المغسلات",
"L","أنشطة الخدمات الأخرى","96","أنشطة الخدمات الشخصية الأخرى","960","أنشطةُ الخدمات الشخصية الأخرى","9602","تصفيف الشعر وأنواع التجميل الأخرى","960210","الصالونات النسائية",
"L","أنشطة الخدمات الأخرى","96","أنشطة الخدمات الشخصية الأخرى","960","أنشطةُ الخدمات الشخصية الأخرى","9602","تصفيف الشعر وأنواع التجميل الأخرى","960220","الصالونات الرجالية",
"L","أنشطة الخدمات الأخرى","96","أنشطة الخدمات الشخصية الأخرى","960","أنشطةُ الخدمات الشخصية الأخرى","9602","تصفيف الشعر وأنواع التجميل الأخرى","960230","صالونات الأطفال",
"L","أنشطة الخدمات الأخرى","96","أنشطة الخدمات الشخصية الأخرى","960","أنشطةُ الخدمات الشخصية الأخرى","9603","أنشطة الجنازات وما يتصل بها من أنشطة","960310","تجهيز المتوفى للدفن ، يشمل ( تغسيل وتكفين ونقل الموتى )",
"L","أنشطة الخدمات الأخرى","96","أنشطة الخدمات الشخصية الأخرى","960","أنشطةُ الخدمات الشخصية الأخرى","9609","أنشطة الخدمات الشخصية الأخرى غير المصنّفة في موضع آخر","960920","مراكز الاسترخاء والعناية الشخصية","هي الأماكن المخصصة للاسترخاء والعناية بالجسم سواءً للرجال أو النساء من خلال تلقي خدمة الحمامات الصحية كالحمام المغربي والشامي وما يماثلها، أو التدليك او المساج وغيرها من الخدمات الأخرى المسموح بممارستها ضمن هذا النشاط"
"L","أنشطة الخدمات الأخرى","96","أنشطة الخدمات الشخصية الأخرى","960","أنشطةُ الخدمات الشخصية الأخرى","9609","أنشطة الخدمات الشخصية الأخرى غير المصنّفة في موضع آخر","960931","العناية بالحيوانات","الحلاقة للحيوانات, تصفيف الشعر, قص الشعر, قص الاظفار, تنظيف الاذن, قص المنقار, غسيل الحيوانات, تنظيف العيون, تنظيف الجير من الاسنان"
"L","أنشطة الخدمات الأخرى","96","أنشطة الخدمات الشخصية الأخرى","960","أنشطةُ الخدمات الشخصية الأخرى","9609","أنشطة الخدمات الشخصية الأخرى غير المصنّفة في موضع آخر","960932","العناية بالخيل وتدريبها","إيواء الخيل العربية وتدريب الخيل للمسابقات الفروسية"
"L","أنشطة الخدمات الأخرى","96","أنشطة الخدمات الشخصية الأخرى","960","أنشطةُ الخدمات الشخصية الأخرى","9609","أنشطة الخدمات الشخصية الأخرى غير المصنّفة في موضع آخر","960933","عرض حيوانات أليفة","نشاط تجاري يعنى بتواجد او عرض حيوانات أليفة (قطط، كلاب، طيور زينة) لأغراض ترفيهية ولا يشمل بيع تلك الحيوانات او مستلزماتها. يُقام النشاط في محل مقهى لتقديم المشروبات والمأكولات بالإضافة إلى استضافة القطط الأليفة فكرة المقهى تتمثل في استضافة بعض القطط الأليفة بحيث يتم استضافة القطط وفق إجراءات احترازيه تتمثل في: - بقاء القطط في مكان مخصص مع توفر التغذية والتهوية الجيدة - بقاء القطط في الدور الثاني بعيداً عن أماكن إعداد القهوة والمشروبات الكاونتر والمطبخ ( في الدور الأول ) المقهى دورين - استخراج شهاده طبيه لكل قطه تثبت خلوها من الأمراض واستكمال التطعيمات اللازمة - وضع جدول للزيارات الدورية للطبيب -التأكيد على مرتادي المقهى ببقاء القطط في الدور الثاني فقط - توفير غرفه خاصه لاستراحة القطط وتنظيفها مع توفر كافة تجهيزات العناية من شامبو وفوط وغيره - العناية التامة بأماكن تنظيفها -توفير عامل أو عامله للعناية بالقطط -التأكيد على مرتادي المقهى بعدم إطعام القطط لأنه باستطاعة اي شخص اختيار القط لتكون بحوزته اثناء شرب الكوفي بناءً على ما سبق فإن النشاط يختلف عن نشاط حديقة الحيوانات. *ملاحظة: قد تختلف الأنشطة المصاحبة لنشاط عرض الحيوانات الاليفة."
"L","أنشطة الخدمات الأخرى","96","أنشطة الخدمات الشخصية الأخرى","960","أنشطةُ الخدمات الشخصية الأخرى","9609","أنشطة الخدمات الشخصية الأخرى غير المصنّفة في موضع آخر","960934","تدريب الحيوانات","النشاط يعنى بتدريب الحيوانات الأليفة وتدريب ملاك الحيوانات على الطرق المثلى لتربية الحيوان المنزلي لتجنب التخلص من الحيوانات لتصبح ضالة ومهملة ويتمثل التدريب في: 1-تدريب أصحاب الحيوانات على العناية المنزلية بالحيوان 2-معرفة العلامات الأولية للمرض والتواصل مع الطبيب البيطري 3-تدريب الحيوان على التعامل مع اصحاب الهمم. 4-تدريب الحيوان على الحراسة المنزلية. 5-تدريب الحيوان على التواجد داخل المنزل(مثلا التبرز في المكان المخصص له) 6-التدريب على التحكم في الحيوان. 7-التدريب على المشاركة في المنافسات. 8-التدريب للحيوان في كل مايخص التعامل مع صاحبه او ان يكون في المنزل بمفرده."
"L","أنشطة الخدمات الأخرى","96","أنشطة الخدمات الشخصية الأخرى","960","أنشطةُ الخدمات الشخصية الأخرى","9609","أنشطة الخدمات الشخصية الأخرى غير المصنّفة في موضع آخر","960935","عرض الكائنات الفطرية أو منتجاتها أو مشتقاتها","عرض الكائنات الفطرية الحيوانية والنباتية ومشتقاته للأغراض الترفيهية في المعارض وما شابهها وتقديم العروض الحية ، ولايشمل بيع تلك الكائنات أو مستلزماتها"
"L","أنشطة الخدمات الأخرى","96","أنشطة الخدمات الشخصية الأخرى","960","أنشطةُ الخدمات الشخصية الأخرى","9609","أنشطة الخدمات الشخصية الأخرى غير المصنّفة في موضع آخر","960950","العمل بالأجهزة التي تعمل بالعملة والتي توفر خدمات شخصية ، يشمل ( أجهزة التصوير الفوتوغرافي، أجهزة قياس الوزن، الخزائن التي تفتح بالعملة وغيرها )",
"L","أنشطة الخدمات الأخرى","96","أنشطة الخدمات الشخصية الأخرى","960","أنشطةُ الخدمات الشخصية الأخرى","9609","أنشطة الخدمات الشخصية الأخرى غير المصنّفة في موضع آخر","960961","خدمة إيقاف المركبات","القيام باستلام المركبات من أصحابها ومن ثم صفها في مواقف ولمدة زمنية محددة ومن ثم إرجاعها لأصحابها بمقابل رسوم مالية"
"L","أنشطة الخدمات الأخرى","96","أنشطة الخدمات الشخصية الأخرى","960","أنشطةُ الخدمات الشخصية الأخرى","9609","أنشطة الخدمات الشخصية الأخرى غير المصنّفة في موضع آخر","960962","تنظيم حفلات الزواج والمناسبات الخاصة","تنسيق وتنظيم ما يلزم للأعراس والحفلات والمناسبات من استئجار القاعات وقصور الافراح والمناسبات وتجهزيها بجميع لوازمها (ديكور وتصميم الكوش وتوفير المأكولات والمشروبات وكذلك توفير مقدمي الخدمة داخل القاعة من رجال ونساء وطباعة كروت ودعوات المناسبة وتجهيز الهدايا التذكارية للمناسبة) بالتنسيق مع الموردين وكذلك (الفنانين والفرق الموسيقية وصففي الشعر والمصورين وخبراء التجميل ومصممي الأزياء لفساتين الافراح والمناسبات من داخل المملكة وخارجها)"
